age,gender,state,category,annual_income,occupation,employment_status,education_level,family_size,land_holding,bpl_card,disability_status,scheme_name,scheme_category,eligible,citizen_id
68,Other,Tamil Nadu,SC,579903.42,Retired,Retired,Graduate,2,0.4,False,False,PM Kisan,Agriculture,False,1
68,Other,Tamil Nadu,SC,579903.42,Retired,Retired,Graduate,2,0.4,False,False,Post Matric Scholarship,Education,False,1
68,Other,Tamil Nadu,SC,579903.42,Retired,Retired,Graduate,2,0.4,False,False,Ayushman Bharat,Healthcare,False,1
68,Other,Tamil Nadu,SC,579903.42,Retired,Retired,Graduate,2,0.4,False,False,PM Awas Yojana,Housing,False,1
68,Other,Tamil Nadu,SC,579903.42,Retired,Retired,Graduate,2,0.4,False,False,Skill India,Employment,False,1
25,Male,Kerala,OBC,473119.27,Business,Self-Employed,Post Graduate,2,3.69,False,True,PM Kisan,Agriculture,False,2
25,Male,Kerala,OBC,473119.27,Business,Self-Employed,Post Graduate,2,3.69,False,True,Post Matric Scholarship,Education,False,2
25,Male,Kerala,OBC,473119.27,Business,Self-Employed,Post Graduate,2,3.69,False,True,Ayushman Bharat,Healthcare,False,2
25,Male,Kerala,OBC,473119.27,Business,Self-Employed,Post Graduate,2,3.69,False,True,PM Awas Yojana,Housing,False,2
25,Male,Kerala,OBC,473119.27,Business,Self-Employed,Post Graduate,2,3.69,False,True,Skill India,Employment,False,2
33,Female,Delhi,ST,0.0,Homemaker,Unemployed,Primary,8,1.77,False,False,PM Kisan,Agriculture,False,3
33,Female,Delhi,ST,0.0,Homemaker,Unemployed,Primary,8,1.77,False,False,Post Matric Scholarship,Education,False,3
33,Female,Delhi,ST,0.0,Homemaker,Unemployed,Primary,8,1.77,False,False,Ayushman Bharat,Healthcare,False,3
33,Female,Delhi,ST,0.0,Homemaker,Unemployed,Primary,8,1.77,False,False,PM Awas Yojana,Housing,False,3
33,Female,Delhi,ST,0.0,Homemaker,Unemployed,Primary,8,1.77,False,False,Skill India,Employment,False,3
46,Female,Kerala,ST,81902.49,Unemployed,Unemployed,Graduate,2,0.0,False,True,PM Kisan,Agriculture,False,4
46,Female,Kerala,ST,81902.49,Unemployed,Unemployed,Graduate,2,0.0,False,True,Post Matric Scholarship,Education,False,4
46,Female,Kerala,ST,81902.49,Unemployed,Unemployed,Graduate,2,0.0,False,True,Ayushman Bharat,Healthcare,False,4
46,Female,Kerala,ST,81902.49,Unemployed,Unemployed,Graduate,2,0.0,False,True,PM Awas Yojana,Housing,False,4
46,Female,Kerala,ST,81902.49,Unemployed,Unemployed,Graduate,2,0.0,False,True,Skill India,Employment,True,4
43,Female,Kerala,OBC,1272385.19,Private Employee,Employed,Diploma,2,0.0,False,True,PM Kisan,Agriculture,False,5
43,Female,Kerala,OBC,1272385.19,Private Employee,Employed,Diploma,2,0.0,False,True,Post Matric Scholarship,Education,False,5
43,Female,Kerala,OBC,1272385.19,Private Employee,Employed,Diploma,2,0.0,False,True,Ayushman Bharat,Healthcare,False,5
43,Female,Kerala,OBC,1272385.19,Private Employee,Employed,Diploma,2,0.0,False,True,PM Awas Yojana,Housing,False,5
43,Female,Kerala,OBC,1272385.19,Private Employee,Employed,Diploma,2,0.0,False,True,Skill India,Employment,False,5
21,Other,Kerala,General,11306.01,Student,Student,Higher Secondary,4,0.0,True,False,PM Kisan,Agriculture,False,6
21,Other,Kerala,General,11306.01,Student,Student,Higher Secondary,4,0.0,True,False,Post Matric Scholarship,Education,True,6
21,Other,Kerala,General,11306.01,Student,Student,Higher Secondary,4,0.0,True,False,Ayushman Bharat,Healthcare,True,6
21,Other,Kerala,General,11306.01,Student,Student,Higher Secondary,4,0.0,True,False,PM Awas Yojana,Housing,True,6
21,Other,Kerala,General,11306.01,Student,Student,Higher Secondary,4,0.0,True,False,Skill India,Employment,True,6
39,Female,Maharashtra,SC,661647.02,Government Employee,Employed,Post Graduate,6,0.0,False,False,PM Kisan,Agriculture,False,7
39,Female,Maharashtra,SC,661647.02,Government Employee,Employed,Post Graduate,6,0.0,False,False,Post Matric Scholarship,Education,False,7
39,Female,Maharashtra,SC,661647.02,Government Employee,Employed,Post Graduate,6,0.0,False,False,Ayushman Bharat,Healthcare,False,7
39,Female,Maharashtra,SC,661647.02,Government Employee,Employed,Post Graduate,6,0.0,False,False,PM Awas Yojana,Housing,False,7
39,Female,Maharashtra,SC,661647.02,Government Employee,Employed,Post Graduate,6,0.0,False,False,Skill India,Employment,False,7
44,Male,Maharashtra,General,737869.02,Business,Self-Employed,Graduate,6,2.51,False,False,PM Kisan,Agriculture,False,8
44,Male,Maharashtra,General,737869.02,Business,Self-Employed,Graduate,6,2.51,False,False,Post Matric Scholarship,Education,False,8
44,Male,Maharashtra,General,737869.02,Business,Self-Employed,Graduate,6,2.51,False,False,Ayushman Bharat,Healthcare,False,8
44,Male,Maharashtra,General,737869.02,Business,Self-Employed,Graduate,6,2.51,False,False,PM Awas Yojana,Housing,False,8
44,Male,Maharashtra,General,737869.02,Business,Self-Employed,Graduate,6,2.51,False,False,Skill India,Employment,False,8
24,Other,Kerala,General,46809.37,Student,Student,Higher Secondary,3,0.0,False,True,PM Kisan,Agriculture,False,9
24,Other,Kerala,General,46809.37,Student,Student,Higher Secondary,3,0.0,False,True,Post Matric Scholarship,Education,True,9
24,Other,Kerala,General,46809.37,Student,Student,Higher Secondary,3,0.0,False,True,Ayushman Bharat,Healthcare,False,9
24,Other,Kerala,General,46809.37,Student,Student,Higher Secondary,3,0.0,False,True,PM Awas Yojana,Housing,False,9
24,Other,Kerala,General,46809.37,Student,Student,Higher Secondary,3,0.0,False,True,Skill India,Employment,True,9
32,Other,Karnataka,SC,89346.71,Unemployed,Unemployed,Graduate,7,0.0,False,False,PM Kisan,Agriculture,False,10
32,Other,Karnataka,SC,89346.71,Unemployed,Unemployed,Graduate,7,0.0,False,False,Post Matric Scholarship,Education,False,10
32,Other,Karnataka,SC,89346.71,Unemployed,Unemployed,Graduate,7,0.0,False,False,Ayushman Bharat,Healthcare,False,10
32,Other,Karnataka,SC,89346.71,Unemployed,Unemployed,Graduate,7,0.0,False,False,PM Awas Yojana,Housing,False,10
32,Other,Karnataka,SC,89346.71,Unemployed,Unemployed,Graduate,7,0.0,False,False,Skill India,Employment,True,10
42,Male,Tamil Nadu,ST,17370.85,Unemployed,Unemployed,Primary,3,0.0,False,True,PM Kisan,Agriculture,False,11
42,Male,Tamil Nadu,ST,17370.85,Unemployed,Unemployed,Primary,3,0.0,False,True,Post Matric Scholarship,Education,False,11
42,Male,Tamil Nadu,ST,17370.85,Unemployed,Unemployed,Primary,3,0.0,False,True,Ayushman Bharat,Healthcare,False,11
42,Male,Tamil Nadu,ST,17370.85,Unemployed,Unemployed,Primary,3,0.0,False,True,PM Awas Yojana,Housing,False,11
42,Male,Tamil Nadu,ST,17370.85,Unemployed,Unemployed,Primary,3,0.0,False,True,Skill India,Employment,False,11
23,Other,Delhi,General,36718.59,Student,Student,Higher Secondary,3,0.0,True,False,PM Kisan,Agriculture,False,12
23,Other,Delhi,General,36718.59,Student,Student,Higher Secondary,3,0.0,True,False,Post Matric Scholarship,Education,True,12
23,Other,Delhi,General,36718.59,Student,Student,Higher Secondary,3,0.0,True,False,Ayushman Bharat,Healthcare,True,12
23,Other,Delhi,General,36718.59,Student,Student,Higher Secondary,3,0.0,True,False,PM Awas Yojana,Housing,True,12
23,Other,Delhi,General,36718.59,Student,Student,Higher Secondary,3,0.0,True,False,Skill India,Employment,True,12
38,Male,Maharashtra,SC,1107695.78,Business,Self-Employed,Post Graduate,2,2.69,False,False,PM Kisan,Agriculture,False,13
38,Male,Maharashtra,SC,1107695.78,Business,Self-Employed,Post Graduate,2,2.69,False,False,Post Matric Scholarship,Education,False,13
38,Male,Maharashtra,SC,1107695.78,Business,Self-Employed,Post Graduate,2,2.69,False,False,Ayushman Bharat,Healthcare,False,13
38,Male,Maharashtra,SC,1107695.78,Business,Self-Employed,Post Graduate,2,2.69,False,False,PM Awas Yojana,Housing,False,13
38,Male,Maharashtra,SC,1107695.78,Business,Self-Employed,Post Graduate,2,2.69,False,False,Skill India,Employment,False,13
55,Male,Delhi,OBC,649202.05,Private Employee,Employed,Graduate,2,0.0,False,True,PM Kisan,Agriculture,False,14
55,Male,Delhi,OBC,649202.05,Private Employee,Employed,Graduate,2,0.0,False,True,Post Matric Scholarship,Education,False,14
55,Male,Delhi,OBC,649202.05,Private Employee,Employed,Graduate,2,0.0,False,True,Ayushman Bharat,Healthcare,False,14
55,Male,Delhi,OBC,649202.05,Private Employee,Employed,Graduate,2,0.0,False,True,PM Awas Yojana,Housing,False,14
55,Male,Delhi,OBC,649202.05,Private Employee,Employed,Graduate,2,0.0,False,True,Skill India,Employment,False,14
36,Other,Tamil Nadu,ST,1247871.72,Private Employee,Employed,Diploma,4,0.0,False,True,PM Kisan,Agriculture,False,15
36,Other,Tamil Nadu,ST,1247871.72,Private Employee,Employed,Diploma,4,0.0,False,True,Post Matric Scholarship,Education,False,15
36,Other,Tamil Nadu,ST,1247871.72,Private Employee,Employed,Diploma,4,0.0,False,True,Ayushman Bharat,Healthcare,False,15
36,Other,Tamil Nadu,ST,1247871.72,Private Employee,Employed,Diploma,4,0.0,False,True,PM Awas Yojana,Housing,False,15
36,Other,Tamil Nadu,ST,1247871.72,Private Employee,Employed,Diploma,4,0.0,False,True,Skill India,Employment,False,15
34,Other,Karnataka,SC,482664.22,Farmer,Self-Employed,Secondary,5,1.67,True,False,PM Kisan,Agriculture,False,16
34,Other,Karnataka,SC,482664.22,Farmer,Self-Employed,Secondary,5,1.67,True,False,Post Matric Scholarship,Education,False,16
34,Other,Karnataka,SC,482664.22,Farmer,Self-Employed,Secondary,5,1.67,True,False,Ayushman Bharat,Healthcare,False,16
34,Other,Karnataka,SC,482664.22,Farmer,Self-Employed,Secondary,5,1.67,True,False,PM Awas Yojana,Housing,False,16
34,Other,Karnataka,SC,482664.22,Farmer,Self-Employed,Secondary,5,1.67,True,False,Skill India,Employment,False,16
21,Other,Delhi,OBC,42458.9,Student,Unemployed,Higher Secondary,5,0.0,False,False,PM Kisan,Agriculture,False,17
21,Other,Delhi,OBC,42458.9,Student,Unemployed,Higher Secondary,5,0.0,False,False,Post Matric Scholarship,Education,False,17
21,Other,Delhi,OBC,42458.9,Student,Unemployed,Higher Secondary,5,0.0,False,False,Ayushman Bharat,Healthcare,False,17
21,Other,Delhi,OBC,42458.9,Student,Unemployed,Higher Secondary,5,0.0,False,False,PM Awas Yojana,Housing,False,17
21,Other,Delhi,OBC,42458.9,Student,Unemployed,Higher Secondary,5,0.0,False,False,Skill India,Employment,True,17
24,Other,Karnataka,General,1189260.65,Government Employee,Employed,Graduate,6,0.0,False,True,PM Kisan,Agriculture,False,18
24,Other,Karnataka,General,1189260.65,Government Employee,Employed,Graduate,6,0.0,False,True,Post Matric Scholarship,Education,False,18
24,Other,Karnataka,General,1189260.65,Government Employee,Employed,Graduate,6,0.0,False,True,Ayushman Bharat,Healthcare,False,18
24,Other,Karnataka,General,1189260.65,Government Employee,Employed,Graduate,6,0.0,False,True,PM Awas Yojana,Housing,False,18
24,Other,Karnataka,General,1189260.65,Government Employee,Employed,Graduate,6,0.0,False,True,Skill India,Employment,False,18
69,Other,Kerala,General,244572.42,Retired,Retired,Secondary,2,4.07,False,False,PM Kisan,Agriculture,False,19
69,Other,Kerala,General,244572.42,Retired,Retired,Secondary,2,4.07,False,False,Post Matric Scholarship,Education,False,19
69,Other,Kerala,General,244572.42,Retired,Retired,Secondary,2,4.07,False,False,Ayushman Bharat,Healthcare,False,19
69,Other,Kerala,General,244572.42,Retired,Retired,Secondary,2,4.07,False,False,PM Awas Yojana,Housing,False,19
69,Other,Kerala,General,244572.42,Retired,Retired,Secondary,2,4.07,False,False,Skill India,Employment,False,19
20,Female,Kerala,OBC,91563.19,Unemployed,Unemployed,Graduate,4,0.0,False,True,PM Kisan,Agriculture,False,20
20,Female,Kerala,OBC,91563.19,Unemployed,Unemployed,Graduate,4,0.0,False,True,Post Matric Scholarship,Education,False,20
20,Female,Kerala,OBC,91563.19,Unemployed,Unemployed,Graduate,4,0.0,False,True,Ayushman Bharat,Healthcare,False,20
20,Female,Kerala,OBC,91563.19,Unemployed,Unemployed,Graduate,4,0.0,False,True,PM Awas Yojana,Housing,False,20
20,Female,Kerala,OBC,91563.19,Unemployed,Unemployed,Graduate,4,0.0,False,True,Skill India,Employment,True,20
46,Female,Kerala,General,94792.93,Farmer,Self-Employed,Secondary,7,7.97,True,False,PM Kisan,Agriculture,True,21
46,Female,Kerala,General,94792.93,Farmer,Self-Employed,Secondary,7,7.97,True,False,Post Matric Scholarship,Education,False,21
46,Female,Kerala,General,94792.93,Farmer,Self-Employed,Secondary,7,7.97,True,False,Ayushman Bharat,Healthcare,True,21
46,Female,Kerala,General,94792.93,Farmer,Self-Employed,Secondary,7,7.97,True,False,PM Awas Yojana,Housing,True,21
46,Female,Kerala,General,94792.93,Farmer,Self-Employed,Secondary,7,7.97,True,False,Skill India,Employment,False,21
23,Male,Maharashtra,SC,797731.67,Government Employee,Employed,Post Graduate,4,0.0,False,False,PM Kisan,Agriculture,False,22
23,Male,Maharashtra,SC,797731.67,Government Employee,Employed,Post Graduate,4,0.0,False,False,Post Matric Scholarship,Education,False,22
23,Male,Maharashtra,SC,797731.67,Government Employee,Employed,Post Graduate,4,0.0,False,False,Ayushman Bharat,Healthcare,False,22
23,Male,Maharashtra,SC,797731.67,Government Employee,Employed,Post Graduate,4,0.0,False,False,PM Awas Yojana,Housing,False,22
23,Male,Maharashtra,SC,797731.67,Government Employee,Employed,Post Graduate,4,0.0,False,False,Skill India,Employment,False,22
28,Male,Kerala,General,477517.19,Private Employee,Employed,Diploma,5,0.0,False,True,PM Kisan,Agriculture,False,23
28,Male,Kerala,General,477517.19,Private Employee,Employed,Diploma,5,0.0,False,True,Post Matric Scholarship,Education,False,23
28,Male,Kerala,General,477517.19,Private Employee,Employed,Diploma,5,0.0,False,True,Ayushman Bharat,Healthcare,False,23
28,Male,Kerala,General,477517.19,Private Employee,Employed,Diploma,5,0.0,False,True,PM Awas Yojana,Housing,False,23
28,Male,Kerala,General,477517.19,Private Employee,Employed,Diploma,5,0.0,False,True,Skill India,Employment,False,23
55,Female,Tamil Nadu,ST,459044.62,Business,Self-Employed,Graduate,4,2.77,False,True,PM Kisan,Agriculture,False,24
55,Female,Tamil Nadu,ST,459044.62,Business,Self-Employed,Graduate,4,2.77,False,True,Post Matric Scholarship,Education,False,24
55,Female,Tamil Nadu,ST,459044.62,Business,Self-Employed,Graduate,4,2.77,False,True,Ayushman Bharat,Healthcare,False,24
55,Female,Tamil Nadu,ST,459044.62,Business,Self-Employed,Graduate,4,2.77,False,True,PM Awas Yojana,Housing,False,24
55,Female,Tamil Nadu,ST,459044.62,Business,Self-Employed,Graduate,4,2.77,False,True,Skill India,Employment,False,24
23,Female,Kerala,SC,48254.53,Student,Student,Higher Secondary,5,0.0,True,False,PM Kisan,Agriculture,False,25
23,Female,Kerala,SC,48254.53,Student,Student,Higher Secondary,5,0.0,True,False,Post Matric Scholarship,Education,True,25
23,Female,Kerala,SC,48254.53,Student,Student,Higher Secondary,5,0.0,True,False,Ayushman Bharat,Healthcare,True,25
23,Female,Kerala,SC,48254.53,Student,Student,Higher Secondary,5,0.0,True,False,PM Awas Yojana,Housing,True,25
23,Female,Kerala,SC,48254.53,Student,Student,Higher Secondary,5,0.0,True,False,Skill India,Employment,True,25
31,Female,Kerala,SC,112424.02,Farmer,Self-Employed,Primary,5,4.84,True,False,PM Kisan,Agriculture,True,26
31,Female,Kerala,SC,112424.02,Farmer,Self-Employed,Primary,5,4.84,True,False,Post Matric Scholarship,Education,False,26
31,Female,Kerala,SC,112424.02,Farmer,Self-Employed,Primary,5,4.84,True,False,Ayushman Bharat,Healthcare,True,26
31,Female,Kerala,SC,112424.02,Farmer,Self-Employed,Primary,5,4.84,True,False,PM Awas Yojana,Housing,True,26
31,Female,Kerala,SC,112424.02,Farmer,Self-Employed,Primary,5,4.84,True,False,Skill India,Employment,False,26
23,Other,Kerala,SC,15554.42,Student,Student,Higher Secondary,5,0.0,False,True,PM Kisan,Agriculture,False,27
23,Other,Kerala,SC,15554.42,Student,Student,Higher Secondary,5,0.0,False,True,Post Matric Scholarship,Education,True,27
23,Other,Kerala,SC,15554.42,Student,Student,Higher Secondary,5,0.0,False,True,Ayushman Bharat,Healthcare,False,27
23,Other,Kerala,SC,15554.42,Student,Student,Higher Secondary,5,0.0,False,True,PM Awas Yojana,Housing,False,27
23,Other,Kerala,SC,15554.42,Student,Student,Higher Secondary,5,0.0,False,True,Skill India,Employment,True,27
55,Male,Tamil Nadu,ST,63301.99,Unemployed,Unemployed,Higher Secondary,5,0.0,True,False,PM Kisan,Agriculture,False,28
55,Male,Tamil Nadu,ST,63301.99,Unemployed,Unemployed,Higher Secondary,5,0.0,True,False,Post Matric Scholarship,Education,False,28
55,Male,Tamil Nadu,ST,63301.99,Unemployed,Unemployed,Higher Secondary,5,0.0,True,False,Ayushman Bharat,Healthcare,True,28
55,Male,Tamil Nadu,ST,63301.99,Unemployed,Unemployed,Higher Secondary,5,0.0,True,False,PM Awas Yojana,Housing,True,28
55,Male,Tamil Nadu,ST,63301.99,Unemployed,Unemployed,Higher Secondary,5,0.0,True,False,Skill India,Employment,True,28
38,Male,Karnataka,General,543633.01,Private Employee,Employed,Graduate,6,0.0,False,True,PM Kisan,Agriculture,False,29
38,Male,Karnataka,General,543633.01,Private Employee,Employed,Graduate,6,0.0,False,True,Post Matric Scholarship,Education,False,29
38,Male,Karnataka,General,543633.01,Private Employee,Employed,Graduate,6,0.0,False,True,Ayushman Bharat,Healthcare,False,29
38,Male,Karnataka,General,543633.01,Private Employee,Employed,Graduate,6,0.0,False,True,PM Awas Yojana,Housing,False,29
38,Male,Karnataka,General,543633.01,Private Employee,Employed,Graduate,6,0.0,False,True,Skill India,Employment,False,29
66,Female,Kerala,OBC,379760.57,Retired,Retired,Graduate,4,0.28,False,True,PM Kisan,Agriculture,False,30
66,Female,Kerala,OBC,379760.57,Retired,Retired,Graduate,4,0.28,False,True,Post Matric Scholarship,Education,False,30
66,Female,Kerala,OBC,379760.57,Retired,Retired,Graduate,4,0.28,False,True,Ayushman Bharat,Healthcare,False,30
66,Female,Kerala,OBC,379760.57,Retired,Retired,Graduate,4,0.28,False,True,PM Awas Yojana,Housing,False,30
66,Female,Kerala,OBC,379760.57,Retired,Retired,Graduate,4,0.28,False,True,Skill India,Employment,False,30
36,Male,Tamil Nadu,OBC,1794862.81,Business,Self-Employed,Higher Secondary,7,0.31,False,False,PM Kisan,Agriculture,False,31
36,Male,Tamil Nadu,OBC,1794862.81,Business,Self-Employed,Higher Secondary,7,0.31,False,False,Post Matric Scholarship,Education,False,31
36,Male,Tamil Nadu,OBC,1794862.81,Business,Self-Employed,Higher Secondary,7,0.31,False,False,Ayushman Bharat,Healthcare,False,31
36,Male,Tamil Nadu,OBC,1794862.81,Business,Self-Employed,Higher Secondary,7,0.31,False,False,PM Awas Yojana,Housing,False,31
36,Male,Tamil Nadu,OBC,1794862.81,Business,Self-Employed,Higher Secondary,7,0.31,False,False,Skill India,Employment,False,31
59,Other,Karnataka,OBC,481722.0,Private Employee,Employed,Post Graduate,2,0.0,False,True,PM Kisan,Agriculture,False,32
59,Other,Karnataka,OBC,481722.0,Private Employee,Employed,Post Graduate,2,0.0,False,True,Post Matric Scholarship,Education,False,32
59,Other,Karnataka,OBC,481722.0,Private Employee,Employed,Post Graduate,2,0.0,False,True,Ayushman Bharat,Healthcare,False,32
59,Other,Karnataka,OBC,481722.0,Private Employee,Employed,Post Graduate,2,0.0,False,True,PM Awas Yojana,Housing,False,32
59,Other,Karnataka,OBC,481722.0,Private Employee,Employed,Post Graduate,2,0.0,False,True,Skill India,Employment,False,32
29,Other,Tamil Nadu,OBC,144623.96,Farmer,Self-Employed,Higher Secondary,7,7.31,True,False,PM Kisan,Agriculture,True,33
29,Other,Tamil Nadu,OBC,144623.96,Farmer,Self-Employed,Higher Secondary,7,7.31,True,False,Post Matric Scholarship,Education,False,33
29,Other,Tamil Nadu,OBC,144623.96,Farmer,Self-Employed,Higher Secondary,7,7.31,True,False,Ayushman Bharat,Healthcare,True,33
29,Other,Tamil Nadu,OBC,144623.96,Farmer,Self-Employed,Higher Secondary,7,7.31,True,False,PM Awas Yojana,Housing,True,33
29,Other,Tamil Nadu,OBC,144623.96,Farmer,Self-Employed,Higher Secondary,7,7.31,True,False,Skill India,Employment,False,33
56,Male,Tamil Nadu,ST,1495791.48,Private Employee,Employed,Post Graduate,5,0.0,False,False,PM Kisan,Agriculture,False,34
56,Male,Tamil Nadu,ST,1495791.48,Private Employee,Employed,Post Graduate,5,0.0,False,False,Post Matric Scholarship,Education,False,34
56,Male,Tamil Nadu,ST,1495791.48,Private Employee,Employed,Post Graduate,5,0.0,False,False,Ayushman Bharat,Healthcare,False,34
56,Male,Tamil Nadu,ST,1495791.48,Private Employee,Employed,Post Graduate,5,0.0,False,False,PM Awas Yojana,Housing,False,34
56,Male,Tamil Nadu,ST,1495791.48,Private Employee,Employed,Post Graduate,5,0.0,False,False,Skill India,Employment,False,34
55,Other,Karnataka,OBC,60784.57,Farmer,Self-Employed,Higher Secondary,4,5.07,True,True,PM Kisan,Agriculture,True,35
55,Other,Karnataka,OBC,60784.57,Farmer,Self-Employed,Higher Secondary,4,5.07,True,True,Post Matric Scholarship,Education,False,35
55,Other,Karnataka,OBC,60784.57,Farmer,Self-Employed,Higher Secondary,4,5.07,True,True,Ayushman Bharat,Healthcare,True,35
55,Other,Karnataka,OBC,60784.57,Farmer,Self-Employed,Higher Secondary,4,5.07,True,True,PM Awas Yojana,Housing,True,35
55,Other,Karnataka,OBC,60784.57,Farmer,Self-Employed,Higher Secondary,4,5.07,True,True,Skill India,Employment,False,35
19,Other,Delhi,General,80122.52,Student,Student,Higher Secondary,3,0.0,False,True,PM Kisan,Agriculture,False,36
19,Other,Delhi,General,80122.52,Student,Student,Higher Secondary,3,0.0,False,True,Post Matric Scholarship,Education,True,36
19,Other,Delhi,General,80122.52,Student,Student,Higher Secondary,3,0.0,False,True,Ayushman Bharat,Healthcare,False,36
19,Other,Delhi,General,80122.52,Student,Student,Higher Secondary,3,0.0,False,True,PM Awas Yojana,Housing,False,36
19,Other,Delhi,General,80122.52,Student,Student,Higher Secondary,3,0.0,False,True,Skill India,Employment,True,36
65,Male,Delhi,SC,284267.07,Retired,Retired,Post Graduate,2,1.5,False,True,PM Kisan,Agriculture,False,37
65,Male,Delhi,SC,284267.07,Retired,Retired,Post Graduate,2,1.5,False,True,Post Matric Scholarship,Education,False,37
65,Male,Delhi,SC,284267.07,Retired,Retired,Post Graduate,2,1.5,False,True,Ayushman Bharat,Healthcare,False,37
65,Male,Delhi,SC,284267.07,Retired,Retired,Post Graduate,2,1.5,False,True,PM Awas Yojana,Housing,False,37
65,Male,Delhi,SC,284267.07,Retired,Retired,Post Graduate,2,1.5,False,True,Skill India,Employment,False,37
39,Male,Kerala,ST,149288.03,Farmer,Self-Employed,Primary,7,6.09,False,True,PM Kisan,Agriculture,True,38
39,Male,Kerala,ST,149288.03,Farmer,Self-Employed,Primary,7,6.09,False,True,Post Matric Scholarship,Education,False,38
39,Male,Kerala,ST,149288.03,Farmer,Self-Employed,Primary,7,6.09,False,True,Ayushman Bharat,Healthcare,False,38
39,Male,Kerala,ST,149288.03,Farmer,Self-Employed,Primary,7,6.09,False,True,PM Awas Yojana,Housing,False,38
39,Male,Kerala,ST,149288.03,Farmer,Self-Employed,Primary,7,6.09,False,True,Skill India,Employment,False,38
62,Other,Karnataka,ST,2126676.49,Business,Self-Employed,Graduate,6,1.92,False,True,PM Kisan,Agriculture,False,39
62,Other,Karnataka,ST,2126676.49,Business,Self-Employed,Graduate,6,1.92,False,True,Post Matric Scholarship,Education,False,39
62,Other,Karnataka,ST,2126676.49,Business,Self-Employed,Graduate,6,1.92,False,True,Ayushman Bharat,Healthcare,False,39
62,Other,Karnataka,ST,2126676.49,Business,Self-Employed,Graduate,6,1.92,False,True,PM Awas Yojana,Housing,False,39
62,Other,Karnataka,ST,2126676.49,Business,Self-Employed,Graduate,6,1.92,False,True,Skill India,Employment,False,39
51,Male,Tamil Nadu,SC,132367.58,Farmer,Self-Employed,Secondary,5,5.54,True,True,PM Kisan,Agriculture,True,40
51,Male,Tamil Nadu,SC,132367.58,Farmer,Self-Employed,Secondary,5,5.54,True,True,Post Matric Scholarship,Education,False,40
51,Male,Tamil Nadu,SC,132367.58,Farmer,Self-Employed,Secondary,5,5.54,True,True,Ayushman Bharat,Healthcare,True,40
51,Male,Tamil Nadu,SC,132367.58,Farmer,Self-Employed,Secondary,5,5.54,True,True,PM Awas Yojana,Housing,True,40
51,Male,Tamil Nadu,SC,132367.58,Farmer,Self-Employed,Secondary,5,5.54,True,True,Skill India,Employment,False,40
58,Male,Tamil Nadu,SC,291693.88,Private Employee,Employed,Post Graduate,6,0.0,False,True,PM Kisan,Agriculture,False,41
58,Male,Tamil Nadu,SC,291693.88,Private Employee,Employed,Post Graduate,6,0.0,False,True,Post Matric Scholarship,Education,False,41
58,Male,Tamil Nadu,SC,291693.88,Private Employee,Employed,Post Graduate,6,0.0,False,True,Ayushman Bharat,Healthcare,False,41
58,Male,Tamil Nadu,SC,291693.88,Private Employee,Employed,Post Graduate,6,0.0,False,True,PM Awas Yojana,Housing,False,41
58,Male,Tamil Nadu,SC,291693.88,Private Employee,Employed,Post Graduate,6,0.0,False,True,Skill India,Employment,False,41
20,Male,Kerala,SC,1872.87,Student,Student,Graduate,5,0.0,True,False,PM Kisan,Agriculture,False,42
20,Male,Kerala,SC,1872.87,Student,Student,Graduate,5,0.0,True,False,Post Matric Scholarship,Education,True,42
20,Male,Kerala,SC,1872.87,Student,Student,Graduate,5,0.0,True,False,Ayushman Bharat,Healthcare,True,42
20,Male,Kerala,SC,1872.87,Student,Student,Graduate,5,0.0,True,False,PM Awas Yojana,Housing,True,42
20,Male,Kerala,SC,1872.87,Student,Student,Graduate,5,0.0,True,False,Skill India,Employment,True,42
61,Other,Kerala,General,382053.87,Retired,Retired,Graduate,6,4.65,False,True,PM Kisan,Agriculture,False,43
61,Other,Kerala,General,382053.87,Retired,Retired,Graduate,6,4.65,False,True,Post Matric Scholarship,Education,False,43
61,Other,Kerala,General,382053.87,Retired,Retired,Graduate,6,4.65,False,True,Ayushman Bharat,Healthcare,False,43
61,Other,Kerala,General,382053.87,Retired,Retired,Graduate,6,4.65,False,True,PM Awas Yojana,Housing,False,43
61,Other,Kerala,General,382053.87,Retired,Retired,Graduate,6,4.65,False,True,Skill India,Employment,False,43
33,Male,Maharashtra,General,0.0,Homemaker,Unemployed,Primary,8,2.68,True,False,PM Kisan,Agriculture,False,44
33,Male,Maharashtra,General,0.0,Homemaker,Unemployed,Primary,8,2.68,True,False,Post Matric Scholarship,Education,False,44
33,Male,Maharashtra,General,0.0,Homemaker,Unemployed,Primary,8,2.68,True,False,Ayushman Bharat,Healthcare,True,44
33,Male,Maharashtra,General,0.0,Homemaker,Unemployed,Primary,8,2.68,True,False,PM Awas Yojana,Housing,True,44
33,Male,Maharashtra,General,0.0,Homemaker,Unemployed,Primary,8,2.68,True,False,Skill India,Employment,False,44
29,Male,Maharashtra,SC,1338334.3,Business,Self-Employed,Higher Secondary,7,3.47,False,False,PM Kisan,Agriculture,False,45
29,Male,Maharashtra,SC,1338334.3,Business,Self-Employed,Higher Secondary,7,3.47,False,False,Post Matric Scholarship,Education,False,45
29,Male,Maharashtra,SC,1338334.3,Business,Self-Employed,Higher Secondary,7,3.47,False,False,Ayushman Bharat,Healthcare,False,45
29,Male,Maharashtra,SC,1338334.3,Business,Self-Employed,Higher Secondary,7,3.47,False,False,PM Awas Yojana,Housing,False,45
29,Male,Maharashtra,SC,1338334.3,Business,Self-Employed,Higher Secondary,7,3.47,False,False,Skill India,Employment,False,45
58,Male,Maharashtra,OBC,607394.17,Government Employee,Employed,Graduate,3,0.0,False,False,PM Kisan,Agriculture,False,46
58,Male,Maharashtra,OBC,607394.17,Government Employee,Employed,Graduate,3,0.0,False,False,Post Matric Scholarship,Education,False,46
58,Male,Maharashtra,OBC,607394.17,Government Employee,Employed,Graduate,3,0.0,False,False,Ayushman Bharat,Healthcare,False,46
58,Male,Maharashtra,OBC,607394.17,Government Employee,Employed,Graduate,3,0.0,False,False,PM Awas Yojana,Housing,False,46
58,Male,Maharashtra,OBC,607394.17,Government Employee,Employed,Graduate,3,0.0,False,False,Skill India,Employment,False,46
78,Male,Delhi,General,276609.65,Retired,Retired,Graduate,5,2.26,False,True,PM Kisan,Agriculture,False,47
78,Male,Delhi,General,276609.65,Retired,Retired,Graduate,5,2.26,False,True,Post Matric Scholarship,Education,False,47
78,Male,Delhi,General,276609.65,Retired,Retired,Graduate,5,2.26,False,True,Ayushman Bharat,Healthcare,False,47
78,Male,Delhi,General,276609.65,Retired,Retired,Graduate,5,2.26,False,True,PM Awas Yojana,Housing,False,47
78,Male,Delhi,General,276609.65,Retired,Retired,Graduate,5,2.26,False,True,Skill India,Employment,False,47
42,Male,Kerala,General,261573.04,Private Employee,Employed,Post Graduate,3,0.0,False,False,PM Kisan,Agriculture,False,48
42,Male,Kerala,General,261573.04,Private Employee,Employed,Post Graduate,3,0.0,False,False,Post Matric Scholarship,Education,False,48
42,Male,Kerala,General,261573.04,Private Employee,Employed,Post Graduate,3,0.0,False,False,Ayushman Bharat,Healthcare,False,48
42,Male,Kerala,General,261573.04,Private Employee,Employed,Post Graduate,3,0.0,False,False,PM Awas Yojana,Housing,False,48
42,Male,Kerala,General,261573.04,Private Employee,Employed,Post Graduate,3,0.0,False,False,Skill India,Employment,False,48
32,Male,Delhi,OBC,722522.99,Private Employee,Employed,Post Graduate,5,0.0,False,True,PM Kisan,Agriculture,False,49
32,Male,Delhi,OBC,722522.99,Private Employee,Employed,Post Graduate,5,0.0,False,True,Post Matric Scholarship,Education,False,49
32,Male,Delhi,OBC,722522.99,Private Employee,Employed,Post Graduate,5,0.0,False,True,Ayushman Bharat,Healthcare,False,49
32,Male,Delhi,OBC,722522.99,Private Employee,Employed,Post Graduate,5,0.0,False,True,PM Awas Yojana,Housing,False,49
32,Male,Delhi,OBC,722522.99,Private Employee,Employed,Post Graduate,5,0.0,False,True,Skill India,Employment,False,49
72,Male,Delhi,OBC,267365.31,Retired,Retired,Secondary,4,3.98,False,False,PM Kisan,Agriculture,False,50
72,Male,Delhi,OBC,267365.31,Retired,Retired,Secondary,4,3.98,False,False,Post Matric Scholarship,Education,False,50
72,Male,Delhi,OBC,267365.31,Retired,Retired,Secondary,4,3.98,False,False,Ayushman Bharat,Healthcare,False,50
72,Male,Delhi,OBC,267365.31,Retired,Retired,Secondary,4,3.98,False,False,PM Awas Yojana,Housing,False,50
72,Male,Delhi,OBC,267365.31,Retired,Retired,Secondary,4,3.98,False,False,Skill India,Employment,False,50
43,Male,Maharashtra,SC,663307.89,Private Employee,Employed,Graduate,2,0.0,False,False,PM Kisan,Agriculture,False,51
43,Male,Maharashtra,SC,663307.89,Private Employee,Employed,Graduate,2,0.0,False,False,Post Matric Scholarship,Education,False,51
43,Male,Maharashtra,SC,663307.89,Private Employee,Employed,Graduate,2,0.0,False,False,Ayushman Bharat,Healthcare,False,51
43,Male,Maharashtra,SC,663307.89,Private Employee,Employed,Graduate,2,0.0,False,False,PM Awas Yojana,Housing,False,51
43,Male,Maharashtra,SC,663307.89,Private Employee,Employed,Graduate,2,0.0,False,False,Skill India,Employment,False,51
53,Male,Tamil Nadu,OBC,0.0,Homemaker,Unemployed,Graduate,5,1.78,True,False,PM Kisan,Agriculture,False,52
53,Male,Tamil Nadu,OBC,0.0,Homemaker,Unemployed,Graduate,5,1.78,True,False,Post Matric Scholarship,Education,False,52
53,Male,Tamil Nadu,OBC,0.0,Homemaker,Unemployed,Graduate,5,1.78,True,False,Ayushman Bharat,Healthcare,True,52
53,Male,Tamil Nadu,OBC,0.0,Homemaker,Unemployed,Graduate,5,1.78,True,False,PM Awas Yojana,Housing,True,52
53,Male,Tamil Nadu,OBC,0.0,Homemaker,Unemployed,Graduate,5,1.78,True,False,Skill India,Employment,False,52
43,Other,Tamil Nadu,General,1462961.66,Business,Self-Employed,Graduate,5,0.35,False,True,PM Kisan,Agriculture,False,53
43,Other,Tamil Nadu,General,1462961.66,Business,Self-Employed,Graduate,5,0.35,False,True,Post Matric Scholarship,Education,False,53
43,Other,Tamil Nadu,General,1462961.66,Business,Self-Employed,Graduate,5,0.35,False,True,Ayushman Bharat,Healthcare,False,53
43,Other,Tamil Nadu,General,1462961.66,Business,Self-Employed,Graduate,5,0.35,False,True,PM Awas Yojana,Housing,False,53
43,Other,Tamil Nadu,General,1462961.66,Business,Self-Employed,Graduate,5,0.35,False,True,Skill India,Employment,False,53
22,Male,Delhi,SC,70933.87,Student,Student,Higher Secondary,5,0.0,True,True,PM Kisan,Agriculture,False,54
22,Male,Delhi,SC,70933.87,Student,Student,Higher Secondary,5,0.0,True,True,Post Matric Scholarship,Education,True,54
22,Male,Delhi,SC,70933.87,Student,Student,Higher Secondary,5,0.0,True,True,Ayushman Bharat,Healthcare,True,54
22,Male,Delhi,SC,70933.87,Student,Student,Higher Secondary,5,0.0,True,True,PM Awas Yojana,Housing,True,54
22,Male,Delhi,SC,70933.87,Student,Student,Higher Secondary,5,0.0,True,True,Skill India,Employment,True,54
35,Other,Kerala,SC,339502.14,Farmer,Self-Employed,Primary,5,6.34,True,False,PM Kisan,Agriculture,False,55
35,Other,Kerala,SC,339502.14,Farmer,Self-Employed,Primary,5,6.34,True,False,Post Matric Scholarship,Education,False,55
35,Other,Kerala,SC,339502.14,Farmer,Self-Employed,Primary,5,6.34,True,False,Ayushman Bharat,Healthcare,False,55
35,Other,Kerala,SC,339502.14,Farmer,Self-Employed,Primary,5,6.34,True,False,PM Awas Yojana,Housing,False,55
35,Other,Kerala,SC,339502.14,Farmer,Self-Employed,Primary,5,6.34,True,False,Skill India,Employment,False,55
45,Male,Karnataka,General,0.0,Homemaker,Unemployed,Higher Secondary,4,0.35,False,False,PM Kisan,Agriculture,False,56
45,Male,Karnataka,General,0.0,Homemaker,Unemployed,Higher Secondary,4,0.35,False,False,Post Matric Scholarship,Education,False,56
45,Male,Karnataka,General,0.0,Homemaker,Unemployed,Higher Secondary,4,0.35,False,False,Ayushman Bharat,Healthcare,False,56
45,Male,Karnataka,General,0.0,Homemaker,Unemployed,Higher Secondary,4,0.35,False,False,PM Awas Yojana,Housing,False,56
45,Male,Karnataka,General,0.0,Homemaker,Unemployed,Higher Secondary,4,0.35,False,False,Skill India,Employment,False,56
39,Female,Delhi,General,302242.92,Private Employee,Employed,Graduate,2,0.0,False,False,PM Kisan,Agriculture,False,57
39,Female,Delhi,General,302242.92,Private Employee,Employed,Graduate,2,0.0,False,False,Post Matric Scholarship,Education,False,57
39,Female,Delhi,General,302242.92,Private Employee,Employed,Graduate,2,0.0,False,False,Ayushman Bharat,Healthcare,False,57
39,Female,Delhi,General,302242.92,Private Employee,Employed,Graduate,2,0.0,False,False,PM Awas Yojana,Housing,False,57
39,Female,Delhi,General,302242.92,Private Employee,Employed,Graduate,2,0.0,False,False,Skill India,Employment,False,57
43,Male,Karnataka,ST,1138903.42,Government Employee,Employed,Post Graduate,6,0.0,False,False,PM Kisan,Agriculture,False,58
43,Male,Karnataka,ST,1138903.42,Government Employee,Employed,Post Graduate,6,0.0,False,False,Post Matric Scholarship,Education,False,58
43,Male,Karnataka,ST,1138903.42,Government Employee,Employed,Post Graduate,6,0.0,False,False,Ayushman Bharat,Healthcare,False,58
43,Male,Karnataka,ST,1138903.42,Government Employee,Employed,Post Graduate,6,0.0,False,False,PM Awas Yojana,Housing,False,58
43,Male,Karnataka,ST,1138903.42,Government Employee,Employed,Post Graduate,6,0.0,False,False,Skill India,Employment,False,58
26,Other,Tamil Nadu,ST,56430.51,Unemployed,Unemployed,Primary,5,0.0,False,False,PM Kisan,Agriculture,False,59
26,Other,Tamil Nadu,ST,56430.51,Unemployed,Unemployed,Primary,5,0.0,False,False,Post Matric Scholarship,Education,False,59
26,Other,Tamil Nadu,ST,56430.51,Unemployed,Unemployed,Primary,5,0.0,False,False,Ayushman Bharat,Healthcare,False,59
26,Other,Tamil Nadu,ST,56430.51,Unemployed,Unemployed,Primary,5,0.0,False,False,PM Awas Yojana,Housing,False,59
26,Other,Tamil Nadu,ST,56430.51,Unemployed,Unemployed,Primary,5,0.0,False,False,Skill India,Employment,False,59
20,Female,Kerala,ST,35623.67,Student,Student,Higher Secondary,4,0.0,False,False,PM Kisan,Agriculture,False,60
20,Female,Kerala,ST,35623.67,Student,Student,Higher Secondary,4,0.0,False,False,Post Matric Scholarship,Education,True,60
20,Female,Kerala,ST,35623.67,Student,Student,Higher Secondary,4,0.0,False,False,Ayushman Bharat,Healthcare,False,60
20,Female,Kerala,ST,35623.67,Student,Student,Higher Secondary,4,0.0,False,False,PM Awas Yojana,Housing,False,60
20,Female,Kerala,ST,35623.67,Student,Student,Higher Secondary,4,0.0,False,False,Skill India,Employment,True,60
42,Female,Delhi,SC,795243.28,Government Employee,Employed,Post Graduate,3,0.0,False,True,PM Kisan,Agriculture,False,61
42,Female,Delhi,SC,795243.28,Government Employee,Employed,Post Graduate,3,0.0,False,True,Post Matric Scholarship,Education,False,61
42,Female,Delhi,SC,795243.28,Government Employee,Employed,Post Graduate,3,0.0,False,True,Ayushman Bharat,Healthcare,False,61
42,Female,Delhi,SC,795243.28,Government Employee,Employed,Post Graduate,3,0.0,False,True,PM Awas Yojana,Housing,False,61
42,Female,Delhi,SC,795243.28,Government Employee,Employed,Post Graduate,3,0.0,False,True,Skill India,Employment,False,61
41,Female,Kerala,ST,2050613.66,Business,Self-Employed,Post Graduate,3,2.81,False,True,PM Kisan,Agriculture,False,62
41,Female,Kerala,ST,2050613.66,Business,Self-Employed,Post Graduate,3,2.81,False,True,Post Matric Scholarship,Education,False,62
41,Female,Kerala,ST,2050613.66,Business,Self-Employed,Post Graduate,3,2.81,False,True,Ayushman Bharat,Healthcare,False,62
41,Female,Kerala,ST,2050613.66,Business,Self-Employed,Post Graduate,3,2.81,False,True,PM Awas Yojana,Housing,False,62
41,Female,Kerala,ST,2050613.66,Business,Self-Employed,Post Graduate,3,2.81,False,True,Skill India,Employment,False,62
54,Other,Delhi,General,0.0,Homemaker,Unemployed,Higher Secondary,7,0.58,False,False,PM Kisan,Agriculture,False,63
54,Other,Delhi,General,0.0,Homemaker,Unemployed,Higher Secondary,7,0.58,False,False,Post Matric Scholarship,Education,False,63
54,Other,Delhi,General,0.0,Homemaker,Unemployed,Higher Secondary,7,0.58,False,False,Ayushman Bharat,Healthcare,False,63
54,Other,Delhi,General,0.0,Homemaker,Unemployed,Higher Secondary,7,0.58,False,False,PM Awas Yojana,Housing,False,63
54,Other,Delhi,General,0.0,Homemaker,Unemployed,Higher Secondary,7,0.58,False,False,Skill India,Employment,False,63
20,Female,Karnataka,SC,90023.87,Student,Student,Higher Secondary,6,0.0,False,True,PM Kisan,Agriculture,False,64
20,Female,Karnataka,SC,90023.87,Student,Student,Higher Secondary,6,0.0,False,True,Post Matric Scholarship,Education,True,64
20,Female,Karnataka,SC,90023.87,Student,Student,Higher Secondary,6,0.0,False,True,Ayushman Bharat,Healthcare,False,64
20,Female,Karnataka,SC,90023.87,Student,Student,Higher Secondary,6,0.0,False,True,PM Awas Yojana,Housing,False,64
20,Female,Karnataka,SC,90023.87,Student,Student,Higher Secondary,6,0.0,False,True,Skill India,Employment,True,64
38,Other,Kerala,SC,829745.5,Government Employee,Employed,Graduate,3,0.0,False,True,PM Kisan,Agriculture,False,65
38,Other,Kerala,SC,829745.5,Government Employee,Employed,Graduate,3,0.0,False,True,Post Matric Scholarship,Education,False,65
38,Other,Kerala,SC,829745.5,Government Employee,Employed,Graduate,3,0.0,False,True,Ayushman Bharat,Healthcare,False,65
38,Other,Kerala,SC,829745.5,Government Employee,Employed,Graduate,3,0.0,False,True,PM Awas Yojana,Housing,False,65
38,Other,Kerala,SC,829745.5,Government Employee,Employed,Graduate,3,0.0,False,True,Skill India,Employment,False,65
41,Male,Delhi,OBC,94376.25,Unemployed,Unemployed,Higher Secondary,2,0.0,True,False,PM Kisan,Agriculture,False,66
41,Male,Delhi,OBC,94376.25,Unemployed,Unemployed,Higher Secondary,2,0.0,True,False,Post Matric Scholarship,Education,False,66
41,Male,Delhi,OBC,94376.25,Unemployed,Unemployed,Higher Secondary,2,0.0,True,False,Ayushman Bharat,Healthcare,True,66
41,Male,Delhi,OBC,94376.25,Unemployed,Unemployed,Higher Secondary,2,0.0,True,False,PM Awas Yojana,Housing,True,66
41,Male,Delhi,OBC,94376.25,Unemployed,Unemployed,Higher Secondary,2,0.0,True,False,Skill India,Employment,True,66
52,Female,Maharashtra,ST,171444.02,Farmer,Self-Employed,Primary,7,4.67,False,False,PM Kisan,Agriculture,True,67
52,Female,Maharashtra,ST,171444.02,Farmer,Self-Employed,Primary,7,4.67,False,False,Post Matric Scholarship,Education,False,67
52,Female,Maharashtra,ST,171444.02,Farmer,Self-Employed,Primary,7,4.67,False,False,Ayushman Bharat,Healthcare,False,67
52,Female,Maharashtra,ST,171444.02,Farmer,Self-Employed,Primary,7,4.67,False,False,PM Awas Yojana,Housing,False,67
52,Female,Maharashtra,ST,171444.02,Farmer,Self-Employed,Primary,7,4.67,False,False,Skill India,Employment,False,67
65,Male,Karnataka,General,1743337.0,Business,Self-Employed,Post Graduate,5,4.57,False,False,PM Kisan,Agriculture,False,68
65,Male,Karnataka,General,1743337.0,Business,Self-Employed,Post Graduate,5,4.57,False,False,Post Matric Scholarship,Education,False,68
65,Male,Karnataka,General,1743337.0,Business,Self-Employed,Post Graduate,5,4.57,False,False,Ayushman Bharat,Healthcare,False,68
65,Male,Karnataka,General,1743337.0,Business,Self-Employed,Post Graduate,5,4.57,False,False,PM Awas Yojana,Housing,False,68
65,Male,Karnataka,General,1743337.0,Business,Self-Employed,Post Graduate,5,4.57,False,False,Skill India,Employment,False,68
30,Male,Tamil Nadu,General,769762.67,Private Employee,Employed,Diploma,2,0.0,False,True,PM Kisan,Agriculture,False,69
30,Male,Tamil Nadu,General,769762.67,Private Employee,Employed,Diploma,2,0.0,False,True,Post Matric Scholarship,Education,False,69
30,Male,Tamil Nadu,General,769762.67,Private Employee,Employed,Diploma,2,0.0,False,True,Ayushman Bharat,Healthcare,False,69
30,Male,Tamil Nadu,General,769762.67,Private Employee,Employed,Diploma,2,0.0,False,True,PM Awas Yojana,Housing,False,69
30,Male,Tamil Nadu,General,769762.67,Private Employee,Employed,Diploma,2,0.0,False,True,Skill India,Employment,False,69
32,Female,Karnataka,OBC,0.0,Homemaker,Unemployed,Primary,3,1.86,False,False,PM Kisan,Agriculture,False,70
32,Female,Karnataka,OBC,0.0,Homemaker,Unemployed,Primary,3,1.86,False,False,Post Matric Scholarship,Education,False,70
32,Female,Karnataka,OBC,0.0,Homemaker,Unemployed,Primary,3,1.86,False,False,Ayushman Bharat,Healthcare,False,70
32,Female,Karnataka,OBC,0.0,Homemaker,Unemployed,Primary,3,1.86,False,False,PM Awas Yojana,Housing,False,70
32,Female,Karnataka,OBC,0.0,Homemaker,Unemployed,Primary,3,1.86,False,False,Skill India,Employment,False,70
36,Other,Delhi,General,2147197.06,Business,Self-Employed,Higher Secondary,6,2.95,False,True,PM Kisan,Agriculture,False,71
36,Other,Delhi,General,2147197.06,Business,Self-Employed,Higher Secondary,6,2.95,False,True,Post Matric Scholarship,Education,False,71
36,Other,Delhi,General,2147197.06,Business,Self-Employed,Higher Secondary,6,2.95,False,True,Ayushman Bharat,Healthcare,False,71
36,Other,Delhi,General,2147197.06,Business,Self-Employed,Higher Secondary,6,2.95,False,True,PM Awas Yojana,Housing,False,71
36,Other,Delhi,General,2147197.06,Business,Self-Employed,Higher Secondary,6,2.95,False,True,Skill India,Employment,False,71
68,Male,Maharashtra,General,575044.93,Retired,Retired,Secondary,2,3.05,False,True,PM Kisan,Agriculture,False,72
68,Male,Maharashtra,General,575044.93,Retired,Retired,Secondary,2,3.05,False,True,Post Matric Scholarship,Education,False,72
68,Male,Maharashtra,General,575044.93,Retired,Retired,Secondary,2,3.05,False,True,Ayushman Bharat,Healthcare,False,72
68,Male,Maharashtra,General,575044.93,Retired,Retired,Secondary,2,3.05,False,True,PM Awas Yojana,Housing,False,72
68,Male,Maharashtra,General,575044.93,Retired,Retired,Secondary,2,3.05,False,True,Skill India,Employment,False,72
41,Other,Kerala,OBC,437534.64,Government Employee,Employed,Graduate,3,0.0,False,False,PM Kisan,Agriculture,False,73
41,Other,Kerala,OBC,437534.64,Government Employee,Employed,Graduate,3,0.0,False,False,Post Matric Scholarship,Education,False,73
41,Other,Kerala,OBC,437534.64,Government Employee,Employed,Graduate,3,0.0,False,False,Ayushman Bharat,Healthcare,False,73
41,Other,Kerala,OBC,437534.64,Government Employee,Employed,Graduate,3,0.0,False,False,PM Awas Yojana,Housing,False,73
41,Other,Kerala,OBC,437534.64,Government Employee,Employed,Graduate,3,0.0,False,False,Skill India,Employment,False,73
21,Female,Tamil Nadu,General,60156.6,Student,Student,Higher Secondary,4,0.0,True,False,PM Kisan,Agriculture,False,74
21,Female,Tamil Nadu,General,60156.6,Student,Student,Higher Secondary,4,0.0,True,False,Post Matric Scholarship,Education,True,74
21,Female,Tamil Nadu,General,60156.6,Student,Student,Higher Secondary,4,0.0,True,False,Ayushman Bharat,Healthcare,True,74
21,Female,Tamil Nadu,General,60156.6,Student,Student,Higher Secondary,4,0.0,True,False,PM Awas Yojana,Housing,True,74
21,Female,Tamil Nadu,General,60156.6,Student,Student,Higher Secondary,4,0.0,True,False,Skill India,Employment,True,74
47,Female,Delhi,OBC,910991.88,Government Employee,Employed,Graduate,6,0.0,False,True,PM Kisan,Agriculture,False,75
47,Female,Delhi,OBC,910991.88,Government Employee,Employed,Graduate,6,0.0,False,True,Post Matric Scholarship,Education,False,75
47,Female,Delhi,OBC,910991.88,Government Employee,Employed,Graduate,6,0.0,False,True,Ayushman Bharat,Healthcare,False,75
47,Female,Delhi,OBC,910991.88,Government Employee,Employed,Graduate,6,0.0,False,True,PM Awas Yojana,Housing,False,75
47,Female,Delhi,OBC,910991.88,Government Employee,Employed,Graduate,6,0.0,False,True,Skill India,Employment,False,75
22,Other,Maharashtra,ST,86698.49,Student,Student,Higher Secondary,4,0.0,True,False,PM Kisan,Agriculture,False,76
22,Other,Maharashtra,ST,86698.49,Student,Student,Higher Secondary,4,0.0,True,False,Post Matric Scholarship,Education,True,76
22,Other,Maharashtra,ST,86698.49,Student,Student,Higher Secondary,4,0.0,True,False,Ayushman Bharat,Healthcare,True,76
22,Other,Maharashtra,ST,86698.49,Student,Student,Higher Secondary,4,0.0,True,False,PM Awas Yojana,Housing,True,76
22,Other,Maharashtra,ST,86698.49,Student,Student,Higher Secondary,4,0.0,True,False,Skill India,Employment,True,76
42,Other,Maharashtra,OBC,736716.96,Private Employee,Employed,Diploma,3,0.0,False,False,PM Kisan,Agriculture,False,77
42,Other,Maharashtra,OBC,736716.96,Private Employee,Employed,Diploma,3,0.0,False,False,Post Matric Scholarship,Education,False,77
42,Other,Maharashtra,OBC,736716.96,Private Employee,Employed,Diploma,3,0.0,False,False,Ayushman Bharat,Healthcare,False,77
42,Other,Maharashtra,OBC,736716.96,Private Employee,Employed,Diploma,3,0.0,False,False,PM Awas Yojana,Housing,False,77
42,Other,Maharashtra,OBC,736716.96,Private Employee,Employed,Diploma,3,0.0,False,False,Skill India,Employment,False,77
39,Other,Delhi,OBC,1169560.22,Private Employee,Employed,Post Graduate,6,0.0,False,True,PM Kisan,Agriculture,False,78
39,Other,Delhi,OBC,1169560.22,Private Employee,Employed,Post Graduate,6,0.0,False,True,Post Matric Scholarship,Education,False,78
39,Other,Delhi,OBC,1169560.22,Private Employee,Employed,Post Graduate,6,0.0,False,True,Ayushman Bharat,Healthcare,False,78
39,Other,Delhi,OBC,1169560.22,Private Employee,Employed,Post Graduate,6,0.0,False,True,PM Awas Yojana,Housing,False,78
39,Other,Delhi,OBC,1169560.22,Private Employee,Employed,Post Graduate,6,0.0,False,True,Skill India,Employment,False,78
36,Male,Delhi,OBC,398515.33,Private Employee,Employed,Post Graduate,5,0.0,False,False,PM Kisan,Agriculture,False,79
36,Male,Delhi,OBC,398515.33,Private Employee,Employed,Post Graduate,5,0.0,False,False,Post Matric Scholarship,Education,False,79
36,Male,Delhi,OBC,398515.33,Private Employee,Employed,Post Graduate,5,0.0,False,False,Ayushman Bharat,Healthcare,False,79
36,Male,Delhi,OBC,398515.33,Private Employee,Employed,Post Graduate,5,0.0,False,False,PM Awas Yojana,Housing,False,79
36,Male,Delhi,OBC,398515.33,Private Employee,Employed,Post Graduate,5,0.0,False,False,Skill India,Employment,False,79
41,Female,Kerala,OBC,1025146.6,Government Employee,Employed,Post Graduate,6,0.0,False,True,PM Kisan,Agriculture,False,80
41,Female,Kerala,OBC,1025146.6,Government Employee,Employed,Post Graduate,6,0.0,False,True,Post Matric Scholarship,Education,False,80
41,Female,Kerala,OBC,1025146.6,Government Employee,Employed,Post Graduate,6,0.0,False,True,Ayushman Bharat,Healthcare,False,80
41,Female,Kerala,OBC,1025146.6,Government Employee,Employed,Post Graduate,6,0.0,False,True,PM Awas Yojana,Housing,False,80
41,Female,Kerala,OBC,1025146.6,Government Employee,Employed,Post Graduate,6,0.0,False,True,Skill India,Employment,False,80
38,Male,Maharashtra,ST,38042.44,Unemployed,Unemployed,Higher Secondary,4,0.0,False,False,PM Kisan,Agriculture,False,81
38,Male,Maharashtra,ST,38042.44,Unemployed,Unemployed,Higher Secondary,4,0.0,False,False,Post Matric Scholarship,Education,False,81
38,Male,Maharashtra,ST,38042.44,Unemployed,Unemployed,Higher Secondary,4,0.0,False,False,Ayushman Bharat,Healthcare,False,81
38,Male,Maharashtra,ST,38042.44,Unemployed,Unemployed,Higher Secondary,4,0.0,False,False,PM Awas Yojana,Housing,False,81
38,Male,Maharashtra,ST,38042.44,Unemployed,Unemployed,Higher Secondary,4,0.0,False,False,Skill India,Employment,True,81
34,Male,Kerala,ST,114155.46,Farmer,Self-Employed,Primary,5,3.48,False,False,PM Kisan,Agriculture,True,82
34,Male,Kerala,ST,114155.46,Farmer,Self-Employed,Primary,5,3.48,False,False,Post Matric Scholarship,Education,False,82
34,Male,Kerala,ST,114155.46,Farmer,Self-Employed,Primary,5,3.48,False,False,Ayushman Bharat,Healthcare,False,82
34,Male,Kerala,ST,114155.46,Farmer,Self-Employed,Primary,5,3.48,False,False,PM Awas Yojana,Housing,False,82
34,Male,Kerala,ST,114155.46,Farmer,Self-Employed,Primary,5,3.48,False,False,Skill India,Employment,False,82
41,Female,Kerala,ST,761695.73,Private Employee,Employed,Diploma,3,0.0,False,True,PM Kisan,Agriculture,False,83
41,Female,Kerala,ST,761695.73,Private Employee,Employed,Diploma,3,0.0,False,True,Post Matric Scholarship,Education,False,83
41,Female,Kerala,ST,761695.73,Private Employee,Employed,Diploma,3,0.0,False,True,Ayushman Bharat,Healthcare,False,83
41,Female,Kerala,ST,761695.73,Private Employee,Employed,Diploma,3,0.0,False,True,PM Awas Yojana,Housing,False,83
41,Female,Kerala,ST,761695.73,Private Employee,Employed,Diploma,3,0.0,False,True,Skill India,Employment,False,83
20,Female,Karnataka,SC,48246.44,Student,Student,Higher Secondary,6,0.0,False,True,PM Kisan,Agriculture,False,84
20,Female,Karnataka,SC,48246.44,Student,Student,Higher Secondary,6,0.0,False,True,Post Matric Scholarship,Education,True,84
20,Female,Karnataka,SC,48246.44,Student,Student,Higher Secondary,6,0.0,False,True,Ayushman Bharat,Healthcare,False,84
20,Female,Karnataka,SC,48246.44,Student,Student,Higher Secondary,6,0.0,False,True,PM Awas Yojana,Housing,False,84
20,Female,Karnataka,SC,48246.44,Student,Student,Higher Secondary,6,0.0,False,True,Skill India,Employment,True,84
21,Male,Delhi,SC,95416.09,Student,Student,Graduate,3,0.0,False,True,PM Kisan,Agriculture,False,85
21,Male,Delhi,SC,95416.09,Student,Student,Graduate,3,0.0,False,True,Post Matric Scholarship,Education,True,85
21,Male,Delhi,SC,95416.09,Student,Student,Graduate,3,0.0,False,True,Ayushman Bharat,Healthcare,False,85
21,Male,Delhi,SC,95416.09,Student,Student,Graduate,3,0.0,False,True,PM Awas Yojana,Housing,False,85
21,Male,Delhi,SC,95416.09,Student,Student,Graduate,3,0.0,False,True,Skill India,Employment,True,85
31,Other,Tamil Nadu,OBC,1009554.68,Business,Self-Employed,Post Graduate,4,4.85,False,True,PM Kisan,Agriculture,False,86
31,Other,Tamil Nadu,OBC,1009554.68,Business,Self-Employed,Post Graduate,4,4.85,False,True,Post Matric Scholarship,Education,False,86
31,Other,Tamil Nadu,OBC,1009554.68,Business,Self-Employed,Post Graduate,4,4.85,False,True,Ayushman Bharat,Healthcare,False,86
31,Other,Tamil Nadu,OBC,1009554.68,Business,Self-Employed,Post Graduate,4,4.85,False,True,PM Awas Yojana,Housing,False,86
31,Other,Tamil Nadu,OBC,1009554.68,Business,Self-Employed,Post Graduate,4,4.85,False,True,Skill India,Employment,False,86
34,Other,Delhi,SC,299379.25,Farmer,Self-Employed,Secondary,6,3.41,False,False,PM Kisan,Agriculture,False,87
34,Other,Delhi,SC,299379.25,Farmer,Self-Employed,Secondary,6,3.41,False,False,Post Matric Scholarship,Education,False,87
34,Other,Delhi,SC,299379.25,Farmer,Self-Employed,Secondary,6,3.41,False,False,Ayushman Bharat,Healthcare,False,87
34,Other,Delhi,SC,299379.25,Farmer,Self-Employed,Secondary,6,3.41,False,False,PM Awas Yojana,Housing,False,87
34,Other,Delhi,SC,299379.25,Farmer,Self-Employed,Secondary,6,3.41,False,False,Skill India,Employment,False,87
22,Female,Delhi,OBC,1412291.86,Private Employee,Employed,Post Graduate,5,0.0,False,False,PM Kisan,Agriculture,False,88
22,Female,Delhi,OBC,1412291.86,Private Employee,Employed,Post Graduate,5,0.0,False,False,Post Matric Scholarship,Education,False,88
22,Female,Delhi,OBC,1412291.86,Private Employee,Employed,Post Graduate,5,0.0,False,False,Ayushman Bharat,Healthcare,False,88
22,Female,Delhi,OBC,1412291.86,Private Employee,Employed,Post Graduate,5,0.0,False,False,PM Awas Yojana,Housing,False,88
22,Female,Delhi,OBC,1412291.86,Private Employee,Employed,Post Graduate,5,0.0,False,False,Skill India,Employment,False,88
60,Male,Kerala,ST,1467017.57,Business,Self-Employed,Graduate,7,4.21,False,True,PM Kisan,Agriculture,False,89
60,Male,Kerala,ST,1467017.57,Business,Self-Employed,Graduate,7,4.21,False,True,Post Matric Scholarship,Education,False,89
60,Male,Kerala,ST,1467017.57,Business,Self-Employed,Graduate,7,4.21,False,True,Ayushman Bharat,Healthcare,False,89
60,Male,Kerala,ST,1467017.57,Business,Self-Employed,Graduate,7,4.21,False,True,PM Awas Yojana,Housing,False,89
60,Male,Kerala,ST,1467017.57,Business,Self-Employed,Graduate,7,4.21,False,True,Skill India,Employment,False,89
22,Male,Tamil Nadu,ST,356572.77,Private Employee,Employed,Graduate,5,0.0,False,False,PM Kisan,Agriculture,False,90
22,Male,Tamil Nadu,ST,356572.77,Private Employee,Employed,Graduate,5,0.0,False,False,Post Matric Scholarship,Education,False,90
22,Male,Tamil Nadu,ST,356572.77,Private Employee,Employed,Graduate,5,0.0,False,False,Ayushman Bharat,Healthcare,False,90
22,Male,Tamil Nadu,ST,356572.77,Private Employee,Employed,Graduate,5,0.0,False,False,PM Awas Yojana,Housing,False,90
22,Male,Tamil Nadu,ST,356572.77,Private Employee,Employed,Graduate,5,0.0,False,False,Skill India,Employment,False,90
25,Other,Kerala,ST,0.0,Homemaker,Unemployed,Graduate,5,2.44,True,False,PM Kisan,Agriculture,False,91
25,Other,Kerala,ST,0.0,Homemaker,Unemployed,Graduate,5,2.44,True,False,Post Matric Scholarship,Education,False,91
25,Other,Kerala,ST,0.0,Homemaker,Unemployed,Graduate,5,2.44,True,False,Ayushman Bharat,Healthcare,True,91
25,Other,Kerala,ST,0.0,Homemaker,Unemployed,Graduate,5,2.44,True,False,PM Awas Yojana,Housing,True,91
25,Other,Kerala,ST,0.0,Homemaker,Unemployed,Graduate,5,2.44,True,False,Skill India,Employment,False,91
58,Other,Kerala,SC,1486112.01,Private Employee,Employed,Graduate,3,0.0,False,False,PM Kisan,Agriculture,False,92
58,Other,Kerala,SC,1486112.01,Private Employee,Employed,Graduate,3,0.0,False,False,Post Matric Scholarship,Education,False,92
58,Other,Kerala,SC,1486112.01,Private Employee,Employed,Graduate,3,0.0,False,False,Ayushman Bharat,Healthcare,False,92
58,Other,Kerala,SC,1486112.01,Private Employee,Employed,Graduate,3,0.0,False,False,PM Awas Yojana,Housing,False,92
58,Other,Kerala,SC,1486112.01,Private Employee,Employed,Graduate,3,0.0,False,False,Skill India,Employment,False,92
50,Other,Karnataka,General,796669.33,Private Employee,Employed,Diploma,3,0.0,False,True,PM Kisan,Agriculture,False,93
50,Other,Karnataka,General,796669.33,Private Employee,Employed,Diploma,3,0.0,False,True,Post Matric Scholarship,Education,False,93
50,Other,Karnataka,General,796669.33,Private Employee,Employed,Diploma,3,0.0,False,True,Ayushman Bharat,Healthcare,False,93
50,Other,Karnataka,General,796669.33,Private Employee,Employed,Diploma,3,0.0,False,True,PM Awas Yojana,Housing,False,93
50,Other,Karnataka,General,796669.33,Private Employee,Employed,Diploma,3,0.0,False,True,Skill India,Employment,False,93
45,Male,Karnataka,General,1139904.48,Private Employee,Employed,Post Graduate,2,0.0,False,True,PM Kisan,Agriculture,False,94
45,Male,Karnataka,General,1139904.48,Private Employee,Employed,Post Graduate,2,0.0,False,True,Post Matric Scholarship,Education,False,94
45,Male,Karnataka,General,1139904.48,Private Employee,Employed,Post Graduate,2,0.0,False,True,Ayushman Bharat,Healthcare,False,94
45,Male,Karnataka,General,1139904.48,Private Employee,Employed,Post Graduate,2,0.0,False,True,PM Awas Yojana,Housing,False,94
45,Male,Karnataka,General,1139904.48,Private Employee,Employed,Post Graduate,2,0.0,False,True,Skill India,Employment,False,94
49,Other,Delhi,SC,1051825.79,Private Employee,Employed,Post Graduate,6,0.0,False,False,PM Kisan,Agriculture,False,95
49,Other,Delhi,SC,1051825.79,Private Employee,Employed,Post Graduate,6,0.0,False,False,Post Matric Scholarship,Education,False,95
49,Other,Delhi,SC,1051825.79,Private Employee,Employed,Post Graduate,6,0.0,False,False,Ayushman Bharat,Healthcare,False,95
49,Other,Delhi,SC,1051825.79,Private Employee,Employed,Post Graduate,6,0.0,False,False,PM Awas Yojana,Housing,False,95
49,Other,Delhi,SC,1051825.79,Private Employee,Employed,Post Graduate,6,0.0,False,False,Skill India,Employment,False,95
40,Other,Delhi,SC,1033141.78,Private Employee,Employed,Post Graduate,2,0.0,False,False,PM Kisan,Agriculture,False,96
40,Other,Delhi,SC,1033141.78,Private Employee,Employed,Post Graduate,2,0.0,False,False,Post Matric Scholarship,Education,False,96
40,Other,Delhi,SC,1033141.78,Private Employee,Employed,Post Graduate,2,0.0,False,False,Ayushman Bharat,Healthcare,False,96
40,Other,Delhi,SC,1033141.78,Private Employee,Employed,Post Graduate,2,0.0,False,False,PM Awas Yojana,Housing,False,96
40,Other,Delhi,SC,1033141.78,Private Employee,Employed,Post Graduate,2,0.0,False,False,Skill India,Employment,False,96
52,Male,Karnataka,SC,79519.86,Farmer,Self-Employed,Primary,6,1.22,False,True,PM Kisan,Agriculture,True,97
52,Male,Karnataka,SC,79519.86,Farmer,Self-Employed,Primary,6,1.22,False,True,Post Matric Scholarship,Education,False,97
52,Male,Karnataka,SC,79519.86,Farmer,Self-Employed,Primary,6,1.22,False,True,Ayushman Bharat,Healthcare,False,97
52,Male,Karnataka,SC,79519.86,Farmer,Self-Employed,Primary,6,1.22,False,True,PM Awas Yojana,Housing,False,97
52,Male,Karnataka,SC,79519.86,Farmer,Self-Employed,Primary,6,1.22,False,True,Skill India,Employment,False,97
18,Male,Delhi,OBC,77513.25,Student,Student,Diploma,4,0.0,True,True,PM Kisan,Agriculture,False,98
18,Male,Delhi,OBC,77513.25,Student,Student,Diploma,4,0.0,True,True,Post Matric Scholarship,Education,False,98
18,Male,Delhi,OBC,77513.25,Student,Student,Diploma,4,0.0,True,True,Ayushman Bharat,Healthcare,True,98
18,Male,Delhi,OBC,77513.25,Student,Student,Diploma,4,0.0,True,True,PM Awas Yojana,Housing,True,98
18,Male,Delhi,OBC,77513.25,Student,Student,Diploma,4,0.0,True,True,Skill India,Employment,False,98
27,Other,Karnataka,SC,0.0,Homemaker,Unemployed,Secondary,8,1.05,False,True,PM Kisan,Agriculture,False,99
27,Other,Karnataka,SC,0.0,Homemaker,Unemployed,Secondary,8,1.05,False,True,Post Matric Scholarship,Education,False,99
27,Other,Karnataka,SC,0.0,Homemaker,Unemployed,Secondary,8,1.05,False,True,Ayushman Bharat,Healthcare,False,99
27,Other,Karnataka,SC,0.0,Homemaker,Unemployed,Secondary,8,1.05,False,True,PM Awas Yojana,Housing,False,99
27,Other,Karnataka,SC,0.0,Homemaker,Unemployed,Secondary,8,1.05,False,True,Skill India,Employment,False,99
43,Other,Maharashtra,SC,54041.33,Unemployed,Unemployed,Primary,7,0.0,True,False,PM Kisan,Agriculture,False,100
43,Other,Maharashtra,SC,54041.33,Unemployed,Unemployed,Primary,7,0.0,True,False,Post Matric Scholarship,Education,False,100
43,Other,Maharashtra,SC,54041.33,Unemployed,Unemployed,Primary,7,0.0,True,False,Ayushman Bharat,Healthcare,True,100
43,Other,Maharashtra,SC,54041.33,Unemployed,Unemployed,Primary,7,0.0,True,False,PM Awas Yojana,Housing,True,100
43,Other,Maharashtra,SC,54041.33,Unemployed,Unemployed,Primary,7,0.0,True,False,Skill India,Employment,False,100
30,Female,Tamil Nadu,OBC,820057.82,Private Employee,Employed,Post Graduate,3,0.0,False,False,PM Kisan,Agriculture,False,101
30,Female,Tamil Nadu,OBC,820057.82,Private Employee,Employed,Post Graduate,3,0.0,False,False,Post Matric Scholarship,Education,False,101
30,Female,Tamil Nadu,OBC,820057.82,Private Employee,Employed,Post Graduate,3,0.0,False,False,Ayushman Bharat,Healthcare,False,101
30,Female,Tamil Nadu,OBC,820057.82,Private Employee,Employed,Post Graduate,3,0.0,False,False,PM Awas Yojana,Housing,False,101
30,Female,Tamil Nadu,OBC,820057.82,Private Employee,Employed,Post Graduate,3,0.0,False,False,Skill India,Employment,False,101
67,Male,Delhi,ST,309577.72,Retired,Retired,Graduate,6,2.11,False,True,PM Kisan,Agriculture,False,102
67,Male,Delhi,ST,309577.72,Retired,Retired,Graduate,6,2.11,False,True,Post Matric Scholarship,Education,False,102
67,Male,Delhi,ST,309577.72,Retired,Retired,Graduate,6,2.11,False,True,Ayushman Bharat,Healthcare,False,102
67,Male,Delhi,ST,309577.72,Retired,Retired,Graduate,6,2.11,False,True,PM Awas Yojana,Housing,False,102
67,Male,Delhi,ST,309577.72,Retired,Retired,Graduate,6,2.11,False,True,Skill India,Employment,False,102
24,Other,Tamil Nadu,SC,7295.6,Student,Student,Graduate,3,0.0,False,False,PM Kisan,Agriculture,False,103
24,Other,Tamil Nadu,SC,7295.6,Student,Student,Graduate,3,0.0,False,False,Post Matric Scholarship,Education,True,103
24,Other,Tamil Nadu,SC,7295.6,Student,Student,Graduate,3,0.0,False,False,Ayushman Bharat,Healthcare,False,103
24,Other,Tamil Nadu,SC,7295.6,Student,Student,Graduate,3,0.0,False,False,PM Awas Yojana,Housing,False,103
24,Other,Tamil Nadu,SC,7295.6,Student,Student,Graduate,3,0.0,False,False,Skill India,Employment,True,103
42,Female,Maharashtra,ST,1376629.05,Private Employee,Employed,Post Graduate,2,0.0,False,True,PM Kisan,Agriculture,False,104
42,Female,Maharashtra,ST,1376629.05,Private Employee,Employed,Post Graduate,2,0.0,False,True,Post Matric Scholarship,Education,False,104
42,Female,Maharashtra,ST,1376629.05,Private Employee,Employed,Post Graduate,2,0.0,False,True,Ayushman Bharat,Healthcare,False,104
42,Female,Maharashtra,ST,1376629.05,Private Employee,Employed,Post Graduate,2,0.0,False,True,PM Awas Yojana,Housing,False,104
42,Female,Maharashtra,ST,1376629.05,Private Employee,Employed,Post Graduate,2,0.0,False,True,Skill India,Employment,False,104
35,Male,Kerala,SC,491577.5,Farmer,Self-Employed,Secondary,7,3.33,False,False,PM Kisan,Agriculture,False,105
35,Male,Kerala,SC,491577.5,Farmer,Self-Employed,Secondary,7,3.33,False,False,Post Matric Scholarship,Education,False,105
35,Male,Kerala,SC,491577.5,Farmer,Self-Employed,Secondary,7,3.33,False,False,Ayushman Bharat,Healthcare,False,105
35,Male,Kerala,SC,491577.5,Farmer,Self-Employed,Secondary,7,3.33,False,False,PM Awas Yojana,Housing,False,105
35,Male,Kerala,SC,491577.5,Farmer,Self-Employed,Secondary,7,3.33,False,False,Skill India,Employment,False,105
41,Female,Tamil Nadu,OBC,955213.91,Private Employee,Employed,Post Graduate,3,0.0,False,False,PM Kisan,Agriculture,False,106
41,Female,Tamil Nadu,OBC,955213.91,Private Employee,Employed,Post Graduate,3,0.0,False,False,Post Matric Scholarship,Education,False,106
41,Female,Tamil Nadu,OBC,955213.91,Private Employee,Employed,Post Graduate,3,0.0,False,False,Ayushman Bharat,Healthcare,False,106
41,Female,Tamil Nadu,OBC,955213.91,Private Employee,Employed,Post Graduate,3,0.0,False,False,PM Awas Yojana,Housing,False,106
41,Female,Tamil Nadu,OBC,955213.91,Private Employee,Employed,Post Graduate,3,0.0,False,False,Skill India,Employment,False,106
19,Male,Karnataka,General,63000.4,Student,Student,Higher Secondary,6,0.0,False,False,PM Kisan,Agriculture,False,107
19,Male,Karnataka,General,63000.4,Student,Student,Higher Secondary,6,0.0,False,False,Post Matric Scholarship,Education,True,107
19,Male,Karnataka,General,63000.4,Student,Student,Higher Secondary,6,0.0,False,False,Ayushman Bharat,Healthcare,False,107
19,Male,Karnataka,General,63000.4,Student,Student,Higher Secondary,6,0.0,False,False,PM Awas Yojana,Housing,False,107
19,Male,Karnataka,General,63000.4,Student,Student,Higher Secondary,6,0.0,False,False,Skill India,Employment,True,107
24,Female,Kerala,OBC,70689.64,Student,Student,Graduate,6,0.0,True,True,PM Kisan,Agriculture,False,108
24,Female,Kerala,OBC,70689.64,Student,Student,Graduate,6,0.0,True,True,Post Matric Scholarship,Education,True,108
24,Female,Kerala,OBC,70689.64,Student,Student,Graduate,6,0.0,True,True,Ayushman Bharat,Healthcare,True,108
24,Female,Kerala,OBC,70689.64,Student,Student,Graduate,6,0.0,True,True,PM Awas Yojana,Housing,True,108
24,Female,Kerala,OBC,70689.64,Student,Student,Graduate,6,0.0,True,True,Skill India,Employment,True,108
48,Female,Karnataka,ST,0.0,Homemaker,Unemployed,Primary,8,1.15,True,True,PM Kisan,Agriculture,False,109
48,Female,Karnataka,ST,0.0,Homemaker,Unemployed,Primary,8,1.15,True,True,Post Matric Scholarship,Education,False,109
48,Female,Karnataka,ST,0.0,Homemaker,Unemployed,Primary,8,1.15,True,True,Ayushman Bharat,Healthcare,True,109
48,Female,Karnataka,ST,0.0,Homemaker,Unemployed,Primary,8,1.15,True,True,PM Awas Yojana,Housing,True,109
48,Female,Karnataka,ST,0.0,Homemaker,Unemployed,Primary,8,1.15,True,True,Skill India,Employment,False,109
32,Female,Maharashtra,ST,144534.94,Farmer,Self-Employed,Secondary,7,7.28,False,False,PM Kisan,Agriculture,True,110
32,Female,Maharashtra,ST,144534.94,Farmer,Self-Employed,Secondary,7,7.28,False,False,Post Matric Scholarship,Education,False,110
32,Female,Maharashtra,ST,144534.94,Farmer,Self-Employed,Secondary,7,7.28,False,False,Ayushman Bharat,Healthcare,False,110
32,Female,Maharashtra,ST,144534.94,Farmer,Self-Employed,Secondary,7,7.28,False,False,PM Awas Yojana,Housing,False,110
32,Female,Maharashtra,ST,144534.94,Farmer,Self-Employed,Secondary,7,7.28,False,False,Skill India,Employment,False,110
72,Male,Delhi,General,559138.41,Retired,Retired,Secondary,5,4.67,False,True,PM Kisan,Agriculture,False,111
72,Male,Delhi,General,559138.41,Retired,Retired,Secondary,5,4.67,False,True,Post Matric Scholarship,Education,False,111
72,Male,Delhi,General,559138.41,Retired,Retired,Secondary,5,4.67,False,True,Ayushman Bharat,Healthcare,False,111
72,Male,Delhi,General,559138.41,Retired,Retired,Secondary,5,4.67,False,True,PM Awas Yojana,Housing,False,111
72,Male,Delhi,General,559138.41,Retired,Retired,Secondary,5,4.67,False,True,Skill India,Employment,False,111
43,Male,Tamil Nadu,General,30059.86,Unemployed,Unemployed,Primary,3,0.0,True,False,PM Kisan,Agriculture,False,112
43,Male,Tamil Nadu,General,30059.86,Unemployed,Unemployed,Primary,3,0.0,True,False,Post Matric Scholarship,Education,False,112
43,Male,Tamil Nadu,General,30059.86,Unemployed,Unemployed,Primary,3,0.0,True,False,Ayushman Bharat,Healthcare,True,112
43,Male,Tamil Nadu,General,30059.86,Unemployed,Unemployed,Primary,3,0.0,True,False,PM Awas Yojana,Housing,True,112
43,Male,Tamil Nadu,General,30059.86,Unemployed,Unemployed,Primary,3,0.0,True,False,Skill India,Employment,False,112
24,Other,Delhi,ST,35797.19,Student,Unemployed,Diploma,6,0.0,True,True,PM Kisan,Agriculture,False,113
24,Other,Delhi,ST,35797.19,Student,Unemployed,Diploma,6,0.0,True,True,Post Matric Scholarship,Education,False,113
24,Other,Delhi,ST,35797.19,Student,Unemployed,Diploma,6,0.0,True,True,Ayushman Bharat,Healthcare,True,113
24,Other,Delhi,ST,35797.19,Student,Unemployed,Diploma,6,0.0,True,True,PM Awas Yojana,Housing,True,113
24,Other,Delhi,ST,35797.19,Student,Unemployed,Diploma,6,0.0,True,True,Skill India,Employment,False,113
49,Male,Karnataka,OBC,232389.42,Farmer,Self-Employed,Secondary,4,7.34,True,True,PM Kisan,Agriculture,False,114
49,Male,Karnataka,OBC,232389.42,Farmer,Self-Employed,Secondary,4,7.34,True,True,Post Matric Scholarship,Education,False,114
49,Male,Karnataka,OBC,232389.42,Farmer,Self-Employed,Secondary,4,7.34,True,True,Ayushman Bharat,Healthcare,True,114
49,Male,Karnataka,OBC,232389.42,Farmer,Self-Employed,Secondary,4,7.34,True,True,PM Awas Yojana,Housing,True,114
49,Male,Karnataka,OBC,232389.42,Farmer,Self-Employed,Secondary,4,7.34,True,True,Skill India,Employment,False,114
48,Female,Karnataka,SC,47773.58,Unemployed,Unemployed,Higher Secondary,4,0.0,False,False,PM Kisan,Agriculture,False,115
48,Female,Karnataka,SC,47773.58,Unemployed,Unemployed,Higher Secondary,4,0.0,False,False,Post Matric Scholarship,Education,False,115
48,Female,Karnataka,SC,47773.58,Unemployed,Unemployed,Higher Secondary,4,0.0,False,False,Ayushman Bharat,Healthcare,False,115
48,Female,Karnataka,SC,47773.58,Unemployed,Unemployed,Higher Secondary,4,0.0,False,False,PM Awas Yojana,Housing,False,115
48,Female,Karnataka,SC,47773.58,Unemployed,Unemployed,Higher Secondary,4,0.0,False,False,Skill India,Employment,True,115
62,Other,Tamil Nadu,General,81985.42,Farmer,Self-Employed,Primary,5,2.26,True,True,PM Kisan,Agriculture,True,116
62,Other,Tamil Nadu,General,81985.42,Farmer,Self-Employed,Primary,5,2.26,True,True,Post Matric Scholarship,Education,False,116
62,Other,Tamil Nadu,General,81985.42,Farmer,Self-Employed,Primary,5,2.26,True,True,Ayushman Bharat,Healthcare,True,116
62,Other,Tamil Nadu,General,81985.42,Farmer,Self-Employed,Primary,5,2.26,True,True,PM Awas Yojana,Housing,True,116
62,Other,Tamil Nadu,General,81985.42,Farmer,Self-Employed,Primary,5,2.26,True,True,Skill India,Employment,False,116
20,Other,Delhi,SC,118218.34,Student,Student,Higher Secondary,6,0.0,False,False,PM Kisan,Agriculture,False,117
20,Other,Delhi,SC,118218.34,Student,Student,Higher Secondary,6,0.0,False,False,Post Matric Scholarship,Education,True,117
20,Other,Delhi,SC,118218.34,Student,Student,Higher Secondary,6,0.0,False,False,Ayushman Bharat,Healthcare,False,117
20,Other,Delhi,SC,118218.34,Student,Student,Higher Secondary,6,0.0,False,False,PM Awas Yojana,Housing,False,117
20,Other,Delhi,SC,118218.34,Student,Student,Higher Secondary,6,0.0,False,False,Skill India,Employment,True,117
37,Female,Maharashtra,ST,1144023.77,Government Employee,Employed,Graduate,6,0.0,False,False,PM Kisan,Agriculture,False,118
37,Female,Maharashtra,ST,1144023.77,Government Employee,Employed,Graduate,6,0.0,False,False,Post Matric Scholarship,Education,False,118
37,Female,Maharashtra,ST,1144023.77,Government Employee,Employed,Graduate,6,0.0,False,False,Ayushman Bharat,Healthcare,False,118
37,Female,Maharashtra,ST,1144023.77,Government Employee,Employed,Graduate,6,0.0,False,False,PM Awas Yojana,Housing,False,118
37,Female,Maharashtra,ST,1144023.77,Government Employee,Employed,Graduate,6,0.0,False,False,Skill India,Employment,False,118
25,Male,Kerala,SC,1062578.04,Private Employee,Employed,Post Graduate,5,0.0,False,False,PM Kisan,Agriculture,False,119
25,Male,Kerala,SC,1062578.04,Private Employee,Employed,Post Graduate,5,0.0,False,False,Post Matric Scholarship,Education,False,119
25,Male,Kerala,SC,1062578.04,Private Employee,Employed,Post Graduate,5,0.0,False,False,Ayushman Bharat,Healthcare,False,119
25,Male,Kerala,SC,1062578.04,Private Employee,Employed,Post Graduate,5,0.0,False,False,PM Awas Yojana,Housing,False,119
25,Male,Kerala,SC,1062578.04,Private Employee,Employed,Post Graduate,5,0.0,False,False,Skill India,Employment,False,119
57,Male,Karnataka,OBC,164896.7,Farmer,Self-Employed,Primary,7,4.69,False,True,PM Kisan,Agriculture,True,120
57,Male,Karnataka,OBC,164896.7,Farmer,Self-Employed,Primary,7,4.69,False,True,Post Matric Scholarship,Education,False,120
57,Male,Karnataka,OBC,164896.7,Farmer,Self-Employed,Primary,7,4.69,False,True,Ayushman Bharat,Healthcare,False,120
57,Male,Karnataka,OBC,164896.7,Farmer,Self-Employed,Primary,7,4.69,False,True,PM Awas Yojana,Housing,False,120
57,Male,Karnataka,OBC,164896.7,Farmer,Self-Employed,Primary,7,4.69,False,True,Skill India,Employment,False,120
34,Male,Delhi,OBC,1256876.1,Business,Self-Employed,Post Graduate,4,4.36,False,True,PM Kisan,Agriculture,False,121
34,Male,Delhi,OBC,1256876.1,Business,Self-Employed,Post Graduate,4,4.36,False,True,Post Matric Scholarship,Education,False,121
34,Male,Delhi,OBC,1256876.1,Business,Self-Employed,Post Graduate,4,4.36,False,True,Ayushman Bharat,Healthcare,False,121
34,Male,Delhi,OBC,1256876.1,Business,Self-Employed,Post Graduate,4,4.36,False,True,PM Awas Yojana,Housing,False,121
34,Male,Delhi,OBC,1256876.1,Business,Self-Employed,Post Graduate,4,4.36,False,True,Skill India,Employment,False,121
47,Other,Maharashtra,ST,254772.21,Private Employee,Employed,Diploma,4,0.0,False,True,PM Kisan,Agriculture,False,122
47,Other,Maharashtra,ST,254772.21,Private Employee,Employed,Diploma,4,0.0,False,True,Post Matric Scholarship,Education,False,122
47,Other,Maharashtra,ST,254772.21,Private Employee,Employed,Diploma,4,0.0,False,True,Ayushman Bharat,Healthcare,False,122
47,Other,Maharashtra,ST,254772.21,Private Employee,Employed,Diploma,4,0.0,False,True,PM Awas Yojana,Housing,False,122
47,Other,Maharashtra,ST,254772.21,Private Employee,Employed,Diploma,4,0.0,False,True,Skill India,Employment,False,122
18,Other,Tamil Nadu,OBC,99971.47,Student,Student,Higher Secondary,3,0.0,False,True,PM Kisan,Agriculture,False,123
18,Other,Tamil Nadu,OBC,99971.47,Student,Student,Higher Secondary,3,0.0,False,True,Post Matric Scholarship,Education,True,123
18,Other,Tamil Nadu,OBC,99971.47,Student,Student,Higher Secondary,3,0.0,False,True,Ayushman Bharat,Healthcare,False,123
18,Other,Tamil Nadu,OBC,99971.47,Student,Student,Higher Secondary,3,0.0,False,True,PM Awas Yojana,Housing,False,123
18,Other,Tamil Nadu,OBC,99971.47,Student,Student,Higher Secondary,3,0.0,False,True,Skill India,Employment,True,123
33,Other,Tamil Nadu,General,1597574.46,Business,Self-Employed,Higher Secondary,3,2.79,False,False,PM Kisan,Agriculture,False,124
33,Other,Tamil Nadu,General,1597574.46,Business,Self-Employed,Higher Secondary,3,2.79,False,False,Post Matric Scholarship,Education,False,124
33,Other,Tamil Nadu,General,1597574.46,Business,Self-Employed,Higher Secondary,3,2.79,False,False,Ayushman Bharat,Healthcare,False,124
33,Other,Tamil Nadu,General,1597574.46,Business,Self-Employed,Higher Secondary,3,2.79,False,False,PM Awas Yojana,Housing,False,124
33,Other,Tamil Nadu,General,1597574.46,Business,Self-Employed,Higher Secondary,3,2.79,False,False,Skill India,Employment,False,124
30,Male,Maharashtra,SC,756970.94,Business,Self-Employed,Post Graduate,4,0.13,False,False,PM Kisan,Agriculture,False,125
30,Male,Maharashtra,SC,756970.94,Business,Self-Employed,Post Graduate,4,0.13,False,False,Post Matric Scholarship,Education,False,125
30,Male,Maharashtra,SC,756970.94,Business,Self-Employed,Post Graduate,4,0.13,False,False,Ayushman Bharat,Healthcare,False,125
30,Male,Maharashtra,SC,756970.94,Business,Self-Employed,Post Graduate,4,0.13,False,False,PM Awas Yojana,Housing,False,125
30,Male,Maharashtra,SC,756970.94,Business,Self-Employed,Post Graduate,4,0.13,False,False,Skill India,Employment,False,125
23,Male,Tamil Nadu,ST,13819.98,Student,Student,Higher Secondary,6,0.0,False,False,PM Kisan,Agriculture,False,126
23,Male,Tamil Nadu,ST,13819.98,Student,Student,Higher Secondary,6,0.0,False,False,Post Matric Scholarship,Education,True,126
23,Male,Tamil Nadu,ST,13819.98,Student,Student,Higher Secondary,6,0.0,False,False,Ayushman Bharat,Healthcare,False,126
23,Male,Tamil Nadu,ST,13819.98,Student,Student,Higher Secondary,6,0.0,False,False,PM Awas Yojana,Housing,False,126
23,Male,Tamil Nadu,ST,13819.98,Student,Student,Higher Secondary,6,0.0,False,False,Skill India,Employment,True,126
21,Other,Tamil Nadu,General,531910.98,Private Employee,Employed,Graduate,3,0.0,False,True,PM Kisan,Agriculture,False,127
21,Other,Tamil Nadu,General,531910.98,Private Employee,Employed,Graduate,3,0.0,False,True,Post Matric Scholarship,Education,False,127
21,Other,Tamil Nadu,General,531910.98,Private Employee,Employed,Graduate,3,0.0,False,True,Ayushman Bharat,Healthcare,False,127
21,Other,Tamil Nadu,General,531910.98,Private Employee,Employed,Graduate,3,0.0,False,True,PM Awas Yojana,Housing,False,127
21,Other,Tamil Nadu,General,531910.98,Private Employee,Employed,Graduate,3,0.0,False,True,Skill India,Employment,False,127
37,Other,Kerala,OBC,62965.0,Unemployed,Unemployed,Secondary,2,0.0,True,False,PM Kisan,Agriculture,False,128
37,Other,Kerala,OBC,62965.0,Unemployed,Unemployed,Secondary,2,0.0,True,False,Post Matric Scholarship,Education,False,128
37,Other,Kerala,OBC,62965.0,Unemployed,Unemployed,Secondary,2,0.0,True,False,Ayushman Bharat,Healthcare,True,128
37,Other,Kerala,OBC,62965.0,Unemployed,Unemployed,Secondary,2,0.0,True,False,PM Awas Yojana,Housing,True,128
37,Other,Kerala,OBC,62965.0,Unemployed,Unemployed,Secondary,2,0.0,True,False,Skill India,Employment,True,128
29,Male,Kerala,ST,1128803.85,Government Employee,Employed,Post Graduate,2,0.0,False,False,PM Kisan,Agriculture,False,129
29,Male,Kerala,ST,1128803.85,Government Employee,Employed,Post Graduate,2,0.0,False,False,Post Matric Scholarship,Education,False,129
29,Male,Kerala,ST,1128803.85,Government Employee,Employed,Post Graduate,2,0.0,False,False,Ayushman Bharat,Healthcare,False,129
29,Male,Kerala,ST,1128803.85,Government Employee,Employed,Post Graduate,2,0.0,False,False,PM Awas Yojana,Housing,False,129
29,Male,Kerala,ST,1128803.85,Government Employee,Employed,Post Graduate,2,0.0,False,False,Skill India,Employment,False,129
70,Female,Karnataka,OBC,583933.7,Retired,Retired,Graduate,6,1.58,False,True,PM Kisan,Agriculture,False,130
70,Female,Karnataka,OBC,583933.7,Retired,Retired,Graduate,6,1.58,False,True,Post Matric Scholarship,Education,False,130
70,Female,Karnataka,OBC,583933.7,Retired,Retired,Graduate,6,1.58,False,True,Ayushman Bharat,Healthcare,False,130
70,Female,Karnataka,OBC,583933.7,Retired,Retired,Graduate,6,1.58,False,True,PM Awas Yojana,Housing,False,130
70,Female,Karnataka,OBC,583933.7,Retired,Retired,Graduate,6,1.58,False,True,Skill India,Employment,False,130
35,Female,Kerala,General,810145.81,Government Employee,Employed,Post Graduate,6,0.0,False,True,PM Kisan,Agriculture,False,131
35,Female,Kerala,General,810145.81,Government Employee,Employed,Post Graduate,6,0.0,False,True,Post Matric Scholarship,Education,False,131
35,Female,Kerala,General,810145.81,Government Employee,Employed,Post Graduate,6,0.0,False,True,Ayushman Bharat,Healthcare,False,131
35,Female,Kerala,General,810145.81,Government Employee,Employed,Post Graduate,6,0.0,False,True,PM Awas Yojana,Housing,False,131
35,Female,Kerala,General,810145.81,Government Employee,Employed,Post Graduate,6,0.0,False,True,Skill India,Employment,False,131
31,Male,Kerala,ST,37424.3,Unemployed,Unemployed,Graduate,3,0.0,False,True,PM Kisan,Agriculture,False,132
31,Male,Kerala,ST,37424.3,Unemployed,Unemployed,Graduate,3,0.0,False,True,Post Matric Scholarship,Education,False,132
31,Male,Kerala,ST,37424.3,Unemployed,Unemployed,Graduate,3,0.0,False,True,Ayushman Bharat,Healthcare,False,132
31,Male,Kerala,ST,37424.3,Unemployed,Unemployed,Graduate,3,0.0,False,True,PM Awas Yojana,Housing,False,132
31,Male,Kerala,ST,37424.3,Unemployed,Unemployed,Graduate,3,0.0,False,True,Skill India,Employment,True,132
33,Female,Tamil Nadu,SC,96997.95,Unemployed,Unemployed,Graduate,2,0.0,True,False,PM Kisan,Agriculture,False,133
33,Female,Tamil Nadu,SC,96997.95,Unemployed,Unemployed,Graduate,2,0.0,True,False,Post Matric Scholarship,Education,False,133
33,Female,Tamil Nadu,SC,96997.95,Unemployed,Unemployed,Graduate,2,0.0,True,False,Ayushman Bharat,Healthcare,True,133
33,Female,Tamil Nadu,SC,96997.95,Unemployed,Unemployed,Graduate,2,0.0,True,False,PM Awas Yojana,Housing,True,133
33,Female,Tamil Nadu,SC,96997.95,Unemployed,Unemployed,Graduate,2,0.0,True,False,Skill India,Employment,True,133
18,Other,Kerala,OBC,87293.73,Student,Student,Higher Secondary,6,0.0,True,True,PM Kisan,Agriculture,False,134
18,Other,Kerala,OBC,87293.73,Student,Student,Higher Secondary,6,0.0,True,True,Post Matric Scholarship,Education,True,134
18,Other,Kerala,OBC,87293.73,Student,Student,Higher Secondary,6,0.0,True,True,Ayushman Bharat,Healthcare,True,134
18,Other,Kerala,OBC,87293.73,Student,Student,Higher Secondary,6,0.0,True,True,PM Awas Yojana,Housing,True,134
18,Other,Kerala,OBC,87293.73,Student,Student,Higher Secondary,6,0.0,True,True,Skill India,Employment,True,134
53,Other,Kerala,OBC,64305.82,Farmer,Self-Employed,Secondary,4,5.7,True,False,PM Kisan,Agriculture,True,135
53,Other,Kerala,OBC,64305.82,Farmer,Self-Employed,Secondary,4,5.7,True,False,Post Matric Scholarship,Education,False,135
53,Other,Kerala,OBC,64305.82,Farmer,Self-Employed,Secondary,4,5.7,True,False,Ayushman Bharat,Healthcare,True,135
53,Other,Kerala,OBC,64305.82,Farmer,Self-Employed,Secondary,4,5.7,True,False,PM Awas Yojana,Housing,True,135
53,Other,Kerala,OBC,64305.82,Farmer,Self-Employed,Secondary,4,5.7,True,False,Skill India,Employment,False,135
53,Male,Maharashtra,OBC,580851.45,Private Employee,Employed,Diploma,4,0.0,False,False,PM Kisan,Agriculture,False,136
53,Male,Maharashtra,OBC,580851.45,Private Employee,Employed,Diploma,4,0.0,False,False,Post Matric Scholarship,Education,False,136
53,Male,Maharashtra,OBC,580851.45,Private Employee,Employed,Diploma,4,0.0,False,False,Ayushman Bharat,Healthcare,False,136
53,Male,Maharashtra,OBC,580851.45,Private Employee,Employed,Diploma,4,0.0,False,False,PM Awas Yojana,Housing,False,136
53,Male,Maharashtra,OBC,580851.45,Private Employee,Employed,Diploma,4,0.0,False,False,Skill India,Employment,False,136
62,Male,Kerala,ST,236149.45,Farmer,Self-Employed,Primary,7,7.84,True,True,PM Kisan,Agriculture,False,137
62,Male,Kerala,ST,236149.45,Farmer,Self-Employed,Primary,7,7.84,True,True,Post Matric Scholarship,Education,False,137
62,Male,Kerala,ST,236149.45,Farmer,Self-Employed,Primary,7,7.84,True,True,Ayushman Bharat,Healthcare,True,137
62,Male,Kerala,ST,236149.45,Farmer,Self-Employed,Primary,7,7.84,True,True,PM Awas Yojana,Housing,True,137
62,Male,Kerala,ST,236149.45,Farmer,Self-Employed,Primary,7,7.84,True,True,Skill India,Employment,False,137
24,Other,Maharashtra,OBC,67243.92,Student,Student,Higher Secondary,4,0.0,False,False,PM Kisan,Agriculture,False,138
24,Other,Maharashtra,OBC,67243.92,Student,Student,Higher Secondary,4,0.0,False,False,Post Matric Scholarship,Education,True,138
24,Other,Maharashtra,OBC,67243.92,Student,Student,Higher Secondary,4,0.0,False,False,Ayushman Bharat,Healthcare,False,138
24,Other,Maharashtra,OBC,67243.92,Student,Student,Higher Secondary,4,0.0,False,False,PM Awas Yojana,Housing,False,138
24,Other,Maharashtra,OBC,67243.92,Student,Student,Higher Secondary,4,0.0,False,False,Skill India,Employment,True,138
28,Other,Maharashtra,OBC,43727.15,Unemployed,Unemployed,Primary,3,0.0,True,False,PM Kisan,Agriculture,False,139
28,Other,Maharashtra,OBC,43727.15,Unemployed,Unemployed,Primary,3,0.0,True,False,Post Matric Scholarship,Education,False,139
28,Other,Maharashtra,OBC,43727.15,Unemployed,Unemployed,Primary,3,0.0,True,False,Ayushman Bharat,Healthcare,True,139
28,Other,Maharashtra,OBC,43727.15,Unemployed,Unemployed,Primary,3,0.0,True,False,PM Awas Yojana,Housing,True,139
28,Other,Maharashtra,OBC,43727.15,Unemployed,Unemployed,Primary,3,0.0,True,False,Skill India,Employment,False,139
34,Female,Delhi,SC,54068.63,Farmer,Self-Employed,Secondary,6,5.55,False,True,PM Kisan,Agriculture,True,140
34,Female,Delhi,SC,54068.63,Farmer,Self-Employed,Secondary,6,5.55,False,True,Post Matric Scholarship,Education,False,140
34,Female,Delhi,SC,54068.63,Farmer,Self-Employed,Secondary,6,5.55,False,True,Ayushman Bharat,Healthcare,False,140
34,Female,Delhi,SC,54068.63,Farmer,Self-Employed,Secondary,6,5.55,False,True,PM Awas Yojana,Housing,False,140
34,Female,Delhi,SC,54068.63,Farmer,Self-Employed,Secondary,6,5.55,False,True,Skill India,Employment,False,140
58,Female,Maharashtra,ST,309477.5,Government Employee,Employed,Post Graduate,4,0.0,False,True,PM Kisan,Agriculture,False,141
58,Female,Maharashtra,ST,309477.5,Government Employee,Employed,Post Graduate,4,0.0,False,True,Post Matric Scholarship,Education,False,141
58,Female,Maharashtra,ST,309477.5,Government Employee,Employed,Post Graduate,4,0.0,False,True,Ayushman Bharat,Healthcare,False,141
58,Female,Maharashtra,ST,309477.5,Government Employee,Employed,Post Graduate,4,0.0,False,True,PM Awas Yojana,Housing,False,141
58,Female,Maharashtra,ST,309477.5,Government Employee,Employed,Post Graduate,4,0.0,False,True,Skill India,Employment,False,141
39,Other,Kerala,General,2044603.17,Business,Self-Employed,Higher Secondary,4,2.47,False,False,PM Kisan,Agriculture,False,142
39,Other,Kerala,General,2044603.17,Business,Self-Employed,Higher Secondary,4,2.47,False,False,Post Matric Scholarship,Education,False,142
39,Other,Kerala,General,2044603.17,Business,Self-Employed,Higher Secondary,4,2.47,False,False,Ayushman Bharat,Healthcare,False,142
39,Other,Kerala,General,2044603.17,Business,Self-Employed,Higher Secondary,4,2.47,False,False,PM Awas Yojana,Housing,False,142
39,Other,Kerala,General,2044603.17,Business,Self-Employed,Higher Secondary,4,2.47,False,False,Skill India,Employment,False,142
18,Female,Maharashtra,SC,53490.72,Student,Student,Higher Secondary,3,0.0,False,True,PM Kisan,Agriculture,False,143
18,Female,Maharashtra,SC,53490.72,Student,Student,Higher Secondary,3,0.0,False,True,Post Matric Scholarship,Education,True,143
18,Female,Maharashtra,SC,53490.72,Student,Student,Higher Secondary,3,0.0,False,True,Ayushman Bharat,Healthcare,False,143
18,Female,Maharashtra,SC,53490.72,Student,Student,Higher Secondary,3,0.0,False,True,PM Awas Yojana,Housing,False,143
18,Female,Maharashtra,SC,53490.72,Student,Student,Higher Secondary,3,0.0,False,True,Skill India,Employment,True,143
20,Other,Delhi,General,56140.03,Student,Student,Graduate,6,0.0,True,False,PM Kisan,Agriculture,False,144
20,Other,Delhi,General,56140.03,Student,Student,Graduate,6,0.0,True,False,Post Matric Scholarship,Education,True,144
20,Other,Delhi,General,56140.03,Student,Student,Graduate,6,0.0,True,False,Ayushman Bharat,Healthcare,True,144
20,Other,Delhi,General,56140.03,Student,Student,Graduate,6,0.0,True,False,PM Awas Yojana,Housing,True,144
20,Other,Delhi,General,56140.03,Student,Student,Graduate,6,0.0,True,False,Skill India,Employment,True,144
56,Other,Tamil Nadu,General,772425.29,Private Employee,Employed,Post Graduate,3,0.0,False,True,PM Kisan,Agriculture,False,145
56,Other,Tamil Nadu,General,772425.29,Private Employee,Employed,Post Graduate,3,0.0,False,True,Post Matric Scholarship,Education,False,145
56,Other,Tamil Nadu,General,772425.29,Private Employee,Employed,Post Graduate,3,0.0,False,True,Ayushman Bharat,Healthcare,False,145
56,Other,Tamil Nadu,General,772425.29,Private Employee,Employed,Post Graduate,3,0.0,False,True,PM Awas Yojana,Housing,False,145
56,Other,Tamil Nadu,General,772425.29,Private Employee,Employed,Post Graduate,3,0.0,False,True,Skill India,Employment,False,145
26,Other,Karnataka,General,759573.82,Private Employee,Employed,Post Graduate,3,0.0,False,False,PM Kisan,Agriculture,False,146
26,Other,Karnataka,General,759573.82,Private Employee,Employed,Post Graduate,3,0.0,False,False,Post Matric Scholarship,Education,False,146
26,Other,Karnataka,General,759573.82,Private Employee,Employed,Post Graduate,3,0.0,False,False,Ayushman Bharat,Healthcare,False,146
26,Other,Karnataka,General,759573.82,Private Employee,Employed,Post Graduate,3,0.0,False,False,PM Awas Yojana,Housing,False,146
26,Other,Karnataka,General,759573.82,Private Employee,Employed,Post Graduate,3,0.0,False,False,Skill India,Employment,False,146
29,Female,Kerala,SC,237971.08,Farmer,Self-Employed,Higher Secondary,7,1.22,False,False,PM Kisan,Agriculture,False,147
29,Female,Kerala,SC,237971.08,Farmer,Self-Employed,Higher Secondary,7,1.22,False,False,Post Matric Scholarship,Education,False,147
29,Female,Kerala,SC,237971.08,Farmer,Self-Employed,Higher Secondary,7,1.22,False,False,Ayushman Bharat,Healthcare,False,147
29,Female,Kerala,SC,237971.08,Farmer,Self-Employed,Higher Secondary,7,1.22,False,False,PM Awas Yojana,Housing,False,147
29,Female,Kerala,SC,237971.08,Farmer,Self-Employed,Higher Secondary,7,1.22,False,False,Skill India,Employment,False,147
22,Other,Delhi,General,40047.54,Student,Student,Diploma,6,0.0,False,False,PM Kisan,Agriculture,False,148
22,Other,Delhi,General,40047.54,Student,Student,Diploma,6,0.0,False,False,Post Matric Scholarship,Education,False,148
22,Other,Delhi,General,40047.54,Student,Student,Diploma,6,0.0,False,False,Ayushman Bharat,Healthcare,False,148
22,Other,Delhi,General,40047.54,Student,Student,Diploma,6,0.0,False,False,PM Awas Yojana,Housing,False,148
22,Other,Delhi,General,40047.54,Student,Student,Diploma,6,0.0,False,False,Skill India,Employment,False,148
48,Other,Kerala,ST,716283.05,Business,Self-Employed,Graduate,2,1.6,False,True,PM Kisan,Agriculture,False,149
48,Other,Kerala,ST,716283.05,Business,Self-Employed,Graduate,2,1.6,False,True,Post Matric Scholarship,Education,False,149
48,Other,Kerala,ST,716283.05,Business,Self-Employed,Graduate,2,1.6,False,True,Ayushman Bharat,Healthcare,False,149
48,Other,Kerala,ST,716283.05,Business,Self-Employed,Graduate,2,1.6,False,True,PM Awas Yojana,Housing,False,149
48,Other,Kerala,ST,716283.05,Business,Self-Employed,Graduate,2,1.6,False,True,Skill India,Employment,False,149
46,Male,Delhi,ST,2188.55,Unemployed,Unemployed,Higher Secondary,7,0.0,False,False,PM Kisan,Agriculture,False,150
46,Male,Delhi,ST,2188.55,Unemployed,Unemployed,Higher Secondary,7,0.0,False,False,Post Matric Scholarship,Education,False,150
46,Male,Delhi,ST,2188.55,Unemployed,Unemployed,Higher Secondary,7,0.0,False,False,Ayushman Bharat,Healthcare,False,150
46,Male,Delhi,ST,2188.55,Unemployed,Unemployed,Higher Secondary,7,0.0,False,False,PM Awas Yojana,Housing,False,150
46,Male,Delhi,ST,2188.55,Unemployed,Unemployed,Higher Secondary,7,0.0,False,False,Skill India,Employment,True,150
51,Male,Karnataka,SC,738733.88,Private Employee,Employed,Post Graduate,6,0.0,False,False,PM Kisan,Agriculture,False,151
51,Male,Karnataka,SC,738733.88,Private Employee,Employed,Post Graduate,6,0.0,False,False,Post Matric Scholarship,Education,False,151
51,Male,Karnataka,SC,738733.88,Private Employee,Employed,Post Graduate,6,0.0,False,False,Ayushman Bharat,Healthcare,False,151
51,Male,Karnataka,SC,738733.88,Private Employee,Employed,Post Graduate,6,0.0,False,False,PM Awas Yojana,Housing,False,151
51,Male,Karnataka,SC,738733.88,Private Employee,Employed,Post Graduate,6,0.0,False,False,Skill India,Employment,False,151
63,Female,Tamil Nadu,SC,1248119.89,Business,Self-Employed,Post Graduate,4,3.37,False,True,PM Kisan,Agriculture,False,152
63,Female,Tamil Nadu,SC,1248119.89,Business,Self-Employed,Post Graduate,4,3.37,False,True,Post Matric Scholarship,Education,False,152
63,Female,Tamil Nadu,SC,1248119.89,Business,Self-Employed,Post Graduate,4,3.37,False,True,Ayushman Bharat,Healthcare,False,152
63,Female,Tamil Nadu,SC,1248119.89,Business,Self-Employed,Post Graduate,4,3.37,False,True,PM Awas Yojana,Housing,False,152
63,Female,Tamil Nadu,SC,1248119.89,Business,Self-Employed,Post Graduate,4,3.37,False,True,Skill India,Employment,False,152
65,Other,Karnataka,OBC,2328773.79,Business,Self-Employed,Post Graduate,3,3.18,False,False,PM Kisan,Agriculture,False,153
65,Other,Karnataka,OBC,2328773.79,Business,Self-Employed,Post Graduate,3,3.18,False,False,Post Matric Scholarship,Education,False,153
65,Other,Karnataka,OBC,2328773.79,Business,Self-Employed,Post Graduate,3,3.18,False,False,Ayushman Bharat,Healthcare,False,153
65,Other,Karnataka,OBC,2328773.79,Business,Self-Employed,Post Graduate,3,3.18,False,False,PM Awas Yojana,Housing,False,153
65,Other,Karnataka,OBC,2328773.79,Business,Self-Employed,Post Graduate,3,3.18,False,False,Skill India,Employment,False,153
26,Other,Delhi,SC,860387.89,Private Employee,Employed,Diploma,2,0.0,False,False,PM Kisan,Agriculture,False,154
26,Other,Delhi,SC,860387.89,Private Employee,Employed,Diploma,2,0.0,False,False,Post Matric Scholarship,Education,False,154
26,Other,Delhi,SC,860387.89,Private Employee,Employed,Diploma,2,0.0,False,False,Ayushman Bharat,Healthcare,False,154
26,Other,Delhi,SC,860387.89,Private Employee,Employed,Diploma,2,0.0,False,False,PM Awas Yojana,Housing,False,154
26,Other,Delhi,SC,860387.89,Private Employee,Employed,Diploma,2,0.0,False,False,Skill India,Employment,False,154
34,Female,Tamil Nadu,General,84489.63,Farmer,Self-Employed,Secondary,5,4.51,True,False,PM Kisan,Agriculture,True,155
34,Female,Tamil Nadu,General,84489.63,Farmer,Self-Employed,Secondary,5,4.51,True,False,Post Matric Scholarship,Education,False,155
34,Female,Tamil Nadu,General,84489.63,Farmer,Self-Employed,Secondary,5,4.51,True,False,Ayushman Bharat,Healthcare,True,155
34,Female,Tamil Nadu,General,84489.63,Farmer,Self-Employed,Secondary,5,4.51,True,False,PM Awas Yojana,Housing,True,155
34,Female,Tamil Nadu,General,84489.63,Farmer,Self-Employed,Secondary,5,4.51,True,False,Skill India,Employment,False,155
19,Other,Delhi,ST,77930.37,Student,Unemployed,Higher Secondary,5,0.0,False,True,PM Kisan,Agriculture,False,156
19,Other,Delhi,ST,77930.37,Student,Unemployed,Higher Secondary,5,0.0,False,True,Post Matric Scholarship,Education,False,156
19,Other,Delhi,ST,77930.37,Student,Unemployed,Higher Secondary,5,0.0,False,True,Ayushman Bharat,Healthcare,False,156
19,Other,Delhi,ST,77930.37,Student,Unemployed,Higher Secondary,5,0.0,False,True,PM Awas Yojana,Housing,False,156
19,Other,Delhi,ST,77930.37,Student,Unemployed,Higher Secondary,5,0.0,False,True,Skill India,Employment,True,156
18,Female,Maharashtra,SC,37554.58,Student,Student,Higher Secondary,6,0.0,True,False,PM Kisan,Agriculture,False,157
18,Female,Maharashtra,SC,37554.58,Student,Student,Higher Secondary,6,0.0,True,False,Post Matric Scholarship,Education,True,157
18,Female,Maharashtra,SC,37554.58,Student,Student,Higher Secondary,6,0.0,True,False,Ayushman Bharat,Healthcare,True,157
18,Female,Maharashtra,SC,37554.58,Student,Student,Higher Secondary,6,0.0,True,False,PM Awas Yojana,Housing,True,157
18,Female,Maharashtra,SC,37554.58,Student,Student,Higher Secondary,6,0.0,True,False,Skill India,Employment,True,157
40,Female,Karnataka,General,35782.07,Unemployed,Unemployed,Primary,4,0.0,False,True,PM Kisan,Agriculture,False,158
40,Female,Karnataka,General,35782.07,Unemployed,Unemployed,Primary,4,0.0,False,True,Post Matric Scholarship,Education,False,158
40,Female,Karnataka,General,35782.07,Unemployed,Unemployed,Primary,4,0.0,False,True,Ayushman Bharat,Healthcare,False,158
40,Female,Karnataka,General,35782.07,Unemployed,Unemployed,Primary,4,0.0,False,True,PM Awas Yojana,Housing,False,158
40,Female,Karnataka,General,35782.07,Unemployed,Unemployed,Primary,4,0.0,False,True,Skill India,Employment,False,158
65,Female,Karnataka,ST,172384.16,Retired,Retired,Secondary,4,4.64,False,True,PM Kisan,Agriculture,False,159
65,Female,Karnataka,ST,172384.16,Retired,Retired,Secondary,4,4.64,False,True,Post Matric Scholarship,Education,False,159
65,Female,Karnataka,ST,172384.16,Retired,Retired,Secondary,4,4.64,False,True,Ayushman Bharat,Healthcare,False,159
65,Female,Karnataka,ST,172384.16,Retired,Retired,Secondary,4,4.64,False,True,PM Awas Yojana,Housing,False,159
65,Female,Karnataka,ST,172384.16,Retired,Retired,Secondary,4,4.64,False,True,Skill India,Employment,False,159
56,Other,Delhi,OBC,1114309.21,Government Employee,Employed,Post Graduate,6,0.0,False,True,PM Kisan,Agriculture,False,160
56,Other,Delhi,OBC,1114309.21,Government Employee,Employed,Post Graduate,6,0.0,False,True,Post Matric Scholarship,Education,False,160
56,Other,Delhi,OBC,1114309.21,Government Employee,Employed,Post Graduate,6,0.0,False,True,Ayushman Bharat,Healthcare,False,160
56,Other,Delhi,OBC,1114309.21,Government Employee,Employed,Post Graduate,6,0.0,False,True,PM Awas Yojana,Housing,False,160
56,Other,Delhi,OBC,1114309.21,Government Employee,Employed,Post Graduate,6,0.0,False,True,Skill India,Employment,False,160
46,Male,Maharashtra,ST,128000.63,Farmer,Self-Employed,Secondary,6,6.91,False,False,PM Kisan,Agriculture,True,161
46,Male,Maharashtra,ST,128000.63,Farmer,Self-Employed,Secondary,6,6.91,False,False,Post Matric Scholarship,Education,False,161
46,Male,Maharashtra,ST,128000.63,Farmer,Self-Employed,Secondary,6,6.91,False,False,Ayushman Bharat,Healthcare,False,161
46,Male,Maharashtra,ST,128000.63,Farmer,Self-Employed,Secondary,6,6.91,False,False,PM Awas Yojana,Housing,False,161
46,Male,Maharashtra,ST,128000.63,Farmer,Self-Employed,Secondary,6,6.91,False,False,Skill India,Employment,False,161
50,Other,Karnataka,General,124830.75,Farmer,Self-Employed,Secondary,5,5.38,False,True,PM Kisan,Agriculture,True,162
50,Other,Karnataka,General,124830.75,Farmer,Self-Employed,Secondary,5,5.38,False,True,Post Matric Scholarship,Education,False,162
50,Other,Karnataka,General,124830.75,Farmer,Self-Employed,Secondary,5,5.38,False,True,Ayushman Bharat,Healthcare,False,162
50,Other,Karnataka,General,124830.75,Farmer,Self-Employed,Secondary,5,5.38,False,True,PM Awas Yojana,Housing,False,162
50,Other,Karnataka,General,124830.75,Farmer,Self-Employed,Secondary,5,5.38,False,True,Skill India,Employment,False,162
21,Female,Tamil Nadu,ST,8814.89,Student,Unemployed,Higher Secondary,4,0.0,False,True,PM Kisan,Agriculture,False,163
21,Female,Tamil Nadu,ST,8814.89,Student,Unemployed,Higher Secondary,4,0.0,False,True,Post Matric Scholarship,Education,False,163
21,Female,Tamil Nadu,ST,8814.89,Student,Unemployed,Higher Secondary,4,0.0,False,True,Ayushman Bharat,Healthcare,False,163
21,Female,Tamil Nadu,ST,8814.89,Student,Unemployed,Higher Secondary,4,0.0,False,True,PM Awas Yojana,Housing,False,163
21,Female,Tamil Nadu,ST,8814.89,Student,Unemployed,Higher Secondary,4,0.0,False,True,Skill India,Employment,True,163
41,Other,Delhi,General,0.0,Homemaker,Unemployed,Graduate,3,2.86,False,True,PM Kisan,Agriculture,False,164
41,Other,Delhi,General,0.0,Homemaker,Unemployed,Graduate,3,2.86,False,True,Post Matric Scholarship,Education,False,164
41,Other,Delhi,General,0.0,Homemaker,Unemployed,Graduate,3,2.86,False,True,Ayushman Bharat,Healthcare,False,164
41,Other,Delhi,General,0.0,Homemaker,Unemployed,Graduate,3,2.86,False,True,PM Awas Yojana,Housing,False,164
41,Other,Delhi,General,0.0,Homemaker,Unemployed,Graduate,3,2.86,False,True,Skill India,Employment,False,164
27,Female,Kerala,General,136117.95,Farmer,Self-Employed,Primary,7,3.82,True,True,PM Kisan,Agriculture,True,165
27,Female,Kerala,General,136117.95,Farmer,Self-Employed,Primary,7,3.82,True,True,Post Matric Scholarship,Education,False,165
27,Female,Kerala,General,136117.95,Farmer,Self-Employed,Primary,7,3.82,True,True,Ayushman Bharat,Healthcare,True,165
27,Female,Kerala,General,136117.95,Farmer,Self-Employed,Primary,7,3.82,True,True,PM Awas Yojana,Housing,True,165
27,Female,Kerala,General,136117.95,Farmer,Self-Employed,Primary,7,3.82,True,True,Skill India,Employment,False,165
29,Male,Maharashtra,OBC,472663.02,Business,Self-Employed,Higher Secondary,4,3.35,False,True,PM Kisan,Agriculture,False,166
29,Male,Maharashtra,OBC,472663.02,Business,Self-Employed,Higher Secondary,4,3.35,False,True,Post Matric Scholarship,Education,False,166
29,Male,Maharashtra,OBC,472663.02,Business,Self-Employed,Higher Secondary,4,3.35,False,True,Ayushman Bharat,Healthcare,False,166
29,Male,Maharashtra,OBC,472663.02,Business,Self-Employed,Higher Secondary,4,3.35,False,True,PM Awas Yojana,Housing,False,166
29,Male,Maharashtra,OBC,472663.02,Business,Self-Employed,Higher Secondary,4,3.35,False,True,Skill India,Employment,False,166
35,Male,Karnataka,SC,473505.32,Government Employee,Employed,Graduate,5,0.0,False,False,PM Kisan,Agriculture,False,167
35,Male,Karnataka,SC,473505.32,Government Employee,Employed,Graduate,5,0.0,False,False,Post Matric Scholarship,Education,False,167
35,Male,Karnataka,SC,473505.32,Government Employee,Employed,Graduate,5,0.0,False,False,Ayushman Bharat,Healthcare,False,167
35,Male,Karnataka,SC,473505.32,Government Employee,Employed,Graduate,5,0.0,False,False,PM Awas Yojana,Housing,False,167
35,Male,Karnataka,SC,473505.32,Government Employee,Employed,Graduate,5,0.0,False,False,Skill India,Employment,False,167
19,Female,Tamil Nadu,ST,90684.85,Student,Student,Graduate,6,0.0,False,True,PM Kisan,Agriculture,False,168
19,Female,Tamil Nadu,ST,90684.85,Student,Student,Graduate,6,0.0,False,True,Post Matric Scholarship,Education,True,168
19,Female,Tamil Nadu,ST,90684.85,Student,Student,Graduate,6,0.0,False,True,Ayushman Bharat,Healthcare,False,168
19,Female,Tamil Nadu,ST,90684.85,Student,Student,Graduate,6,0.0,False,True,PM Awas Yojana,Housing,False,168
19,Female,Tamil Nadu,ST,90684.85,Student,Student,Graduate,6,0.0,False,True,Skill India,Employment,True,168
25,Male,Karnataka,OBC,102069.23,Farmer,Self-Employed,Primary,7,3.78,False,False,PM Kisan,Agriculture,True,169
25,Male,Karnataka,OBC,102069.23,Farmer,Self-Employed,Primary,7,3.78,False,False,Post Matric Scholarship,Education,False,169
25,Male,Karnataka,OBC,102069.23,Farmer,Self-Employed,Primary,7,3.78,False,False,Ayushman Bharat,Healthcare,False,169
25,Male,Karnataka,OBC,102069.23,Farmer,Self-Employed,Primary,7,3.78,False,False,PM Awas Yojana,Housing,False,169
25,Male,Karnataka,OBC,102069.23,Farmer,Self-Employed,Primary,7,3.78,False,False,Skill India,Employment,False,169
28,Other,Kerala,ST,1114181.16,Private Employee,Employed,Diploma,5,0.0,False,True,PM Kisan,Agriculture,False,170
28,Other,Kerala,ST,1114181.16,Private Employee,Employed,Diploma,5,0.0,False,True,Post Matric Scholarship,Education,False,170
28,Other,Kerala,ST,1114181.16,Private Employee,Employed,Diploma,5,0.0,False,True,Ayushman Bharat,Healthcare,False,170
28,Other,Kerala,ST,1114181.16,Private Employee,Employed,Diploma,5,0.0,False,True,PM Awas Yojana,Housing,False,170
28,Other,Kerala,ST,1114181.16,Private Employee,Employed,Diploma,5,0.0,False,True,Skill India,Employment,False,170
58,Male,Maharashtra,SC,91173.75,Farmer,Self-Employed,Secondary,6,1.08,True,True,PM Kisan,Agriculture,True,171
58,Male,Maharashtra,SC,91173.75,Farmer,Self-Employed,Secondary,6,1.08,True,True,Post Matric Scholarship,Education,False,171
58,Male,Maharashtra,SC,91173.75,Farmer,Self-Employed,Secondary,6,1.08,True,True,Ayushman Bharat,Healthcare,True,171
58,Male,Maharashtra,SC,91173.75,Farmer,Self-Employed,Secondary,6,1.08,True,True,PM Awas Yojana,Housing,True,171
58,Male,Maharashtra,SC,91173.75,Farmer,Self-Employed,Secondary,6,1.08,True,True,Skill India,Employment,False,171
46,Other,Tamil Nadu,OBC,443291.17,Government Employee,Employed,Post Graduate,3,0.0,False,True,PM Kisan,Agriculture,False,172
46,Other,Tamil Nadu,OBC,443291.17,Government Employee,Employed,Post Graduate,3,0.0,False,True,Post Matric Scholarship,Education,False,172
46,Other,Tamil Nadu,OBC,443291.17,Government Employee,Employed,Post Graduate,3,0.0,False,True,Ayushman Bharat,Healthcare,False,172
46,Other,Tamil Nadu,OBC,443291.17,Government Employee,Employed,Post Graduate,3,0.0,False,True,PM Awas Yojana,Housing,False,172
46,Other,Tamil Nadu,OBC,443291.17,Government Employee,Employed,Post Graduate,3,0.0,False,True,Skill India,Employment,False,172
28,Other,Kerala,ST,756685.73,Government Employee,Employed,Graduate,6,0.0,False,False,PM Kisan,Agriculture,False,173
28,Other,Kerala,ST,756685.73,Government Employee,Employed,Graduate,6,0.0,False,False,Post Matric Scholarship,Education,False,173
28,Other,Kerala,ST,756685.73,Government Employee,Employed,Graduate,6,0.0,False,False,Ayushman Bharat,Healthcare,False,173
28,Other,Kerala,ST,756685.73,Government Employee,Employed,Graduate,6,0.0,False,False,PM Awas Yojana,Housing,False,173
28,Other,Kerala,ST,756685.73,Government Employee,Employed,Graduate,6,0.0,False,False,Skill India,Employment,False,173
24,Female,Maharashtra,ST,88297.9,Student,Unemployed,Higher Secondary,4,0.0,True,False,PM Kisan,Agriculture,False,174
24,Female,Maharashtra,ST,88297.9,Student,Unemployed,Higher Secondary,4,0.0,True,False,Post Matric Scholarship,Education,False,174
24,Female,Maharashtra,ST,88297.9,Student,Unemployed,Higher Secondary,4,0.0,True,False,Ayushman Bharat,Healthcare,True,174
24,Female,Maharashtra,ST,88297.9,Student,Unemployed,Higher Secondary,4,0.0,True,False,PM Awas Yojana,Housing,True,174
24,Female,Maharashtra,ST,88297.9,Student,Unemployed,Higher Secondary,4,0.0,True,False,Skill India,Employment,True,174
23,Other,Tamil Nadu,OBC,1118336.93,Government Employee,Employed,Post Graduate,4,0.0,False,False,PM Kisan,Agriculture,False,175
23,Other,Tamil Nadu,OBC,1118336.93,Government Employee,Employed,Post Graduate,4,0.0,False,False,Post Matric Scholarship,Education,False,175
23,Other,Tamil Nadu,OBC,1118336.93,Government Employee,Employed,Post Graduate,4,0.0,False,False,Ayushman Bharat,Healthcare,False,175
23,Other,Tamil Nadu,OBC,1118336.93,Government Employee,Employed,Post Graduate,4,0.0,False,False,PM Awas Yojana,Housing,False,175
23,Other,Tamil Nadu,OBC,1118336.93,Government Employee,Employed,Post Graduate,4,0.0,False,False,Skill India,Employment,False,175
54,Other,Karnataka,General,1745036.31,Business,Self-Employed,Post Graduate,6,0.14,False,False,PM Kisan,Agriculture,False,176
54,Other,Karnataka,General,1745036.31,Business,Self-Employed,Post Graduate,6,0.14,False,False,Post Matric Scholarship,Education,False,176
54,Other,Karnataka,General,1745036.31,Business,Self-Employed,Post Graduate,6,0.14,False,False,Ayushman Bharat,Healthcare,False,176
54,Other,Karnataka,General,1745036.31,Business,Self-Employed,Post Graduate,6,0.14,False,False,PM Awas Yojana,Housing,False,176
54,Other,Karnataka,General,1745036.31,Business,Self-Employed,Post Graduate,6,0.14,False,False,Skill India,Employment,False,176
27,Female,Delhi,ST,755514.51,Private Employee,Employed,Diploma,3,0.0,False,True,PM Kisan,Agriculture,False,177
27,Female,Delhi,ST,755514.51,Private Employee,Employed,Diploma,3,0.0,False,True,Post Matric Scholarship,Education,False,177
27,Female,Delhi,ST,755514.51,Private Employee,Employed,Diploma,3,0.0,False,True,Ayushman Bharat,Healthcare,False,177
27,Female,Delhi,ST,755514.51,Private Employee,Employed,Diploma,3,0.0,False,True,PM Awas Yojana,Housing,False,177
27,Female,Delhi,ST,755514.51,Private Employee,Employed,Diploma,3,0.0,False,True,Skill India,Employment,False,177
41,Female,Maharashtra,General,641063.78,Private Employee,Employed,Diploma,3,0.0,False,True,PM Kisan,Agriculture,False,178
41,Female,Maharashtra,General,641063.78,Private Employee,Employed,Diploma,3,0.0,False,True,Post Matric Scholarship,Education,False,178
41,Female,Maharashtra,General,641063.78,Private Employee,Employed,Diploma,3,0.0,False,True,Ayushman Bharat,Healthcare,False,178
41,Female,Maharashtra,General,641063.78,Private Employee,Employed,Diploma,3,0.0,False,True,PM Awas Yojana,Housing,False,178
41,Female,Maharashtra,General,641063.78,Private Employee,Employed,Diploma,3,0.0,False,True,Skill India,Employment,False,178
30,Male,Kerala,SC,1050240.12,Private Employee,Employed,Post Graduate,5,0.0,False,False,PM Kisan,Agriculture,False,179
30,Male,Kerala,SC,1050240.12,Private Employee,Employed,Post Graduate,5,0.0,False,False,Post Matric Scholarship,Education,False,179
30,Male,Kerala,SC,1050240.12,Private Employee,Employed,Post Graduate,5,0.0,False,False,Ayushman Bharat,Healthcare,False,179
30,Male,Kerala,SC,1050240.12,Private Employee,Employed,Post Graduate,5,0.0,False,False,PM Awas Yojana,Housing,False,179
30,Male,Kerala,SC,1050240.12,Private Employee,Employed,Post Graduate,5,0.0,False,False,Skill India,Employment,False,179
45,Male,Delhi,ST,1121966.57,Government Employee,Employed,Post Graduate,5,0.0,False,True,PM Kisan,Agriculture,False,180
45,Male,Delhi,ST,1121966.57,Government Employee,Employed,Post Graduate,5,0.0,False,True,Post Matric Scholarship,Education,False,180
45,Male,Delhi,ST,1121966.57,Government Employee,Employed,Post Graduate,5,0.0,False,True,Ayushman Bharat,Healthcare,False,180
45,Male,Delhi,ST,1121966.57,Government Employee,Employed,Post Graduate,5,0.0,False,True,PM Awas Yojana,Housing,False,180
45,Male,Delhi,ST,1121966.57,Government Employee,Employed,Post Graduate,5,0.0,False,True,Skill India,Employment,False,180
24,Male,Maharashtra,General,70337.66,Student,Student,Higher Secondary,5,0.0,False,True,PM Kisan,Agriculture,False,181
24,Male,Maharashtra,General,70337.66,Student,Student,Higher Secondary,5,0.0,False,True,Post Matric Scholarship,Education,True,181
24,Male,Maharashtra,General,70337.66,Student,Student,Higher Secondary,5,0.0,False,True,Ayushman Bharat,Healthcare,False,181
24,Male,Maharashtra,General,70337.66,Student,Student,Higher Secondary,5,0.0,False,True,PM Awas Yojana,Housing,False,181
24,Male,Maharashtra,General,70337.66,Student,Student,Higher Secondary,5,0.0,False,True,Skill India,Employment,True,181
48,Male,Maharashtra,ST,690955.14,Private Employee,Employed,Post Graduate,3,0.0,False,False,PM Kisan,Agriculture,False,182
48,Male,Maharashtra,ST,690955.14,Private Employee,Employed,Post Graduate,3,0.0,False,False,Post Matric Scholarship,Education,False,182
48,Male,Maharashtra,ST,690955.14,Private Employee,Employed,Post Graduate,3,0.0,False,False,Ayushman Bharat,Healthcare,False,182
48,Male,Maharashtra,ST,690955.14,Private Employee,Employed,Post Graduate,3,0.0,False,False,PM Awas Yojana,Housing,False,182
48,Male,Maharashtra,ST,690955.14,Private Employee,Employed,Post Graduate,3,0.0,False,False,Skill India,Employment,False,182
35,Other,Kerala,General,46019.67,Unemployed,Unemployed,Graduate,6,0.0,False,True,PM Kisan,Agriculture,False,183
35,Other,Kerala,General,46019.67,Unemployed,Unemployed,Graduate,6,0.0,False,True,Post Matric Scholarship,Education,False,183
35,Other,Kerala,General,46019.67,Unemployed,Unemployed,Graduate,6,0.0,False,True,Ayushman Bharat,Healthcare,False,183
35,Other,Kerala,General,46019.67,Unemployed,Unemployed,Graduate,6,0.0,False,True,PM Awas Yojana,Housing,False,183
35,Other,Kerala,General,46019.67,Unemployed,Unemployed,Graduate,6,0.0,False,True,Skill India,Employment,True,183
32,Other,Delhi,OBC,767772.34,Private Employee,Employed,Diploma,6,0.0,False,False,PM Kisan,Agriculture,False,184
32,Other,Delhi,OBC,767772.34,Private Employee,Employed,Diploma,6,0.0,False,False,Post Matric Scholarship,Education,False,184
32,Other,Delhi,OBC,767772.34,Private Employee,Employed,Diploma,6,0.0,False,False,Ayushman Bharat,Healthcare,False,184
32,Other,Delhi,OBC,767772.34,Private Employee,Employed,Diploma,6,0.0,False,False,PM Awas Yojana,Housing,False,184
32,Other,Delhi,OBC,767772.34,Private Employee,Employed,Diploma,6,0.0,False,False,Skill India,Employment,False,184
25,Male,Maharashtra,OBC,1062466.97,Private Employee,Employed,Graduate,2,0.0,False,True,PM Kisan,Agriculture,False,185
25,Male,Maharashtra,OBC,1062466.97,Private Employee,Employed,Graduate,2,0.0,False,True,Post Matric Scholarship,Education,False,185
25,Male,Maharashtra,OBC,1062466.97,Private Employee,Employed,Graduate,2,0.0,False,True,Ayushman Bharat,Healthcare,False,185
25,Male,Maharashtra,OBC,1062466.97,Private Employee,Employed,Graduate,2,0.0,False,True,PM Awas Yojana,Housing,False,185
25,Male,Maharashtra,OBC,1062466.97,Private Employee,Employed,Graduate,2,0.0,False,True,Skill India,Employment,False,185
49,Female,Delhi,SC,114991.73,Farmer,Self-Employed,Secondary,6,7.52,False,True,PM Kisan,Agriculture,True,186
49,Female,Delhi,SC,114991.73,Farmer,Self-Employed,Secondary,6,7.52,False,True,Post Matric Scholarship,Education,False,186
49,Female,Delhi,SC,114991.73,Farmer,Self-Employed,Secondary,6,7.52,False,True,Ayushman Bharat,Healthcare,False,186
49,Female,Delhi,SC,114991.73,Farmer,Self-Employed,Secondary,6,7.52,False,True,PM Awas Yojana,Housing,False,186
49,Female,Delhi,SC,114991.73,Farmer,Self-Employed,Secondary,6,7.52,False,True,Skill India,Employment,False,186
64,Male,Kerala,OBC,112305.99,Farmer,Self-Employed,Primary,7,4.62,True,True,PM Kisan,Agriculture,True,187
64,Male,Kerala,OBC,112305.99,Farmer,Self-Employed,Primary,7,4.62,True,True,Post Matric Scholarship,Education,False,187
64,Male,Kerala,OBC,112305.99,Farmer,Self-Employed,Primary,7,4.62,True,True,Ayushman Bharat,Healthcare,True,187
64,Male,Kerala,OBC,112305.99,Farmer,Self-Employed,Primary,7,4.62,True,True,PM Awas Yojana,Housing,True,187
64,Male,Kerala,OBC,112305.99,Farmer,Self-Employed,Primary,7,4.62,True,True,Skill India,Employment,False,187
49,Female,Tamil Nadu,OBC,2338.04,Unemployed,Unemployed,Primary,5,0.0,True,False,PM Kisan,Agriculture,False,188
49,Female,Tamil Nadu,OBC,2338.04,Unemployed,Unemployed,Primary,5,0.0,True,False,Post Matric Scholarship,Education,False,188
49,Female,Tamil Nadu,OBC,2338.04,Unemployed,Unemployed,Primary,5,0.0,True,False,Ayushman Bharat,Healthcare,True,188
49,Female,Tamil Nadu,OBC,2338.04,Unemployed,Unemployed,Primary,5,0.0,True,False,PM Awas Yojana,Housing,True,188
49,Female,Tamil Nadu,OBC,2338.04,Unemployed,Unemployed,Primary,5,0.0,True,False,Skill India,Employment,False,188
35,Other,Kerala,General,2020490.31,Business,Self-Employed,Graduate,6,2.43,False,True,PM Kisan,Agriculture,False,189
35,Other,Kerala,General,2020490.31,Business,Self-Employed,Graduate,6,2.43,False,True,Post Matric Scholarship,Education,False,189
35,Other,Kerala,General,2020490.31,Business,Self-Employed,Graduate,6,2.43,False,True,Ayushman Bharat,Healthcare,False,189
35,Other,Kerala,General,2020490.31,Business,Self-Employed,Graduate,6,2.43,False,True,PM Awas Yojana,Housing,False,189
35,Other,Kerala,General,2020490.31,Business,Self-Employed,Graduate,6,2.43,False,True,Skill India,Employment,False,189
59,Other,Kerala,General,1099066.93,Private Employee,Employed,Diploma,4,0.0,False,True,PM Kisan,Agriculture,False,190
59,Other,Kerala,General,1099066.93,Private Employee,Employed,Diploma,4,0.0,False,True,Post Matric Scholarship,Education,False,190
59,Other,Kerala,General,1099066.93,Private Employee,Employed,Diploma,4,0.0,False,True,Ayushman Bharat,Healthcare,False,190
59,Other,Kerala,General,1099066.93,Private Employee,Employed,Diploma,4,0.0,False,True,PM Awas Yojana,Housing,False,190
59,Other,Kerala,General,1099066.93,Private Employee,Employed,Diploma,4,0.0,False,True,Skill India,Employment,False,190
36,Other,Karnataka,OBC,299907.98,Private Employee,Employed,Diploma,6,0.0,False,False,PM Kisan,Agriculture,False,191
36,Other,Karnataka,OBC,299907.98,Private Employee,Employed,Diploma,6,0.0,False,False,Post Matric Scholarship,Education,False,191
36,Other,Karnataka,OBC,299907.98,Private Employee,Employed,Diploma,6,0.0,False,False,Ayushman Bharat,Healthcare,False,191
36,Other,Karnataka,OBC,299907.98,Private Employee,Employed,Diploma,6,0.0,False,False,PM Awas Yojana,Housing,False,191
36,Other,Karnataka,OBC,299907.98,Private Employee,Employed,Diploma,6,0.0,False,False,Skill India,Employment,False,191
25,Male,Kerala,SC,15664.49,Unemployed,Unemployed,Higher Secondary,5,0.0,True,True,PM Kisan,Agriculture,False,192
25,Male,Kerala,SC,15664.49,Unemployed,Unemployed,Higher Secondary,5,0.0,True,True,Post Matric Scholarship,Education,False,192
25,Male,Kerala,SC,15664.49,Unemployed,Unemployed,Higher Secondary,5,0.0,True,True,Ayushman Bharat,Healthcare,True,192
25,Male,Kerala,SC,15664.49,Unemployed,Unemployed,Higher Secondary,5,0.0,True,True,PM Awas Yojana,Housing,True,192
25,Male,Kerala,SC,15664.49,Unemployed,Unemployed,Higher Secondary,5,0.0,True,True,Skill India,Employment,True,192
19,Other,Karnataka,SC,57939.83,Unemployed,Unemployed,Higher Secondary,5,0.0,True,False,PM Kisan,Agriculture,False,193
19,Other,Karnataka,SC,57939.83,Unemployed,Unemployed,Higher Secondary,5,0.0,True,False,Post Matric Scholarship,Education,False,193
19,Other,Karnataka,SC,57939.83,Unemployed,Unemployed,Higher Secondary,5,0.0,True,False,Ayushman Bharat,Healthcare,True,193
19,Other,Karnataka,SC,57939.83,Unemployed,Unemployed,Higher Secondary,5,0.0,True,False,PM Awas Yojana,Housing,True,193
19,Other,Karnataka,SC,57939.83,Unemployed,Unemployed,Higher Secondary,5,0.0,True,False,Skill India,Employment,True,193
22,Other,Delhi,OBC,1035455.06,Private Employee,Employed,Post Graduate,4,0.0,False,False,PM Kisan,Agriculture,False,194
22,Other,Delhi,OBC,1035455.06,Private Employee,Employed,Post Graduate,4,0.0,False,False,Post Matric Scholarship,Education,False,194
22,Other,Delhi,OBC,1035455.06,Private Employee,Employed,Post Graduate,4,0.0,False,False,Ayushman Bharat,Healthcare,False,194
22,Other,Delhi,OBC,1035455.06,Private Employee,Employed,Post Graduate,4,0.0,False,False,PM Awas Yojana,Housing,False,194
22,Other,Delhi,OBC,1035455.06,Private Employee,Employed,Post Graduate,4,0.0,False,False,Skill India,Employment,False,194
23,Other,Delhi,General,1348848.97,Private Employee,Employed,Diploma,3,0.0,False,False,PM Kisan,Agriculture,False,195
23,Other,Delhi,General,1348848.97,Private Employee,Employed,Diploma,3,0.0,False,False,Post Matric Scholarship,Education,False,195
23,Other,Delhi,General,1348848.97,Private Employee,Employed,Diploma,3,0.0,False,False,Ayushman Bharat,Healthcare,False,195
23,Other,Delhi,General,1348848.97,Private Employee,Employed,Diploma,3,0.0,False,False,PM Awas Yojana,Housing,False,195
23,Other,Delhi,General,1348848.97,Private Employee,Employed,Diploma,3,0.0,False,False,Skill India,Employment,False,195
68,Male,Karnataka,ST,498453.06,Retired,Retired,Graduate,2,3.34,False,True,PM Kisan,Agriculture,False,196
68,Male,Karnataka,ST,498453.06,Retired,Retired,Graduate,2,3.34,False,True,Post Matric Scholarship,Education,False,196
68,Male,Karnataka,ST,498453.06,Retired,Retired,Graduate,2,3.34,False,True,Ayushman Bharat,Healthcare,False,196
68,Male,Karnataka,ST,498453.06,Retired,Retired,Graduate,2,3.34,False,True,PM Awas Yojana,Housing,False,196
68,Male,Karnataka,ST,498453.06,Retired,Retired,Graduate,2,3.34,False,True,Skill India,Employment,False,196
24,Other,Maharashtra,OBC,117644.51,Student,Unemployed,Higher Secondary,4,0.0,True,True,PM Kisan,Agriculture,False,197
24,Other,Maharashtra,OBC,117644.51,Student,Unemployed,Higher Secondary,4,0.0,True,True,Post Matric Scholarship,Education,False,197
24,Other,Maharashtra,OBC,117644.51,Student,Unemployed,Higher Secondary,4,0.0,True,True,Ayushman Bharat,Healthcare,True,197
24,Other,Maharashtra,OBC,117644.51,Student,Unemployed,Higher Secondary,4,0.0,True,True,PM Awas Yojana,Housing,True,197
24,Other,Maharashtra,OBC,117644.51,Student,Unemployed,Higher Secondary,4,0.0,True,True,Skill India,Employment,True,197
40,Male,Tamil Nadu,SC,0.0,Homemaker,Unemployed,Higher Secondary,5,0.07,True,True,PM Kisan,Agriculture,False,198
40,Male,Tamil Nadu,SC,0.0,Homemaker,Unemployed,Higher Secondary,5,0.07,True,True,Post Matric Scholarship,Education,False,198
40,Male,Tamil Nadu,SC,0.0,Homemaker,Unemployed,Higher Secondary,5,0.07,True,True,Ayushman Bharat,Healthcare,True,198
40,Male,Tamil Nadu,SC,0.0,Homemaker,Unemployed,Higher Secondary,5,0.07,True,True,PM Awas Yojana,Housing,True,198
40,Male,Tamil Nadu,SC,0.0,Homemaker,Unemployed,Higher Secondary,5,0.07,True,True,Skill India,Employment,False,198
19,Other,Maharashtra,ST,80009.12,Student,Unemployed,Graduate,6,0.0,False,True,PM Kisan,Agriculture,False,199
19,Other,Maharashtra,ST,80009.12,Student,Unemployed,Graduate,6,0.0,False,True,Post Matric Scholarship,Education,False,199
19,Other,Maharashtra,ST,80009.12,Student,Unemployed,Graduate,6,0.0,False,True,Ayushman Bharat,Healthcare,False,199
19,Other,Maharashtra,ST,80009.12,Student,Unemployed,Graduate,6,0.0,False,True,PM Awas Yojana,Housing,False,199
19,Other,Maharashtra,ST,80009.12,Student,Unemployed,Graduate,6,0.0,False,True,Skill India,Employment,True,199
31,Male,Tamil Nadu,General,783823.82,Government Employee,Employed,Graduate,5,0.0,False,True,PM Kisan,Agriculture,False,200
31,Male,Tamil Nadu,General,783823.82,Government Employee,Employed,Graduate,5,0.0,False,True,Post Matric Scholarship,Education,False,200
31,Male,Tamil Nadu,General,783823.82,Government Employee,Employed,Graduate,5,0.0,False,True,Ayushman Bharat,Healthcare,False,200
31,Male,Tamil Nadu,General,783823.82,Government Employee,Employed,Graduate,5,0.0,False,True,PM Awas Yojana,Housing,False,200
31,Male,Tamil Nadu,General,783823.82,Government Employee,Employed,Graduate,5,0.0,False,True,Skill India,Employment,False,200
23,Other,Delhi,ST,134944.98,Student,Unemployed,Graduate,5,0.0,True,True,PM Kisan,Agriculture,False,201
23,Other,Delhi,ST,134944.98,Student,Unemployed,Graduate,5,0.0,True,True,Post Matric Scholarship,Education,False,201
23,Other,Delhi,ST,134944.98,Student,Unemployed,Graduate,5,0.0,True,True,Ayushman Bharat,Healthcare,True,201
23,Other,Delhi,ST,134944.98,Student,Unemployed,Graduate,5,0.0,True,True,PM Awas Yojana,Housing,True,201
23,Other,Delhi,ST,134944.98,Student,Unemployed,Graduate,5,0.0,True,True,Skill India,Employment,True,201
58,Male,Tamil Nadu,SC,98548.84,Farmer,Self-Employed,Primary,7,7.85,False,False,PM Kisan,Agriculture,True,202
58,Male,Tamil Nadu,SC,98548.84,Farmer,Self-Employed,Primary,7,7.85,False,False,Post Matric Scholarship,Education,False,202
58,Male,Tamil Nadu,SC,98548.84,Farmer,Self-Employed,Primary,7,7.85,False,False,Ayushman Bharat,Healthcare,False,202
58,Male,Tamil Nadu,SC,98548.84,Farmer,Self-Employed,Primary,7,7.85,False,False,PM Awas Yojana,Housing,False,202
58,Male,Tamil Nadu,SC,98548.84,Farmer,Self-Employed,Primary,7,7.85,False,False,Skill India,Employment,False,202
53,Male,Karnataka,SC,489969.13,Private Employee,Employed,Diploma,4,0.0,False,True,PM Kisan,Agriculture,False,203
53,Male,Karnataka,SC,489969.13,Private Employee,Employed,Diploma,4,0.0,False,True,Post Matric Scholarship,Education,False,203
53,Male,Karnataka,SC,489969.13,Private Employee,Employed,Diploma,4,0.0,False,True,Ayushman Bharat,Healthcare,False,203
53,Male,Karnataka,SC,489969.13,Private Employee,Employed,Diploma,4,0.0,False,True,PM Awas Yojana,Housing,False,203
53,Male,Karnataka,SC,489969.13,Private Employee,Employed,Diploma,4,0.0,False,True,Skill India,Employment,False,203
37,Female,Karnataka,ST,884280.03,Private Employee,Employed,Graduate,6,0.0,False,True,PM Kisan,Agriculture,False,204
37,Female,Karnataka,ST,884280.03,Private Employee,Employed,Graduate,6,0.0,False,True,Post Matric Scholarship,Education,False,204
37,Female,Karnataka,ST,884280.03,Private Employee,Employed,Graduate,6,0.0,False,True,Ayushman Bharat,Healthcare,False,204
37,Female,Karnataka,ST,884280.03,Private Employee,Employed,Graduate,6,0.0,False,True,PM Awas Yojana,Housing,False,204
37,Female,Karnataka,ST,884280.03,Private Employee,Employed,Graduate,6,0.0,False,True,Skill India,Employment,False,204
55,Female,Karnataka,SC,607486.32,Private Employee,Employed,Graduate,2,0.0,False,False,PM Kisan,Agriculture,False,205
55,Female,Karnataka,SC,607486.32,Private Employee,Employed,Graduate,2,0.0,False,False,Post Matric Scholarship,Education,False,205
55,Female,Karnataka,SC,607486.32,Private Employee,Employed,Graduate,2,0.0,False,False,Ayushman Bharat,Healthcare,False,205
55,Female,Karnataka,SC,607486.32,Private Employee,Employed,Graduate,2,0.0,False,False,PM Awas Yojana,Housing,False,205
55,Female,Karnataka,SC,607486.32,Private Employee,Employed,Graduate,2,0.0,False,False,Skill India,Employment,False,205
22,Male,Delhi,General,64116.6,Student,Student,Higher Secondary,3,0.0,True,True,PM Kisan,Agriculture,False,206
22,Male,Delhi,General,64116.6,Student,Student,Higher Secondary,3,0.0,True,True,Post Matric Scholarship,Education,True,206
22,Male,Delhi,General,64116.6,Student,Student,Higher Secondary,3,0.0,True,True,Ayushman Bharat,Healthcare,True,206
22,Male,Delhi,General,64116.6,Student,Student,Higher Secondary,3,0.0,True,True,PM Awas Yojana,Housing,True,206
22,Male,Delhi,General,64116.6,Student,Student,Higher Secondary,3,0.0,True,True,Skill India,Employment,True,206
70,Female,Tamil Nadu,SC,142922.77,Retired,Retired,Post Graduate,4,3.28,False,False,PM Kisan,Agriculture,False,207
70,Female,Tamil Nadu,SC,142922.77,Retired,Retired,Post Graduate,4,3.28,False,False,Post Matric Scholarship,Education,False,207
70,Female,Tamil Nadu,SC,142922.77,Retired,Retired,Post Graduate,4,3.28,False,False,Ayushman Bharat,Healthcare,False,207
70,Female,Tamil Nadu,SC,142922.77,Retired,Retired,Post Graduate,4,3.28,False,False,PM Awas Yojana,Housing,False,207
70,Female,Tamil Nadu,SC,142922.77,Retired,Retired,Post Graduate,4,3.28,False,False,Skill India,Employment,False,207
46,Other,Delhi,General,137050.52,Farmer,Self-Employed,Primary,6,2.46,False,False,PM Kisan,Agriculture,True,208
46,Other,Delhi,General,137050.52,Farmer,Self-Employed,Primary,6,2.46,False,False,Post Matric Scholarship,Education,False,208
46,Other,Delhi,General,137050.52,Farmer,Self-Employed,Primary,6,2.46,False,False,Ayushman Bharat,Healthcare,False,208
46,Other,Delhi,General,137050.52,Farmer,Self-Employed,Primary,6,2.46,False,False,PM Awas Yojana,Housing,False,208
46,Other,Delhi,General,137050.52,Farmer,Self-Employed,Primary,6,2.46,False,False,Skill India,Employment,False,208
20,Other,Karnataka,General,18390.63,Student,Student,Graduate,6,0.0,False,True,PM Kisan,Agriculture,False,209
20,Other,Karnataka,General,18390.63,Student,Student,Graduate,6,0.0,False,True,Post Matric Scholarship,Education,True,209
20,Other,Karnataka,General,18390.63,Student,Student,Graduate,6,0.0,False,True,Ayushman Bharat,Healthcare,False,209
20,Other,Karnataka,General,18390.63,Student,Student,Graduate,6,0.0,False,True,PM Awas Yojana,Housing,False,209
20,Other,Karnataka,General,18390.63,Student,Student,Graduate,6,0.0,False,True,Skill India,Employment,True,209
19,Other,Kerala,SC,130690.75,Student,Student,Graduate,3,0.0,False,False,PM Kisan,Agriculture,False,210
19,Other,Kerala,SC,130690.75,Student,Student,Graduate,3,0.0,False,False,Post Matric Scholarship,Education,True,210
19,Other,Kerala,SC,130690.75,Student,Student,Graduate,3,0.0,False,False,Ayushman Bharat,Healthcare,False,210
19,Other,Kerala,SC,130690.75,Student,Student,Graduate,3,0.0,False,False,PM Awas Yojana,Housing,False,210
19,Other,Kerala,SC,130690.75,Student,Student,Graduate,3,0.0,False,False,Skill India,Employment,True,210
52,Other,Delhi,General,448629.25,Government Employee,Employed,Graduate,4,0.0,False,False,PM Kisan,Agriculture,False,211
52,Other,Delhi,General,448629.25,Government Employee,Employed,Graduate,4,0.0,False,False,Post Matric Scholarship,Education,False,211
52,Other,Delhi,General,448629.25,Government Employee,Employed,Graduate,4,0.0,False,False,Ayushman Bharat,Healthcare,False,211
52,Other,Delhi,General,448629.25,Government Employee,Employed,Graduate,4,0.0,False,False,PM Awas Yojana,Housing,False,211
52,Other,Delhi,General,448629.25,Government Employee,Employed,Graduate,4,0.0,False,False,Skill India,Employment,False,211
23,Female,Kerala,SC,0.0,Homemaker,Unemployed,Graduate,4,0.45,False,True,PM Kisan,Agriculture,False,212
23,Female,Kerala,SC,0.0,Homemaker,Unemployed,Graduate,4,0.45,False,True,Post Matric Scholarship,Education,False,212
23,Female,Kerala,SC,0.0,Homemaker,Unemployed,Graduate,4,0.45,False,True,Ayushman Bharat,Healthcare,False,212
23,Female,Kerala,SC,0.0,Homemaker,Unemployed,Graduate,4,0.45,False,True,PM Awas Yojana,Housing,False,212
23,Female,Kerala,SC,0.0,Homemaker,Unemployed,Graduate,4,0.45,False,True,Skill India,Employment,False,212
19,Female,Tamil Nadu,SC,47208.98,Unemployed,Unemployed,Secondary,5,0.0,True,True,PM Kisan,Agriculture,False,213
19,Female,Tamil Nadu,SC,47208.98,Unemployed,Unemployed,Secondary,5,0.0,True,True,Post Matric Scholarship,Education,False,213
19,Female,Tamil Nadu,SC,47208.98,Unemployed,Unemployed,Secondary,5,0.0,True,True,Ayushman Bharat,Healthcare,True,213
19,Female,Tamil Nadu,SC,47208.98,Unemployed,Unemployed,Secondary,5,0.0,True,True,PM Awas Yojana,Housing,True,213
19,Female,Tamil Nadu,SC,47208.98,Unemployed,Unemployed,Secondary,5,0.0,True,True,Skill India,Employment,True,213
55,Male,Karnataka,SC,255546.12,Private Employee,Employed,Post Graduate,4,0.0,False,True,PM Kisan,Agriculture,False,214
55,Male,Karnataka,SC,255546.12,Private Employee,Employed,Post Graduate,4,0.0,False,True,Post Matric Scholarship,Education,False,214
55,Male,Karnataka,SC,255546.12,Private Employee,Employed,Post Graduate,4,0.0,False,True,Ayushman Bharat,Healthcare,False,214
55,Male,Karnataka,SC,255546.12,Private Employee,Employed,Post Graduate,4,0.0,False,True,PM Awas Yojana,Housing,False,214
55,Male,Karnataka,SC,255546.12,Private Employee,Employed,Post Graduate,4,0.0,False,True,Skill India,Employment,False,214
19,Female,Karnataka,General,79978.65,Student,Unemployed,Graduate,3,0.0,True,False,PM Kisan,Agriculture,False,215
19,Female,Karnataka,General,79978.65,Student,Unemployed,Graduate,3,0.0,True,False,Post Matric Scholarship,Education,False,215
19,Female,Karnataka,General,79978.65,Student,Unemployed,Graduate,3,0.0,True,False,Ayushman Bharat,Healthcare,True,215
19,Female,Karnataka,General,79978.65,Student,Unemployed,Graduate,3,0.0,True,False,PM Awas Yojana,Housing,True,215
19,Female,Karnataka,General,79978.65,Student,Unemployed,Graduate,3,0.0,True,False,Skill India,Employment,True,215
62,Female,Maharashtra,SC,131555.88,Retired,Retired,Graduate,3,1.97,False,True,PM Kisan,Agriculture,False,216
62,Female,Maharashtra,SC,131555.88,Retired,Retired,Graduate,3,1.97,False,True,Post Matric Scholarship,Education,False,216
62,Female,Maharashtra,SC,131555.88,Retired,Retired,Graduate,3,1.97,False,True,Ayushman Bharat,Healthcare,False,216
62,Female,Maharashtra,SC,131555.88,Retired,Retired,Graduate,3,1.97,False,True,PM Awas Yojana,Housing,False,216
62,Female,Maharashtra,SC,131555.88,Retired,Retired,Graduate,3,1.97,False,True,Skill India,Employment,False,216
63,Male,Delhi,General,1972299.55,Business,Self-Employed,Post Graduate,7,1.51,False,True,PM Kisan,Agriculture,False,217
63,Male,Delhi,General,1972299.55,Business,Self-Employed,Post Graduate,7,1.51,False,True,Post Matric Scholarship,Education,False,217
63,Male,Delhi,General,1972299.55,Business,Self-Employed,Post Graduate,7,1.51,False,True,Ayushman Bharat,Healthcare,False,217
63,Male,Delhi,General,1972299.55,Business,Self-Employed,Post Graduate,7,1.51,False,True,PM Awas Yojana,Housing,False,217
63,Male,Delhi,General,1972299.55,Business,Self-Employed,Post Graduate,7,1.51,False,True,Skill India,Employment,False,217
52,Female,Tamil Nadu,SC,1496318.97,Private Employee,Employed,Graduate,4,0.0,False,False,PM Kisan,Agriculture,False,218
52,Female,Tamil Nadu,SC,1496318.97,Private Employee,Employed,Graduate,4,0.0,False,False,Post Matric Scholarship,Education,False,218
52,Female,Tamil Nadu,SC,1496318.97,Private Employee,Employed,Graduate,4,0.0,False,False,Ayushman Bharat,Healthcare,False,218
52,Female,Tamil Nadu,SC,1496318.97,Private Employee,Employed,Graduate,4,0.0,False,False,PM Awas Yojana,Housing,False,218
52,Female,Tamil Nadu,SC,1496318.97,Private Employee,Employed,Graduate,4,0.0,False,False,Skill India,Employment,False,218
35,Female,Delhi,OBC,1478213.57,Business,Self-Employed,Post Graduate,2,1.31,False,True,PM Kisan,Agriculture,False,219
35,Female,Delhi,OBC,1478213.57,Business,Self-Employed,Post Graduate,2,1.31,False,True,Post Matric Scholarship,Education,False,219
35,Female,Delhi,OBC,1478213.57,Business,Self-Employed,Post Graduate,2,1.31,False,True,Ayushman Bharat,Healthcare,False,219
35,Female,Delhi,OBC,1478213.57,Business,Self-Employed,Post Graduate,2,1.31,False,True,PM Awas Yojana,Housing,False,219
35,Female,Delhi,OBC,1478213.57,Business,Self-Employed,Post Graduate,2,1.31,False,True,Skill India,Employment,False,219
31,Female,Kerala,ST,842651.76,Private Employee,Employed,Diploma,6,0.0,False,False,PM Kisan,Agriculture,False,220
31,Female,Kerala,ST,842651.76,Private Employee,Employed,Diploma,6,0.0,False,False,Post Matric Scholarship,Education,False,220
31,Female,Kerala,ST,842651.76,Private Employee,Employed,Diploma,6,0.0,False,False,Ayushman Bharat,Healthcare,False,220
31,Female,Kerala,ST,842651.76,Private Employee,Employed,Diploma,6,0.0,False,False,PM Awas Yojana,Housing,False,220
31,Female,Kerala,ST,842651.76,Private Employee,Employed,Diploma,6,0.0,False,False,Skill India,Employment,False,220
59,Male,Kerala,General,120779.9,Farmer,Self-Employed,Primary,6,5.54,True,True,PM Kisan,Agriculture,True,221
59,Male,Kerala,General,120779.9,Farmer,Self-Employed,Primary,6,5.54,True,True,Post Matric Scholarship,Education,False,221
59,Male,Kerala,General,120779.9,Farmer,Self-Employed,Primary,6,5.54,True,True,Ayushman Bharat,Healthcare,True,221
59,Male,Kerala,General,120779.9,Farmer,Self-Employed,Primary,6,5.54,True,True,PM Awas Yojana,Housing,True,221
59,Male,Kerala,General,120779.9,Farmer,Self-Employed,Primary,6,5.54,True,True,Skill India,Employment,False,221
40,Male,Maharashtra,ST,532068.53,Private Employee,Employed,Diploma,4,0.0,False,True,PM Kisan,Agriculture,False,222
40,Male,Maharashtra,ST,532068.53,Private Employee,Employed,Diploma,4,0.0,False,True,Post Matric Scholarship,Education,False,222
40,Male,Maharashtra,ST,532068.53,Private Employee,Employed,Diploma,4,0.0,False,True,Ayushman Bharat,Healthcare,False,222
40,Male,Maharashtra,ST,532068.53,Private Employee,Employed,Diploma,4,0.0,False,True,PM Awas Yojana,Housing,False,222
40,Male,Maharashtra,ST,532068.53,Private Employee,Employed,Diploma,4,0.0,False,True,Skill India,Employment,False,222
34,Female,Delhi,SC,87143.19,Unemployed,Unemployed,Graduate,4,0.0,False,True,PM Kisan,Agriculture,False,223
34,Female,Delhi,SC,87143.19,Unemployed,Unemployed,Graduate,4,0.0,False,True,Post Matric Scholarship,Education,False,223
34,Female,Delhi,SC,87143.19,Unemployed,Unemployed,Graduate,4,0.0,False,True,Ayushman Bharat,Healthcare,False,223
34,Female,Delhi,SC,87143.19,Unemployed,Unemployed,Graduate,4,0.0,False,True,PM Awas Yojana,Housing,False,223
34,Female,Delhi,SC,87143.19,Unemployed,Unemployed,Graduate,4,0.0,False,True,Skill India,Employment,True,223
36,Male,Maharashtra,General,718812.62,Private Employee,Employed,Diploma,5,0.0,False,False,PM Kisan,Agriculture,False,224
36,Male,Maharashtra,General,718812.62,Private Employee,Employed,Diploma,5,0.0,False,False,Post Matric Scholarship,Education,False,224
36,Male,Maharashtra,General,718812.62,Private Employee,Employed,Diploma,5,0.0,False,False,Ayushman Bharat,Healthcare,False,224
36,Male,Maharashtra,General,718812.62,Private Employee,Employed,Diploma,5,0.0,False,False,PM Awas Yojana,Housing,False,224
36,Male,Maharashtra,General,718812.62,Private Employee,Employed,Diploma,5,0.0,False,False,Skill India,Employment,False,224
44,Other,Maharashtra,ST,69758.64,Farmer,Self-Employed,Higher Secondary,5,1.03,False,False,PM Kisan,Agriculture,True,225
44,Other,Maharashtra,ST,69758.64,Farmer,Self-Employed,Higher Secondary,5,1.03,False,False,Post Matric Scholarship,Education,False,225
44,Other,Maharashtra,ST,69758.64,Farmer,Self-Employed,Higher Secondary,5,1.03,False,False,Ayushman Bharat,Healthcare,False,225
44,Other,Maharashtra,ST,69758.64,Farmer,Self-Employed,Higher Secondary,5,1.03,False,False,PM Awas Yojana,Housing,False,225
44,Other,Maharashtra,ST,69758.64,Farmer,Self-Employed,Higher Secondary,5,1.03,False,False,Skill India,Employment,False,225
42,Male,Kerala,General,854083.07,Private Employee,Employed,Diploma,4,0.0,False,True,PM Kisan,Agriculture,False,226
42,Male,Kerala,General,854083.07,Private Employee,Employed,Diploma,4,0.0,False,True,Post Matric Scholarship,Education,False,226
42,Male,Kerala,General,854083.07,Private Employee,Employed,Diploma,4,0.0,False,True,Ayushman Bharat,Healthcare,False,226
42,Male,Kerala,General,854083.07,Private Employee,Employed,Diploma,4,0.0,False,True,PM Awas Yojana,Housing,False,226
42,Male,Kerala,General,854083.07,Private Employee,Employed,Diploma,4,0.0,False,True,Skill India,Employment,False,226
46,Other,Kerala,ST,440137.38,Government Employee,Employed,Post Graduate,5,0.0,False,False,PM Kisan,Agriculture,False,227
46,Other,Kerala,ST,440137.38,Government Employee,Employed,Post Graduate,5,0.0,False,False,Post Matric Scholarship,Education,False,227
46,Other,Kerala,ST,440137.38,Government Employee,Employed,Post Graduate,5,0.0,False,False,Ayushman Bharat,Healthcare,False,227
46,Other,Kerala,ST,440137.38,Government Employee,Employed,Post Graduate,5,0.0,False,False,PM Awas Yojana,Housing,False,227
46,Other,Kerala,ST,440137.38,Government Employee,Employed,Post Graduate,5,0.0,False,False,Skill India,Employment,False,227
48,Male,Kerala,SC,231031.37,Farmer,Self-Employed,Secondary,5,5.79,False,True,PM Kisan,Agriculture,False,228
48,Male,Kerala,SC,231031.37,Farmer,Self-Employed,Secondary,5,5.79,False,True,Post Matric Scholarship,Education,False,228
48,Male,Kerala,SC,231031.37,Farmer,Self-Employed,Secondary,5,5.79,False,True,Ayushman Bharat,Healthcare,False,228
48,Male,Kerala,SC,231031.37,Farmer,Self-Employed,Secondary,5,5.79,False,True,PM Awas Yojana,Housing,False,228
48,Male,Kerala,SC,231031.37,Farmer,Self-Employed,Secondary,5,5.79,False,True,Skill India,Employment,False,228
54,Other,Maharashtra,OBC,0.0,Homemaker,Unemployed,Primary,4,0.98,True,False,PM Kisan,Agriculture,False,229
54,Other,Maharashtra,OBC,0.0,Homemaker,Unemployed,Primary,4,0.98,True,False,Post Matric Scholarship,Education,False,229
54,Other,Maharashtra,OBC,0.0,Homemaker,Unemployed,Primary,4,0.98,True,False,Ayushman Bharat,Healthcare,True,229
54,Other,Maharashtra,OBC,0.0,Homemaker,Unemployed,Primary,4,0.98,True,False,PM Awas Yojana,Housing,True,229
54,Other,Maharashtra,OBC,0.0,Homemaker,Unemployed,Primary,4,0.98,True,False,Skill India,Employment,False,229
29,Other,Kerala,ST,1750144.95,Business,Self-Employed,Higher Secondary,5,2.24,False,True,PM Kisan,Agriculture,False,230
29,Other,Kerala,ST,1750144.95,Business,Self-Employed,Higher Secondary,5,2.24,False,True,Post Matric Scholarship,Education,False,230
29,Other,Kerala,ST,1750144.95,Business,Self-Employed,Higher Secondary,5,2.24,False,True,Ayushman Bharat,Healthcare,False,230
29,Other,Kerala,ST,1750144.95,Business,Self-Employed,Higher Secondary,5,2.24,False,True,PM Awas Yojana,Housing,False,230
29,Other,Kerala,ST,1750144.95,Business,Self-Employed,Higher Secondary,5,2.24,False,True,Skill India,Employment,False,230
46,Male,Maharashtra,General,811865.61,Business,Self-Employed,Higher Secondary,6,2.68,False,False,PM Kisan,Agriculture,False,231
46,Male,Maharashtra,General,811865.61,Business,Self-Employed,Higher Secondary,6,2.68,False,False,Post Matric Scholarship,Education,False,231
46,Male,Maharashtra,General,811865.61,Business,Self-Employed,Higher Secondary,6,2.68,False,False,Ayushman Bharat,Healthcare,False,231
46,Male,Maharashtra,General,811865.61,Business,Self-Employed,Higher Secondary,6,2.68,False,False,PM Awas Yojana,Housing,False,231
46,Male,Maharashtra,General,811865.61,Business,Self-Employed,Higher Secondary,6,2.68,False,False,Skill India,Employment,False,231
26,Female,Kerala,ST,466781.31,Business,Self-Employed,Post Graduate,7,4.04,False,False,PM Kisan,Agriculture,False,232
26,Female,Kerala,ST,466781.31,Business,Self-Employed,Post Graduate,7,4.04,False,False,Post Matric Scholarship,Education,False,232
26,Female,Kerala,ST,466781.31,Business,Self-Employed,Post Graduate,7,4.04,False,False,Ayushman Bharat,Healthcare,False,232
26,Female,Kerala,ST,466781.31,Business,Self-Employed,Post Graduate,7,4.04,False,False,PM Awas Yojana,Housing,False,232
26,Female,Kerala,ST,466781.31,Business,Self-Employed,Post Graduate,7,4.04,False,False,Skill India,Employment,False,232
41,Other,Kerala,OBC,126105.6,Farmer,Self-Employed,Secondary,4,5.85,True,True,PM Kisan,Agriculture,True,233
41,Other,Kerala,OBC,126105.6,Farmer,Self-Employed,Secondary,4,5.85,True,True,Post Matric Scholarship,Education,False,233
41,Other,Kerala,OBC,126105.6,Farmer,Self-Employed,Secondary,4,5.85,True,True,Ayushman Bharat,Healthcare,True,233
41,Other,Kerala,OBC,126105.6,Farmer,Self-Employed,Secondary,4,5.85,True,True,PM Awas Yojana,Housing,True,233
41,Other,Kerala,OBC,126105.6,Farmer,Self-Employed,Secondary,4,5.85,True,True,Skill India,Employment,False,233
46,Other,Kerala,ST,85802.0,Farmer,Self-Employed,Primary,7,2.53,False,False,PM Kisan,Agriculture,True,234
46,Other,Kerala,ST,85802.0,Farmer,Self-Employed,Primary,7,2.53,False,False,Post Matric Scholarship,Education,False,234
46,Other,Kerala,ST,85802.0,Farmer,Self-Employed,Primary,7,2.53,False,False,Ayushman Bharat,Healthcare,False,234
46,Other,Kerala,ST,85802.0,Farmer,Self-Employed,Primary,7,2.53,False,False,PM Awas Yojana,Housing,False,234
46,Other,Kerala,ST,85802.0,Farmer,Self-Employed,Primary,7,2.53,False,False,Skill India,Employment,False,234
47,Female,Delhi,ST,60018.61,Unemployed,Unemployed,Secondary,7,0.0,True,False,PM Kisan,Agriculture,False,235
47,Female,Delhi,ST,60018.61,Unemployed,Unemployed,Secondary,7,0.0,True,False,Post Matric Scholarship,Education,False,235
47,Female,Delhi,ST,60018.61,Unemployed,Unemployed,Secondary,7,0.0,True,False,Ayushman Bharat,Healthcare,True,235
47,Female,Delhi,ST,60018.61,Unemployed,Unemployed,Secondary,7,0.0,True,False,PM Awas Yojana,Housing,True,235
47,Female,Delhi,ST,60018.61,Unemployed,Unemployed,Secondary,7,0.0,True,False,Skill India,Employment,True,235
54,Male,Kerala,ST,53621.67,Farmer,Self-Employed,Secondary,5,1.54,True,False,PM Kisan,Agriculture,True,236
54,Male,Kerala,ST,53621.67,Farmer,Self-Employed,Secondary,5,1.54,True,False,Post Matric Scholarship,Education,False,236
54,Male,Kerala,ST,53621.67,Farmer,Self-Employed,Secondary,5,1.54,True,False,Ayushman Bharat,Healthcare,True,236
54,Male,Kerala,ST,53621.67,Farmer,Self-Employed,Secondary,5,1.54,True,False,PM Awas Yojana,Housing,True,236
54,Male,Kerala,ST,53621.67,Farmer,Self-Employed,Secondary,5,1.54,True,False,Skill India,Employment,False,236
53,Female,Kerala,SC,1427723.18,Private Employee,Employed,Diploma,6,0.0,False,False,PM Kisan,Agriculture,False,237
53,Female,Kerala,SC,1427723.18,Private Employee,Employed,Diploma,6,0.0,False,False,Post Matric Scholarship,Education,False,237
53,Female,Kerala,SC,1427723.18,Private Employee,Employed,Diploma,6,0.0,False,False,Ayushman Bharat,Healthcare,False,237
53,Female,Kerala,SC,1427723.18,Private Employee,Employed,Diploma,6,0.0,False,False,PM Awas Yojana,Housing,False,237
53,Female,Kerala,SC,1427723.18,Private Employee,Employed,Diploma,6,0.0,False,False,Skill India,Employment,False,237
51,Female,Kerala,ST,94885.02,Farmer,Self-Employed,Higher Secondary,4,7.49,True,False,PM Kisan,Agriculture,True,238
51,Female,Kerala,ST,94885.02,Farmer,Self-Employed,Higher Secondary,4,7.49,True,False,Post Matric Scholarship,Education,False,238
51,Female,Kerala,ST,94885.02,Farmer,Self-Employed,Higher Secondary,4,7.49,True,False,Ayushman Bharat,Healthcare,True,238
51,Female,Kerala,ST,94885.02,Farmer,Self-Employed,Higher Secondary,4,7.49,True,False,PM Awas Yojana,Housing,True,238
51,Female,Kerala,ST,94885.02,Farmer,Self-Employed,Higher Secondary,4,7.49,True,False,Skill India,Employment,False,238
22,Male,Kerala,OBC,54744.45,Student,Student,Higher Secondary,6,0.0,False,True,PM Kisan,Agriculture,False,239
22,Male,Kerala,OBC,54744.45,Student,Student,Higher Secondary,6,0.0,False,True,Post Matric Scholarship,Education,True,239
22,Male,Kerala,OBC,54744.45,Student,Student,Higher Secondary,6,0.0,False,True,Ayushman Bharat,Healthcare,False,239
22,Male,Kerala,OBC,54744.45,Student,Student,Higher Secondary,6,0.0,False,True,PM Awas Yojana,Housing,False,239
22,Male,Kerala,OBC,54744.45,Student,Student,Higher Secondary,6,0.0,False,True,Skill India,Employment,True,239
53,Male,Karnataka,General,67537.2,Farmer,Self-Employed,Primary,4,3.8,True,True,PM Kisan,Agriculture,True,240
53,Male,Karnataka,General,67537.2,Farmer,Self-Employed,Primary,4,3.8,True,True,Post Matric Scholarship,Education,False,240
53,Male,Karnataka,General,67537.2,Farmer,Self-Employed,Primary,4,3.8,True,True,Ayushman Bharat,Healthcare,True,240
53,Male,Karnataka,General,67537.2,Farmer,Self-Employed,Primary,4,3.8,True,True,PM Awas Yojana,Housing,True,240
53,Male,Karnataka,General,67537.2,Farmer,Self-Employed,Primary,4,3.8,True,True,Skill India,Employment,False,240
18,Other,Kerala,SC,86993.81,Student,Student,Diploma,4,0.0,False,False,PM Kisan,Agriculture,False,241
18,Other,Kerala,SC,86993.81,Student,Student,Diploma,4,0.0,False,False,Post Matric Scholarship,Education,False,241
18,Other,Kerala,SC,86993.81,Student,Student,Diploma,4,0.0,False,False,Ayushman Bharat,Healthcare,False,241
18,Other,Kerala,SC,86993.81,Student,Student,Diploma,4,0.0,False,False,PM Awas Yojana,Housing,False,241
18,Other,Kerala,SC,86993.81,Student,Student,Diploma,4,0.0,False,False,Skill India,Employment,False,241
52,Female,Delhi,ST,738382.85,Business,Self-Employed,Post Graduate,7,4.25,False,True,PM Kisan,Agriculture,False,242
52,Female,Delhi,ST,738382.85,Business,Self-Employed,Post Graduate,7,4.25,False,True,Post Matric Scholarship,Education,False,242
52,Female,Delhi,ST,738382.85,Business,Self-Employed,Post Graduate,7,4.25,False,True,Ayushman Bharat,Healthcare,False,242
52,Female,Delhi,ST,738382.85,Business,Self-Employed,Post Graduate,7,4.25,False,True,PM Awas Yojana,Housing,False,242
52,Female,Delhi,ST,738382.85,Business,Self-Employed,Post Graduate,7,4.25,False,True,Skill India,Employment,False,242
24,Female,Tamil Nadu,General,73354.2,Student,Unemployed,Higher Secondary,4,0.0,False,False,PM Kisan,Agriculture,False,243
24,Female,Tamil Nadu,General,73354.2,Student,Unemployed,Higher Secondary,4,0.0,False,False,Post Matric Scholarship,Education,False,243
24,Female,Tamil Nadu,General,73354.2,Student,Unemployed,Higher Secondary,4,0.0,False,False,Ayushman Bharat,Healthcare,False,243
24,Female,Tamil Nadu,General,73354.2,Student,Unemployed,Higher Secondary,4,0.0,False,False,PM Awas Yojana,Housing,False,243
24,Female,Tamil Nadu,General,73354.2,Student,Unemployed,Higher Secondary,4,0.0,False,False,Skill India,Employment,True,243
28,Female,Maharashtra,OBC,49705.07,Unemployed,Unemployed,Primary,5,0.0,False,False,PM Kisan,Agriculture,False,244
28,Female,Maharashtra,OBC,49705.07,Unemployed,Unemployed,Primary,5,0.0,False,False,Post Matric Scholarship,Education,False,244
28,Female,Maharashtra,OBC,49705.07,Unemployed,Unemployed,Primary,5,0.0,False,False,Ayushman Bharat,Healthcare,False,244
28,Female,Maharashtra,OBC,49705.07,Unemployed,Unemployed,Primary,5,0.0,False,False,PM Awas Yojana,Housing,False,244
28,Female,Maharashtra,OBC,49705.07,Unemployed,Unemployed,Primary,5,0.0,False,False,Skill India,Employment,False,244
47,Other,Maharashtra,SC,0.0,Homemaker,Unemployed,Higher Secondary,5,1.58,True,True,PM Kisan,Agriculture,False,245
47,Other,Maharashtra,SC,0.0,Homemaker,Unemployed,Higher Secondary,5,1.58,True,True,Post Matric Scholarship,Education,False,245
47,Other,Maharashtra,SC,0.0,Homemaker,Unemployed,Higher Secondary,5,1.58,True,True,Ayushman Bharat,Healthcare,True,245
47,Other,Maharashtra,SC,0.0,Homemaker,Unemployed,Higher Secondary,5,1.58,True,True,PM Awas Yojana,Housing,True,245
47,Other,Maharashtra,SC,0.0,Homemaker,Unemployed,Higher Secondary,5,1.58,True,True,Skill India,Employment,False,245
26,Other,Delhi,General,0.0,Homemaker,Unemployed,Primary,8,2.0,True,False,PM Kisan,Agriculture,False,246
26,Other,Delhi,General,0.0,Homemaker,Unemployed,Primary,8,2.0,True,False,Post Matric Scholarship,Education,False,246
26,Other,Delhi,General,0.0,Homemaker,Unemployed,Primary,8,2.0,True,False,Ayushman Bharat,Healthcare,True,246
26,Other,Delhi,General,0.0,Homemaker,Unemployed,Primary,8,2.0,True,False,PM Awas Yojana,Housing,True,246
26,Other,Delhi,General,0.0,Homemaker,Unemployed,Primary,8,2.0,True,False,Skill India,Employment,False,246
42,Other,Karnataka,OBC,978447.06,Government Employee,Employed,Graduate,5,0.0,False,False,PM Kisan,Agriculture,False,247
42,Other,Karnataka,OBC,978447.06,Government Employee,Employed,Graduate,5,0.0,False,False,Post Matric Scholarship,Education,False,247
42,Other,Karnataka,OBC,978447.06,Government Employee,Employed,Graduate,5,0.0,False,False,Ayushman Bharat,Healthcare,False,247
42,Other,Karnataka,OBC,978447.06,Government Employee,Employed,Graduate,5,0.0,False,False,PM Awas Yojana,Housing,False,247
42,Other,Karnataka,OBC,978447.06,Government Employee,Employed,Graduate,5,0.0,False,False,Skill India,Employment,False,247
57,Female,Tamil Nadu,OBC,1424445.67,Private Employee,Employed,Diploma,4,0.0,False,True,PM Kisan,Agriculture,False,248
57,Female,Tamil Nadu,OBC,1424445.67,Private Employee,Employed,Diploma,4,0.0,False,True,Post Matric Scholarship,Education,False,248
57,Female,Tamil Nadu,OBC,1424445.67,Private Employee,Employed,Diploma,4,0.0,False,True,Ayushman Bharat,Healthcare,False,248
57,Female,Tamil Nadu,OBC,1424445.67,Private Employee,Employed,Diploma,4,0.0,False,True,PM Awas Yojana,Housing,False,248
57,Female,Tamil Nadu,OBC,1424445.67,Private Employee,Employed,Diploma,4,0.0,False,True,Skill India,Employment,False,248
80,Male,Maharashtra,General,352838.96,Retired,Retired,Graduate,2,1.56,False,False,PM Kisan,Agriculture,False,249
80,Male,Maharashtra,General,352838.96,Retired,Retired,Graduate,2,1.56,False,False,Post Matric Scholarship,Education,False,249
80,Male,Maharashtra,General,352838.96,Retired,Retired,Graduate,2,1.56,False,False,Ayushman Bharat,Healthcare,False,249
80,Male,Maharashtra,General,352838.96,Retired,Retired,Graduate,2,1.56,False,False,PM Awas Yojana,Housing,False,249
80,Male,Maharashtra,General,352838.96,Retired,Retired,Graduate,2,1.56,False,False,Skill India,Employment,False,249
20,Male,Tamil Nadu,General,106157.18,Student,Student,Higher Secondary,6,0.0,True,True,PM Kisan,Agriculture,False,250
20,Male,Tamil Nadu,General,106157.18,Student,Student,Higher Secondary,6,0.0,True,True,Post Matric Scholarship,Education,True,250
20,Male,Tamil Nadu,General,106157.18,Student,Student,Higher Secondary,6,0.0,True,True,Ayushman Bharat,Healthcare,True,250
20,Male,Tamil Nadu,General,106157.18,Student,Student,Higher Secondary,6,0.0,True,True,PM Awas Yojana,Housing,True,250
20,Male,Tamil Nadu,General,106157.18,Student,Student,Higher Secondary,6,0.0,True,True,Skill India,Employment,True,250
24,Male,Karnataka,ST,96967.37,Unemployed,Unemployed,Higher Secondary,2,0.0,False,True,PM Kisan,Agriculture,False,251
24,Male,Karnataka,ST,96967.37,Unemployed,Unemployed,Higher Secondary,2,0.0,False,True,Post Matric Scholarship,Education,False,251
24,Male,Karnataka,ST,96967.37,Unemployed,Unemployed,Higher Secondary,2,0.0,False,True,Ayushman Bharat,Healthcare,False,251
24,Male,Karnataka,ST,96967.37,Unemployed,Unemployed,Higher Secondary,2,0.0,False,True,PM Awas Yojana,Housing,False,251
24,Male,Karnataka,ST,96967.37,Unemployed,Unemployed,Higher Secondary,2,0.0,False,True,Skill India,Employment,True,251
72,Male,Tamil Nadu,SC,536103.57,Retired,Retired,Graduate,3,0.09,False,True,PM Kisan,Agriculture,False,252
72,Male,Tamil Nadu,SC,536103.57,Retired,Retired,Graduate,3,0.09,False,True,Post Matric Scholarship,Education,False,252
72,Male,Tamil Nadu,SC,536103.57,Retired,Retired,Graduate,3,0.09,False,True,Ayushman Bharat,Healthcare,False,252
72,Male,Tamil Nadu,SC,536103.57,Retired,Retired,Graduate,3,0.09,False,True,PM Awas Yojana,Housing,False,252
72,Male,Tamil Nadu,SC,536103.57,Retired,Retired,Graduate,3,0.09,False,True,Skill India,Employment,False,252
31,Female,Maharashtra,ST,52707.65,Unemployed,Unemployed,Graduate,7,0.0,False,True,PM Kisan,Agriculture,False,253
31,Female,Maharashtra,ST,52707.65,Unemployed,Unemployed,Graduate,7,0.0,False,True,Post Matric Scholarship,Education,False,253
31,Female,Maharashtra,ST,52707.65,Unemployed,Unemployed,Graduate,7,0.0,False,True,Ayushman Bharat,Healthcare,False,253
31,Female,Maharashtra,ST,52707.65,Unemployed,Unemployed,Graduate,7,0.0,False,True,PM Awas Yojana,Housing,False,253
31,Female,Maharashtra,ST,52707.65,Unemployed,Unemployed,Graduate,7,0.0,False,True,Skill India,Employment,True,253
28,Male,Maharashtra,SC,567833.08,Private Employee,Employed,Post Graduate,5,0.0,False,True,PM Kisan,Agriculture,False,254
28,Male,Maharashtra,SC,567833.08,Private Employee,Employed,Post Graduate,5,0.0,False,True,Post Matric Scholarship,Education,False,254
28,Male,Maharashtra,SC,567833.08,Private Employee,Employed,Post Graduate,5,0.0,False,True,Ayushman Bharat,Healthcare,False,254
28,Male,Maharashtra,SC,567833.08,Private Employee,Employed,Post Graduate,5,0.0,False,True,PM Awas Yojana,Housing,False,254
28,Male,Maharashtra,SC,567833.08,Private Employee,Employed,Post Graduate,5,0.0,False,True,Skill India,Employment,False,254
58,Male,Karnataka,ST,0.0,Homemaker,Unemployed,Graduate,8,2.46,False,False,PM Kisan,Agriculture,False,255
58,Male,Karnataka,ST,0.0,Homemaker,Unemployed,Graduate,8,2.46,False,False,Post Matric Scholarship,Education,False,255
58,Male,Karnataka,ST,0.0,Homemaker,Unemployed,Graduate,8,2.46,False,False,Ayushman Bharat,Healthcare,False,255
58,Male,Karnataka,ST,0.0,Homemaker,Unemployed,Graduate,8,2.46,False,False,PM Awas Yojana,Housing,False,255
58,Male,Karnataka,ST,0.0,Homemaker,Unemployed,Graduate,8,2.46,False,False,Skill India,Employment,False,255
43,Female,Tamil Nadu,SC,81388.72,Unemployed,Unemployed,Higher Secondary,4,0.0,True,True,PM Kisan,Agriculture,False,256
43,Female,Tamil Nadu,SC,81388.72,Unemployed,Unemployed,Higher Secondary,4,0.0,True,True,Post Matric Scholarship,Education,False,256
43,Female,Tamil Nadu,SC,81388.72,Unemployed,Unemployed,Higher Secondary,4,0.0,True,True,Ayushman Bharat,Healthcare,True,256
43,Female,Tamil Nadu,SC,81388.72,Unemployed,Unemployed,Higher Secondary,4,0.0,True,True,PM Awas Yojana,Housing,True,256
43,Female,Tamil Nadu,SC,81388.72,Unemployed,Unemployed,Higher Secondary,4,0.0,True,True,Skill India,Employment,True,256
64,Other,Tamil Nadu,SC,248216.12,Farmer,Self-Employed,Secondary,6,6.64,False,True,PM Kisan,Agriculture,False,257
64,Other,Tamil Nadu,SC,248216.12,Farmer,Self-Employed,Secondary,6,6.64,False,True,Post Matric Scholarship,Education,False,257
64,Other,Tamil Nadu,SC,248216.12,Farmer,Self-Employed,Secondary,6,6.64,False,True,Ayushman Bharat,Healthcare,False,257
64,Other,Tamil Nadu,SC,248216.12,Farmer,Self-Employed,Secondary,6,6.64,False,True,PM Awas Yojana,Housing,False,257
64,Other,Tamil Nadu,SC,248216.12,Farmer,Self-Employed,Secondary,6,6.64,False,True,Skill India,Employment,False,257
25,Other,Kerala,OBC,120690.71,Farmer,Self-Employed,Secondary,7,3.1,True,True,PM Kisan,Agriculture,True,258
25,Other,Kerala,OBC,120690.71,Farmer,Self-Employed,Secondary,7,3.1,True,True,Post Matric Scholarship,Education,False,258
25,Other,Kerala,OBC,120690.71,Farmer,Self-Employed,Secondary,7,3.1,True,True,Ayushman Bharat,Healthcare,True,258
25,Other,Kerala,OBC,120690.71,Farmer,Self-Employed,Secondary,7,3.1,True,True,PM Awas Yojana,Housing,True,258
25,Other,Kerala,OBC,120690.71,Farmer,Self-Employed,Secondary,7,3.1,True,True,Skill India,Employment,False,258
56,Female,Kerala,SC,186345.45,Farmer,Self-Employed,Higher Secondary,4,3.29,True,False,PM Kisan,Agriculture,True,259
56,Female,Kerala,SC,186345.45,Farmer,Self-Employed,Higher Secondary,4,3.29,True,False,Post Matric Scholarship,Education,False,259
56,Female,Kerala,SC,186345.45,Farmer,Self-Employed,Higher Secondary,4,3.29,True,False,Ayushman Bharat,Healthcare,True,259
56,Female,Kerala,SC,186345.45,Farmer,Self-Employed,Higher Secondary,4,3.29,True,False,PM Awas Yojana,Housing,True,259
56,Female,Kerala,SC,186345.45,Farmer,Self-Employed,Higher Secondary,4,3.29,True,False,Skill India,Employment,False,259
61,Other,Delhi,ST,1173754.1,Business,Self-Employed,Graduate,3,0.67,False,False,PM Kisan,Agriculture,False,260
61,Other,Delhi,ST,1173754.1,Business,Self-Employed,Graduate,3,0.67,False,False,Post Matric Scholarship,Education,False,260
61,Other,Delhi,ST,1173754.1,Business,Self-Employed,Graduate,3,0.67,False,False,Ayushman Bharat,Healthcare,False,260
61,Other,Delhi,ST,1173754.1,Business,Self-Employed,Graduate,3,0.67,False,False,PM Awas Yojana,Housing,False,260
61,Other,Delhi,ST,1173754.1,Business,Self-Employed,Graduate,3,0.67,False,False,Skill India,Employment,False,260
64,Other,Maharashtra,ST,478895.58,Retired,Retired,Graduate,3,3.51,False,True,PM Kisan,Agriculture,False,261
64,Other,Maharashtra,ST,478895.58,Retired,Retired,Graduate,3,3.51,False,True,Post Matric Scholarship,Education,False,261
64,Other,Maharashtra,ST,478895.58,Retired,Retired,Graduate,3,3.51,False,True,Ayushman Bharat,Healthcare,False,261
64,Other,Maharashtra,ST,478895.58,Retired,Retired,Graduate,3,3.51,False,True,PM Awas Yojana,Housing,False,261
64,Other,Maharashtra,ST,478895.58,Retired,Retired,Graduate,3,3.51,False,True,Skill India,Employment,False,261
20,Male,Kerala,ST,39083.22,Student,Student,Graduate,4,0.0,False,True,PM Kisan,Agriculture,False,262
20,Male,Kerala,ST,39083.22,Student,Student,Graduate,4,0.0,False,True,Post Matric Scholarship,Education,True,262
20,Male,Kerala,ST,39083.22,Student,Student,Graduate,4,0.0,False,True,Ayushman Bharat,Healthcare,False,262
20,Male,Kerala,ST,39083.22,Student,Student,Graduate,4,0.0,False,True,PM Awas Yojana,Housing,False,262
20,Male,Kerala,ST,39083.22,Student,Student,Graduate,4,0.0,False,True,Skill India,Employment,True,262
47,Female,Kerala,General,0.0,Homemaker,Unemployed,Primary,6,0.88,True,True,PM Kisan,Agriculture,False,263
47,Female,Kerala,General,0.0,Homemaker,Unemployed,Primary,6,0.88,True,True,Post Matric Scholarship,Education,False,263
47,Female,Kerala,General,0.0,Homemaker,Unemployed,Primary,6,0.88,True,True,Ayushman Bharat,Healthcare,True,263
47,Female,Kerala,General,0.0,Homemaker,Unemployed,Primary,6,0.88,True,True,PM Awas Yojana,Housing,True,263
47,Female,Kerala,General,0.0,Homemaker,Unemployed,Primary,6,0.88,True,True,Skill India,Employment,False,263
27,Female,Maharashtra,OBC,117677.04,Farmer,Self-Employed,Primary,4,4.96,False,False,PM Kisan,Agriculture,True,264
27,Female,Maharashtra,OBC,117677.04,Farmer,Self-Employed,Primary,4,4.96,False,False,Post Matric Scholarship,Education,False,264
27,Female,Maharashtra,OBC,117677.04,Farmer,Self-Employed,Primary,4,4.96,False,False,Ayushman Bharat,Healthcare,False,264
27,Female,Maharashtra,OBC,117677.04,Farmer,Self-Employed,Primary,4,4.96,False,False,PM Awas Yojana,Housing,False,264
27,Female,Maharashtra,OBC,117677.04,Farmer,Self-Employed,Primary,4,4.96,False,False,Skill India,Employment,False,264
36,Other,Karnataka,SC,189995.53,Farmer,Self-Employed,Higher Secondary,7,4.91,False,False,PM Kisan,Agriculture,True,265
36,Other,Karnataka,SC,189995.53,Farmer,Self-Employed,Higher Secondary,7,4.91,False,False,Post Matric Scholarship,Education,False,265
36,Other,Karnataka,SC,189995.53,Farmer,Self-Employed,Higher Secondary,7,4.91,False,False,Ayushman Bharat,Healthcare,False,265
36,Other,Karnataka,SC,189995.53,Farmer,Self-Employed,Higher Secondary,7,4.91,False,False,PM Awas Yojana,Housing,False,265
36,Other,Karnataka,SC,189995.53,Farmer,Self-Employed,Higher Secondary,7,4.91,False,False,Skill India,Employment,False,265
48,Male,Kerala,General,1662062.16,Business,Self-Employed,Post Graduate,7,0.87,False,True,PM Kisan,Agriculture,False,266
48,Male,Kerala,General,1662062.16,Business,Self-Employed,Post Graduate,7,0.87,False,True,Post Matric Scholarship,Education,False,266
48,Male,Kerala,General,1662062.16,Business,Self-Employed,Post Graduate,7,0.87,False,True,Ayushman Bharat,Healthcare,False,266
48,Male,Kerala,General,1662062.16,Business,Self-Employed,Post Graduate,7,0.87,False,True,PM Awas Yojana,Housing,False,266
48,Male,Kerala,General,1662062.16,Business,Self-Employed,Post Graduate,7,0.87,False,True,Skill India,Employment,False,266
51,Female,Delhi,OBC,1318887.52,Business,Self-Employed,Higher Secondary,3,1.37,False,True,PM Kisan,Agriculture,False,267
51,Female,Delhi,OBC,1318887.52,Business,Self-Employed,Higher Secondary,3,1.37,False,True,Post Matric Scholarship,Education,False,267
51,Female,Delhi,OBC,1318887.52,Business,Self-Employed,Higher Secondary,3,1.37,False,True,Ayushman Bharat,Healthcare,False,267
51,Female,Delhi,OBC,1318887.52,Business,Self-Employed,Higher Secondary,3,1.37,False,True,PM Awas Yojana,Housing,False,267
51,Female,Delhi,OBC,1318887.52,Business,Self-Employed,Higher Secondary,3,1.37,False,True,Skill India,Employment,False,267
35,Other,Delhi,OBC,0.0,Homemaker,Unemployed,Primary,4,1.32,False,False,PM Kisan,Agriculture,False,268
35,Other,Delhi,OBC,0.0,Homemaker,Unemployed,Primary,4,1.32,False,False,Post Matric Scholarship,Education,False,268
35,Other,Delhi,OBC,0.0,Homemaker,Unemployed,Primary,4,1.32,False,False,Ayushman Bharat,Healthcare,False,268
35,Other,Delhi,OBC,0.0,Homemaker,Unemployed,Primary,4,1.32,False,False,PM Awas Yojana,Housing,False,268
35,Other,Delhi,OBC,0.0,Homemaker,Unemployed,Primary,4,1.32,False,False,Skill India,Employment,False,268
56,Male,Delhi,General,703220.81,Private Employee,Employed,Graduate,2,0.0,False,False,PM Kisan,Agriculture,False,269
56,Male,Delhi,General,703220.81,Private Employee,Employed,Graduate,2,0.0,False,False,Post Matric Scholarship,Education,False,269
56,Male,Delhi,General,703220.81,Private Employee,Employed,Graduate,2,0.0,False,False,Ayushman Bharat,Healthcare,False,269
56,Male,Delhi,General,703220.81,Private Employee,Employed,Graduate,2,0.0,False,False,PM Awas Yojana,Housing,False,269
56,Male,Delhi,General,703220.81,Private Employee,Employed,Graduate,2,0.0,False,False,Skill India,Employment,False,269
28,Female,Maharashtra,ST,1388462.81,Private Employee,Employed,Diploma,4,0.0,False,False,PM Kisan,Agriculture,False,270
28,Female,Maharashtra,ST,1388462.81,Private Employee,Employed,Diploma,4,0.0,False,False,Post Matric Scholarship,Education,False,270
28,Female,Maharashtra,ST,1388462.81,Private Employee,Employed,Diploma,4,0.0,False,False,Ayushman Bharat,Healthcare,False,270
28,Female,Maharashtra,ST,1388462.81,Private Employee,Employed,Diploma,4,0.0,False,False,PM Awas Yojana,Housing,False,270
28,Female,Maharashtra,ST,1388462.81,Private Employee,Employed,Diploma,4,0.0,False,False,Skill India,Employment,False,270
25,Female,Maharashtra,General,1115388.83,Private Employee,Employed,Graduate,5,0.0,False,False,PM Kisan,Agriculture,False,271
25,Female,Maharashtra,General,1115388.83,Private Employee,Employed,Graduate,5,0.0,False,False,Post Matric Scholarship,Education,False,271
25,Female,Maharashtra,General,1115388.83,Private Employee,Employed,Graduate,5,0.0,False,False,Ayushman Bharat,Healthcare,False,271
25,Female,Maharashtra,General,1115388.83,Private Employee,Employed,Graduate,5,0.0,False,False,PM Awas Yojana,Housing,False,271
25,Female,Maharashtra,General,1115388.83,Private Employee,Employed,Graduate,5,0.0,False,False,Skill India,Employment,False,271
69,Female,Kerala,OBC,346014.63,Retired,Retired,Secondary,5,2.97,False,False,PM Kisan,Agriculture,False,272
69,Female,Kerala,OBC,346014.63,Retired,Retired,Secondary,5,2.97,False,False,Post Matric Scholarship,Education,False,272
69,Female,Kerala,OBC,346014.63,Retired,Retired,Secondary,5,2.97,False,False,Ayushman Bharat,Healthcare,False,272
69,Female,Kerala,OBC,346014.63,Retired,Retired,Secondary,5,2.97,False,False,PM Awas Yojana,Housing,False,272
69,Female,Kerala,OBC,346014.63,Retired,Retired,Secondary,5,2.97,False,False,Skill India,Employment,False,272
31,Male,Delhi,OBC,195340.35,Farmer,Self-Employed,Primary,7,6.57,False,True,PM Kisan,Agriculture,True,273
31,Male,Delhi,OBC,195340.35,Farmer,Self-Employed,Primary,7,6.57,False,True,Post Matric Scholarship,Education,False,273
31,Male,Delhi,OBC,195340.35,Farmer,Self-Employed,Primary,7,6.57,False,True,Ayushman Bharat,Healthcare,False,273
31,Male,Delhi,OBC,195340.35,Farmer,Self-Employed,Primary,7,6.57,False,True,PM Awas Yojana,Housing,False,273
31,Male,Delhi,OBC,195340.35,Farmer,Self-Employed,Primary,7,6.57,False,True,Skill India,Employment,False,273
58,Other,Karnataka,General,372074.14,Private Employee,Employed,Post Graduate,2,0.0,False,False,PM Kisan,Agriculture,False,274
58,Other,Karnataka,General,372074.14,Private Employee,Employed,Post Graduate,2,0.0,False,False,Post Matric Scholarship,Education,False,274
58,Other,Karnataka,General,372074.14,Private Employee,Employed,Post Graduate,2,0.0,False,False,Ayushman Bharat,Healthcare,False,274
58,Other,Karnataka,General,372074.14,Private Employee,Employed,Post Graduate,2,0.0,False,False,PM Awas Yojana,Housing,False,274
58,Other,Karnataka,General,372074.14,Private Employee,Employed,Post Graduate,2,0.0,False,False,Skill India,Employment,False,274
41,Female,Maharashtra,ST,836607.95,Private Employee,Employed,Post Graduate,3,0.0,False,False,PM Kisan,Agriculture,False,275
41,Female,Maharashtra,ST,836607.95,Private Employee,Employed,Post Graduate,3,0.0,False,False,Post Matric Scholarship,Education,False,275
41,Female,Maharashtra,ST,836607.95,Private Employee,Employed,Post Graduate,3,0.0,False,False,Ayushman Bharat,Healthcare,False,275
41,Female,Maharashtra,ST,836607.95,Private Employee,Employed,Post Graduate,3,0.0,False,False,PM Awas Yojana,Housing,False,275
41,Female,Maharashtra,ST,836607.95,Private Employee,Employed,Post Graduate,3,0.0,False,False,Skill India,Employment,False,275
32,Other,Delhi,SC,1084169.99,Private Employee,Employed,Diploma,5,0.0,False,False,PM Kisan,Agriculture,False,276
32,Other,Delhi,SC,1084169.99,Private Employee,Employed,Diploma,5,0.0,False,False,Post Matric Scholarship,Education,False,276
32,Other,Delhi,SC,1084169.99,Private Employee,Employed,Diploma,5,0.0,False,False,Ayushman Bharat,Healthcare,False,276
32,Other,Delhi,SC,1084169.99,Private Employee,Employed,Diploma,5,0.0,False,False,PM Awas Yojana,Housing,False,276
32,Other,Delhi,SC,1084169.99,Private Employee,Employed,Diploma,5,0.0,False,False,Skill India,Employment,False,276
64,Other,Delhi,SC,310729.65,Farmer,Self-Employed,Primary,7,5.75,True,False,PM Kisan,Agriculture,False,277
64,Other,Delhi,SC,310729.65,Farmer,Self-Employed,Primary,7,5.75,True,False,Post Matric Scholarship,Education,False,277
64,Other,Delhi,SC,310729.65,Farmer,Self-Employed,Primary,7,5.75,True,False,Ayushman Bharat,Healthcare,False,277
64,Other,Delhi,SC,310729.65,Farmer,Self-Employed,Primary,7,5.75,True,False,PM Awas Yojana,Housing,False,277
64,Other,Delhi,SC,310729.65,Farmer,Self-Employed,Primary,7,5.75,True,False,Skill India,Employment,False,277
46,Male,Kerala,ST,285688.33,Private Employee,Employed,Graduate,3,0.0,False,True,PM Kisan,Agriculture,False,278
46,Male,Kerala,ST,285688.33,Private Employee,Employed,Graduate,3,0.0,False,True,Post Matric Scholarship,Education,False,278
46,Male,Kerala,ST,285688.33,Private Employee,Employed,Graduate,3,0.0,False,True,Ayushman Bharat,Healthcare,False,278
46,Male,Kerala,ST,285688.33,Private Employee,Employed,Graduate,3,0.0,False,True,PM Awas Yojana,Housing,False,278
46,Male,Kerala,ST,285688.33,Private Employee,Employed,Graduate,3,0.0,False,True,Skill India,Employment,False,278
34,Male,Tamil Nadu,General,138389.07,Farmer,Self-Employed,Primary,6,5.84,False,False,PM Kisan,Agriculture,True,279
34,Male,Tamil Nadu,General,138389.07,Farmer,Self-Employed,Primary,6,5.84,False,False,Post Matric Scholarship,Education,False,279
34,Male,Tamil Nadu,General,138389.07,Farmer,Self-Employed,Primary,6,5.84,False,False,Ayushman Bharat,Healthcare,False,279
34,Male,Tamil Nadu,General,138389.07,Farmer,Self-Employed,Primary,6,5.84,False,False,PM Awas Yojana,Housing,False,279
34,Male,Tamil Nadu,General,138389.07,Farmer,Self-Employed,Primary,6,5.84,False,False,Skill India,Employment,False,279
57,Female,Tamil Nadu,SC,0.0,Homemaker,Unemployed,Primary,5,2.92,True,True,PM Kisan,Agriculture,False,280
57,Female,Tamil Nadu,SC,0.0,Homemaker,Unemployed,Primary,5,2.92,True,True,Post Matric Scholarship,Education,False,280
57,Female,Tamil Nadu,SC,0.0,Homemaker,Unemployed,Primary,5,2.92,True,True,Ayushman Bharat,Healthcare,True,280
57,Female,Tamil Nadu,SC,0.0,Homemaker,Unemployed,Primary,5,2.92,True,True,PM Awas Yojana,Housing,True,280
57,Female,Tamil Nadu,SC,0.0,Homemaker,Unemployed,Primary,5,2.92,True,True,Skill India,Employment,False,280
51,Other,Delhi,General,583419.95,Private Employee,Employed,Graduate,5,0.0,False,False,PM Kisan,Agriculture,False,281
51,Other,Delhi,General,583419.95,Private Employee,Employed,Graduate,5,0.0,False,False,Post Matric Scholarship,Education,False,281
51,Other,Delhi,General,583419.95,Private Employee,Employed,Graduate,5,0.0,False,False,Ayushman Bharat,Healthcare,False,281
51,Other,Delhi,General,583419.95,Private Employee,Employed,Graduate,5,0.0,False,False,PM Awas Yojana,Housing,False,281
51,Other,Delhi,General,583419.95,Private Employee,Employed,Graduate,5,0.0,False,False,Skill India,Employment,False,281
47,Other,Karnataka,OBC,372571.19,Farmer,Self-Employed,Higher Secondary,5,5.75,False,False,PM Kisan,Agriculture,False,282
47,Other,Karnataka,OBC,372571.19,Farmer,Self-Employed,Higher Secondary,5,5.75,False,False,Post Matric Scholarship,Education,False,282
47,Other,Karnataka,OBC,372571.19,Farmer,Self-Employed,Higher Secondary,5,5.75,False,False,Ayushman Bharat,Healthcare,False,282
47,Other,Karnataka,OBC,372571.19,Farmer,Self-Employed,Higher Secondary,5,5.75,False,False,PM Awas Yojana,Housing,False,282
47,Other,Karnataka,OBC,372571.19,Farmer,Self-Employed,Higher Secondary,5,5.75,False,False,Skill India,Employment,False,282
40,Male,Kerala,OBC,121487.94,Farmer,Self-Employed,Primary,5,2.08,False,True,PM Kisan,Agriculture,True,283
40,Male,Kerala,OBC,121487.94,Farmer,Self-Employed,Primary,5,2.08,False,True,Post Matric Scholarship,Education,False,283
40,Male,Kerala,OBC,121487.94,Farmer,Self-Employed,Primary,5,2.08,False,True,Ayushman Bharat,Healthcare,False,283
40,Male,Kerala,OBC,121487.94,Farmer,Self-Employed,Primary,5,2.08,False,True,PM Awas Yojana,Housing,False,283
40,Male,Kerala,OBC,121487.94,Farmer,Self-Employed,Primary,5,2.08,False,True,Skill India,Employment,False,283
19,Male,Karnataka,SC,87311.06,Student,Student,Higher Secondary,4,0.0,True,False,PM Kisan,Agriculture,False,284
19,Male,Karnataka,SC,87311.06,Student,Student,Higher Secondary,4,0.0,True,False,Post Matric Scholarship,Education,True,284
19,Male,Karnataka,SC,87311.06,Student,Student,Higher Secondary,4,0.0,True,False,Ayushman Bharat,Healthcare,True,284
19,Male,Karnataka,SC,87311.06,Student,Student,Higher Secondary,4,0.0,True,False,PM Awas Yojana,Housing,True,284
19,Male,Karnataka,SC,87311.06,Student,Student,Higher Secondary,4,0.0,True,False,Skill India,Employment,True,284
57,Male,Delhi,SC,0.0,Homemaker,Unemployed,Higher Secondary,3,2.52,True,True,PM Kisan,Agriculture,False,285
57,Male,Delhi,SC,0.0,Homemaker,Unemployed,Higher Secondary,3,2.52,True,True,Post Matric Scholarship,Education,False,285
57,Male,Delhi,SC,0.0,Homemaker,Unemployed,Higher Secondary,3,2.52,True,True,Ayushman Bharat,Healthcare,True,285
57,Male,Delhi,SC,0.0,Homemaker,Unemployed,Higher Secondary,3,2.52,True,True,PM Awas Yojana,Housing,True,285
57,Male,Delhi,SC,0.0,Homemaker,Unemployed,Higher Secondary,3,2.52,True,True,Skill India,Employment,False,285
44,Female,Delhi,ST,399864.63,Government Employee,Employed,Graduate,4,0.0,False,False,PM Kisan,Agriculture,False,286
44,Female,Delhi,ST,399864.63,Government Employee,Employed,Graduate,4,0.0,False,False,Post Matric Scholarship,Education,False,286
44,Female,Delhi,ST,399864.63,Government Employee,Employed,Graduate,4,0.0,False,False,Ayushman Bharat,Healthcare,False,286
44,Female,Delhi,ST,399864.63,Government Employee,Employed,Graduate,4,0.0,False,False,PM Awas Yojana,Housing,False,286
44,Female,Delhi,ST,399864.63,Government Employee,Employed,Graduate,4,0.0,False,False,Skill India,Employment,False,286
23,Female,Kerala,General,33993.21,Student,Unemployed,Higher Secondary,4,0.0,True,True,PM Kisan,Agriculture,False,287
23,Female,Kerala,General,33993.21,Student,Unemployed,Higher Secondary,4,0.0,True,True,Post Matric Scholarship,Education,False,287
23,Female,Kerala,General,33993.21,Student,Unemployed,Higher Secondary,4,0.0,True,True,Ayushman Bharat,Healthcare,True,287
23,Female,Kerala,General,33993.21,Student,Unemployed,Higher Secondary,4,0.0,True,True,PM Awas Yojana,Housing,True,287
23,Female,Kerala,General,33993.21,Student,Unemployed,Higher Secondary,4,0.0,True,True,Skill India,Employment,True,287
47,Male,Delhi,SC,61357.3,Farmer,Self-Employed,Primary,5,6.71,True,False,PM Kisan,Agriculture,True,288
47,Male,Delhi,SC,61357.3,Farmer,Self-Employed,Primary,5,6.71,True,False,Post Matric Scholarship,Education,False,288
47,Male,Delhi,SC,61357.3,Farmer,Self-Employed,Primary,5,6.71,True,False,Ayushman Bharat,Healthcare,True,288
47,Male,Delhi,SC,61357.3,Farmer,Self-Employed,Primary,5,6.71,True,False,PM Awas Yojana,Housing,True,288
47,Male,Delhi,SC,61357.3,Farmer,Self-Employed,Primary,5,6.71,True,False,Skill India,Employment,False,288
49,Female,Karnataka,OBC,607341.6,Government Employee,Employed,Post Graduate,6,0.0,False,False,PM Kisan,Agriculture,False,289
49,Female,Karnataka,OBC,607341.6,Government Employee,Employed,Post Graduate,6,0.0,False,False,Post Matric Scholarship,Education,False,289
49,Female,Karnataka,OBC,607341.6,Government Employee,Employed,Post Graduate,6,0.0,False,False,Ayushman Bharat,Healthcare,False,289
49,Female,Karnataka,OBC,607341.6,Government Employee,Employed,Post Graduate,6,0.0,False,False,PM Awas Yojana,Housing,False,289
49,Female,Karnataka,OBC,607341.6,Government Employee,Employed,Post Graduate,6,0.0,False,False,Skill India,Employment,False,289
18,Female,Maharashtra,SC,84446.87,Student,Student,Diploma,5,0.0,False,False,PM Kisan,Agriculture,False,290
18,Female,Maharashtra,SC,84446.87,Student,Student,Diploma,5,0.0,False,False,Post Matric Scholarship,Education,False,290
18,Female,Maharashtra,SC,84446.87,Student,Student,Diploma,5,0.0,False,False,Ayushman Bharat,Healthcare,False,290
18,Female,Maharashtra,SC,84446.87,Student,Student,Diploma,5,0.0,False,False,PM Awas Yojana,Housing,False,290
18,Female,Maharashtra,SC,84446.87,Student,Student,Diploma,5,0.0,False,False,Skill India,Employment,False,290
64,Other,Tamil Nadu,SC,75128.25,Farmer,Self-Employed,Secondary,5,2.34,False,False,PM Kisan,Agriculture,True,291
64,Other,Tamil Nadu,SC,75128.25,Farmer,Self-Employed,Secondary,5,2.34,False,False,Post Matric Scholarship,Education,False,291
64,Other,Tamil Nadu,SC,75128.25,Farmer,Self-Employed,Secondary,5,2.34,False,False,Ayushman Bharat,Healthcare,False,291
64,Other,Tamil Nadu,SC,75128.25,Farmer,Self-Employed,Secondary,5,2.34,False,False,PM Awas Yojana,Housing,False,291
64,Other,Tamil Nadu,SC,75128.25,Farmer,Self-Employed,Secondary,5,2.34,False,False,Skill India,Employment,False,291
48,Other,Maharashtra,OBC,95752.7,Unemployed,Unemployed,Primary,5,0.0,False,False,PM Kisan,Agriculture,False,292
48,Other,Maharashtra,OBC,95752.7,Unemployed,Unemployed,Primary,5,0.0,False,False,Post Matric Scholarship,Education,False,292
48,Other,Maharashtra,OBC,95752.7,Unemployed,Unemployed,Primary,5,0.0,False,False,Ayushman Bharat,Healthcare,False,292
48,Other,Maharashtra,OBC,95752.7,Unemployed,Unemployed,Primary,5,0.0,False,False,PM Awas Yojana,Housing,False,292
48,Other,Maharashtra,OBC,95752.7,Unemployed,Unemployed,Primary,5,0.0,False,False,Skill India,Employment,False,292
32,Female,Tamil Nadu,SC,673082.3,Government Employee,Employed,Graduate,2,0.0,False,False,PM Kisan,Agriculture,False,293
32,Female,Tamil Nadu,SC,673082.3,Government Employee,Employed,Graduate,2,0.0,False,False,Post Matric Scholarship,Education,False,293
32,Female,Tamil Nadu,SC,673082.3,Government Employee,Employed,Graduate,2,0.0,False,False,Ayushman Bharat,Healthcare,False,293
32,Female,Tamil Nadu,SC,673082.3,Government Employee,Employed,Graduate,2,0.0,False,False,PM Awas Yojana,Housing,False,293
32,Female,Tamil Nadu,SC,673082.3,Government Employee,Employed,Graduate,2,0.0,False,False,Skill India,Employment,False,293
24,Other,Karnataka,OBC,50447.39,Student,Student,Graduate,5,0.0,False,False,PM Kisan,Agriculture,False,294
24,Other,Karnataka,OBC,50447.39,Student,Student,Graduate,5,0.0,False,False,Post Matric Scholarship,Education,True,294
24,Other,Karnataka,OBC,50447.39,Student,Student,Graduate,5,0.0,False,False,Ayushman Bharat,Healthcare,False,294
24,Other,Karnataka,OBC,50447.39,Student,Student,Graduate,5,0.0,False,False,PM Awas Yojana,Housing,False,294
24,Other,Karnataka,OBC,50447.39,Student,Student,Graduate,5,0.0,False,False,Skill India,Employment,True,294
48,Female,Tamil Nadu,ST,449642.28,Private Employee,Employed,Graduate,2,0.0,False,False,PM Kisan,Agriculture,False,295
48,Female,Tamil Nadu,ST,449642.28,Private Employee,Employed,Graduate,2,0.0,False,False,Post Matric Scholarship,Education,False,295
48,Female,Tamil Nadu,ST,449642.28,Private Employee,Employed,Graduate,2,0.0,False,False,Ayushman Bharat,Healthcare,False,295
48,Female,Tamil Nadu,ST,449642.28,Private Employee,Employed,Graduate,2,0.0,False,False,PM Awas Yojana,Housing,False,295
48,Female,Tamil Nadu,ST,449642.28,Private Employee,Employed,Graduate,2,0.0,False,False,Skill India,Employment,False,295
33,Female,Kerala,SC,1041191.25,Private Employee,Employed,Diploma,6,0.0,False,False,PM Kisan,Agriculture,False,296
33,Female,Kerala,SC,1041191.25,Private Employee,Employed,Diploma,6,0.0,False,False,Post Matric Scholarship,Education,False,296
33,Female,Kerala,SC,1041191.25,Private Employee,Employed,Diploma,6,0.0,False,False,Ayushman Bharat,Healthcare,False,296
33,Female,Kerala,SC,1041191.25,Private Employee,Employed,Diploma,6,0.0,False,False,PM Awas Yojana,Housing,False,296
33,Female,Kerala,SC,1041191.25,Private Employee,Employed,Diploma,6,0.0,False,False,Skill India,Employment,False,296
35,Female,Maharashtra,OBC,108830.26,Farmer,Self-Employed,Primary,4,4.57,False,True,PM Kisan,Agriculture,True,297
35,Female,Maharashtra,OBC,108830.26,Farmer,Self-Employed,Primary,4,4.57,False,True,Post Matric Scholarship,Education,False,297
35,Female,Maharashtra,OBC,108830.26,Farmer,Self-Employed,Primary,4,4.57,False,True,Ayushman Bharat,Healthcare,False,297
35,Female,Maharashtra,OBC,108830.26,Farmer,Self-Employed,Primary,4,4.57,False,True,PM Awas Yojana,Housing,False,297
35,Female,Maharashtra,OBC,108830.26,Farmer,Self-Employed,Primary,4,4.57,False,True,Skill India,Employment,False,297
24,Female,Karnataka,SC,68128.79,Student,Unemployed,Higher Secondary,4,0.0,True,True,PM Kisan,Agriculture,False,298
24,Female,Karnataka,SC,68128.79,Student,Unemployed,Higher Secondary,4,0.0,True,True,Post Matric Scholarship,Education,False,298
24,Female,Karnataka,SC,68128.79,Student,Unemployed,Higher Secondary,4,0.0,True,True,Ayushman Bharat,Healthcare,True,298
24,Female,Karnataka,SC,68128.79,Student,Unemployed,Higher Secondary,4,0.0,True,True,PM Awas Yojana,Housing,True,298
24,Female,Karnataka,SC,68128.79,Student,Unemployed,Higher Secondary,4,0.0,True,True,Skill India,Employment,True,298
22,Other,Tamil Nadu,OBC,42835.28,Unemployed,Unemployed,Higher Secondary,4,0.0,True,True,PM Kisan,Agriculture,False,299
22,Other,Tamil Nadu,OBC,42835.28,Unemployed,Unemployed,Higher Secondary,4,0.0,True,True,Post Matric Scholarship,Education,False,299
22,Other,Tamil Nadu,OBC,42835.28,Unemployed,Unemployed,Higher Secondary,4,0.0,True,True,Ayushman Bharat,Healthcare,True,299
22,Other,Tamil Nadu,OBC,42835.28,Unemployed,Unemployed,Higher Secondary,4,0.0,True,True,PM Awas Yojana,Housing,True,299
22,Other,Tamil Nadu,OBC,42835.28,Unemployed,Unemployed,Higher Secondary,4,0.0,True,True,Skill India,Employment,True,299
46,Female,Karnataka,General,58566.21,Unemployed,Unemployed,Higher Secondary,3,0.0,False,True,PM Kisan,Agriculture,False,300
46,Female,Karnataka,General,58566.21,Unemployed,Unemployed,Higher Secondary,3,0.0,False,True,Post Matric Scholarship,Education,False,300
46,Female,Karnataka,General,58566.21,Unemployed,Unemployed,Higher Secondary,3,0.0,False,True,Ayushman Bharat,Healthcare,False,300
46,Female,Karnataka,General,58566.21,Unemployed,Unemployed,Higher Secondary,3,0.0,False,True,PM Awas Yojana,Housing,False,300
46,Female,Karnataka,General,58566.21,Unemployed,Unemployed,Higher Secondary,3,0.0,False,True,Skill India,Employment,True,300
32,Other,Karnataka,SC,0.0,Homemaker,Unemployed,Graduate,6,2.43,False,True,PM Kisan,Agriculture,False,301
32,Other,Karnataka,SC,0.0,Homemaker,Unemployed,Graduate,6,2.43,False,True,Post Matric Scholarship,Education,False,301
32,Other,Karnataka,SC,0.0,Homemaker,Unemployed,Graduate,6,2.43,False,True,Ayushman Bharat,Healthcare,False,301
32,Other,Karnataka,SC,0.0,Homemaker,Unemployed,Graduate,6,2.43,False,True,PM Awas Yojana,Housing,False,301
32,Other,Karnataka,SC,0.0,Homemaker,Unemployed,Graduate,6,2.43,False,True,Skill India,Employment,False,301
34,Other,Delhi,ST,1100439.77,Private Employee,Employed,Diploma,6,0.0,False,True,PM Kisan,Agriculture,False,302
34,Other,Delhi,ST,1100439.77,Private Employee,Employed,Diploma,6,0.0,False,True,Post Matric Scholarship,Education,False,302
34,Other,Delhi,ST,1100439.77,Private Employee,Employed,Diploma,6,0.0,False,True,Ayushman Bharat,Healthcare,False,302
34,Other,Delhi,ST,1100439.77,Private Employee,Employed,Diploma,6,0.0,False,True,PM Awas Yojana,Housing,False,302
34,Other,Delhi,ST,1100439.77,Private Employee,Employed,Diploma,6,0.0,False,True,Skill India,Employment,False,302
30,Other,Maharashtra,OBC,223995.72,Farmer,Self-Employed,Higher Secondary,5,3.08,False,True,PM Kisan,Agriculture,False,303
30,Other,Maharashtra,OBC,223995.72,Farmer,Self-Employed,Higher Secondary,5,3.08,False,True,Post Matric Scholarship,Education,False,303
30,Other,Maharashtra,OBC,223995.72,Farmer,Self-Employed,Higher Secondary,5,3.08,False,True,Ayushman Bharat,Healthcare,False,303
30,Other,Maharashtra,OBC,223995.72,Farmer,Self-Employed,Higher Secondary,5,3.08,False,True,PM Awas Yojana,Housing,False,303
30,Other,Maharashtra,OBC,223995.72,Farmer,Self-Employed,Higher Secondary,5,3.08,False,True,Skill India,Employment,False,303
59,Male,Tamil Nadu,SC,128022.83,Farmer,Self-Employed,Secondary,4,6.1,True,False,PM Kisan,Agriculture,True,304
59,Male,Tamil Nadu,SC,128022.83,Farmer,Self-Employed,Secondary,4,6.1,True,False,Post Matric Scholarship,Education,False,304
59,Male,Tamil Nadu,SC,128022.83,Farmer,Self-Employed,Secondary,4,6.1,True,False,Ayushman Bharat,Healthcare,True,304
59,Male,Tamil Nadu,SC,128022.83,Farmer,Self-Employed,Secondary,4,6.1,True,False,PM Awas Yojana,Housing,True,304
59,Male,Tamil Nadu,SC,128022.83,Farmer,Self-Employed,Secondary,4,6.1,True,False,Skill India,Employment,False,304
33,Male,Delhi,OBC,362472.4,Private Employee,Employed,Post Graduate,2,0.0,False,True,PM Kisan,Agriculture,False,305
33,Male,Delhi,OBC,362472.4,Private Employee,Employed,Post Graduate,2,0.0,False,True,Post Matric Scholarship,Education,False,305
33,Male,Delhi,OBC,362472.4,Private Employee,Employed,Post Graduate,2,0.0,False,True,Ayushman Bharat,Healthcare,False,305
33,Male,Delhi,OBC,362472.4,Private Employee,Employed,Post Graduate,2,0.0,False,True,PM Awas Yojana,Housing,False,305
33,Male,Delhi,OBC,362472.4,Private Employee,Employed,Post Graduate,2,0.0,False,True,Skill India,Employment,False,305
51,Male,Kerala,SC,177019.59,Farmer,Self-Employed,Secondary,4,7.33,False,False,PM Kisan,Agriculture,True,306
51,Male,Kerala,SC,177019.59,Farmer,Self-Employed,Secondary,4,7.33,False,False,Post Matric Scholarship,Education,False,306
51,Male,Kerala,SC,177019.59,Farmer,Self-Employed,Secondary,4,7.33,False,False,Ayushman Bharat,Healthcare,False,306
51,Male,Kerala,SC,177019.59,Farmer,Self-Employed,Secondary,4,7.33,False,False,PM Awas Yojana,Housing,False,306
51,Male,Kerala,SC,177019.59,Farmer,Self-Employed,Secondary,4,7.33,False,False,Skill India,Employment,False,306
26,Other,Maharashtra,SC,627023.03,Private Employee,Employed,Diploma,2,0.0,False,False,PM Kisan,Agriculture,False,307
26,Other,Maharashtra,SC,627023.03,Private Employee,Employed,Diploma,2,0.0,False,False,Post Matric Scholarship,Education,False,307
26,Other,Maharashtra,SC,627023.03,Private Employee,Employed,Diploma,2,0.0,False,False,Ayushman Bharat,Healthcare,False,307
26,Other,Maharashtra,SC,627023.03,Private Employee,Employed,Diploma,2,0.0,False,False,PM Awas Yojana,Housing,False,307
26,Other,Maharashtra,SC,627023.03,Private Employee,Employed,Diploma,2,0.0,False,False,Skill India,Employment,False,307
36,Other,Karnataka,SC,691384.79,Private Employee,Employed,Diploma,6,0.0,False,True,PM Kisan,Agriculture,False,308
36,Other,Karnataka,SC,691384.79,Private Employee,Employed,Diploma,6,0.0,False,True,Post Matric Scholarship,Education,False,308
36,Other,Karnataka,SC,691384.79,Private Employee,Employed,Diploma,6,0.0,False,True,Ayushman Bharat,Healthcare,False,308
36,Other,Karnataka,SC,691384.79,Private Employee,Employed,Diploma,6,0.0,False,True,PM Awas Yojana,Housing,False,308
36,Other,Karnataka,SC,691384.79,Private Employee,Employed,Diploma,6,0.0,False,True,Skill India,Employment,False,308
53,Other,Kerala,OBC,112786.25,Farmer,Self-Employed,Primary,5,3.08,True,True,PM Kisan,Agriculture,True,309
53,Other,Kerala,OBC,112786.25,Farmer,Self-Employed,Primary,5,3.08,True,True,Post Matric Scholarship,Education,False,309
53,Other,Kerala,OBC,112786.25,Farmer,Self-Employed,Primary,5,3.08,True,True,Ayushman Bharat,Healthcare,True,309
53,Other,Kerala,OBC,112786.25,Farmer,Self-Employed,Primary,5,3.08,True,True,PM Awas Yojana,Housing,True,309
53,Other,Kerala,OBC,112786.25,Farmer,Self-Employed,Primary,5,3.08,True,True,Skill India,Employment,False,309
24,Male,Delhi,SC,28565.28,Student,Student,Graduate,3,0.0,False,False,PM Kisan,Agriculture,False,310
24,Male,Delhi,SC,28565.28,Student,Student,Graduate,3,0.0,False,False,Post Matric Scholarship,Education,True,310
24,Male,Delhi,SC,28565.28,Student,Student,Graduate,3,0.0,False,False,Ayushman Bharat,Healthcare,False,310
24,Male,Delhi,SC,28565.28,Student,Student,Graduate,3,0.0,False,False,PM Awas Yojana,Housing,False,310
24,Male,Delhi,SC,28565.28,Student,Student,Graduate,3,0.0,False,False,Skill India,Employment,True,310
57,Female,Kerala,OBC,219148.45,Farmer,Self-Employed,Secondary,7,3.15,False,False,PM Kisan,Agriculture,False,311
57,Female,Kerala,OBC,219148.45,Farmer,Self-Employed,Secondary,7,3.15,False,False,Post Matric Scholarship,Education,False,311
57,Female,Kerala,OBC,219148.45,Farmer,Self-Employed,Secondary,7,3.15,False,False,Ayushman Bharat,Healthcare,False,311
57,Female,Kerala,OBC,219148.45,Farmer,Self-Employed,Secondary,7,3.15,False,False,PM Awas Yojana,Housing,False,311
57,Female,Kerala,OBC,219148.45,Farmer,Self-Employed,Secondary,7,3.15,False,False,Skill India,Employment,False,311
37,Other,Delhi,OBC,0.0,Homemaker,Unemployed,Primary,7,1.38,True,False,PM Kisan,Agriculture,False,312
37,Other,Delhi,OBC,0.0,Homemaker,Unemployed,Primary,7,1.38,True,False,Post Matric Scholarship,Education,False,312
37,Other,Delhi,OBC,0.0,Homemaker,Unemployed,Primary,7,1.38,True,False,Ayushman Bharat,Healthcare,True,312
37,Other,Delhi,OBC,0.0,Homemaker,Unemployed,Primary,7,1.38,True,False,PM Awas Yojana,Housing,True,312
37,Other,Delhi,OBC,0.0,Homemaker,Unemployed,Primary,7,1.38,True,False,Skill India,Employment,False,312
22,Female,Maharashtra,SC,138997.9,Student,Student,Higher Secondary,6,0.0,False,False,PM Kisan,Agriculture,False,313
22,Female,Maharashtra,SC,138997.9,Student,Student,Higher Secondary,6,0.0,False,False,Post Matric Scholarship,Education,True,313
22,Female,Maharashtra,SC,138997.9,Student,Student,Higher Secondary,6,0.0,False,False,Ayushman Bharat,Healthcare,False,313
22,Female,Maharashtra,SC,138997.9,Student,Student,Higher Secondary,6,0.0,False,False,PM Awas Yojana,Housing,False,313
22,Female,Maharashtra,SC,138997.9,Student,Student,Higher Secondary,6,0.0,False,False,Skill India,Employment,True,313
56,Female,Maharashtra,General,162795.99,Farmer,Self-Employed,Secondary,7,6.4,True,True,PM Kisan,Agriculture,True,314
56,Female,Maharashtra,General,162795.99,Farmer,Self-Employed,Secondary,7,6.4,True,True,Post Matric Scholarship,Education,False,314
56,Female,Maharashtra,General,162795.99,Farmer,Self-Employed,Secondary,7,6.4,True,True,Ayushman Bharat,Healthcare,True,314
56,Female,Maharashtra,General,162795.99,Farmer,Self-Employed,Secondary,7,6.4,True,True,PM Awas Yojana,Housing,True,314
56,Female,Maharashtra,General,162795.99,Farmer,Self-Employed,Secondary,7,6.4,True,True,Skill India,Employment,False,314
39,Male,Delhi,General,1261822.45,Private Employee,Employed,Graduate,6,0.0,False,True,PM Kisan,Agriculture,False,315
39,Male,Delhi,General,1261822.45,Private Employee,Employed,Graduate,6,0.0,False,True,Post Matric Scholarship,Education,False,315
39,Male,Delhi,General,1261822.45,Private Employee,Employed,Graduate,6,0.0,False,True,Ayushman Bharat,Healthcare,False,315
39,Male,Delhi,General,1261822.45,Private Employee,Employed,Graduate,6,0.0,False,True,PM Awas Yojana,Housing,False,315
39,Male,Delhi,General,1261822.45,Private Employee,Employed,Graduate,6,0.0,False,True,Skill India,Employment,False,315
60,Male,Delhi,SC,619494.6,Private Employee,Employed,Diploma,6,0.0,False,True,PM Kisan,Agriculture,False,316
60,Male,Delhi,SC,619494.6,Private Employee,Employed,Diploma,6,0.0,False,True,Post Matric Scholarship,Education,False,316
60,Male,Delhi,SC,619494.6,Private Employee,Employed,Diploma,6,0.0,False,True,Ayushman Bharat,Healthcare,False,316
60,Male,Delhi,SC,619494.6,Private Employee,Employed,Diploma,6,0.0,False,True,PM Awas Yojana,Housing,False,316
60,Male,Delhi,SC,619494.6,Private Employee,Employed,Diploma,6,0.0,False,True,Skill India,Employment,False,316
34,Other,Delhi,General,10093.21,Unemployed,Unemployed,Higher Secondary,6,0.0,True,True,PM Kisan,Agriculture,False,317
34,Other,Delhi,General,10093.21,Unemployed,Unemployed,Higher Secondary,6,0.0,True,True,Post Matric Scholarship,Education,False,317
34,Other,Delhi,General,10093.21,Unemployed,Unemployed,Higher Secondary,6,0.0,True,True,Ayushman Bharat,Healthcare,True,317
34,Other,Delhi,General,10093.21,Unemployed,Unemployed,Higher Secondary,6,0.0,True,True,PM Awas Yojana,Housing,True,317
34,Other,Delhi,General,10093.21,Unemployed,Unemployed,Higher Secondary,6,0.0,True,True,Skill India,Employment,True,317
41,Male,Kerala,SC,0.0,Homemaker,Unemployed,Higher Secondary,7,2.98,False,True,PM Kisan,Agriculture,False,318
41,Male,Kerala,SC,0.0,Homemaker,Unemployed,Higher Secondary,7,2.98,False,True,Post Matric Scholarship,Education,False,318
41,Male,Kerala,SC,0.0,Homemaker,Unemployed,Higher Secondary,7,2.98,False,True,Ayushman Bharat,Healthcare,False,318
41,Male,Kerala,SC,0.0,Homemaker,Unemployed,Higher Secondary,7,2.98,False,True,PM Awas Yojana,Housing,False,318
41,Male,Kerala,SC,0.0,Homemaker,Unemployed,Higher Secondary,7,2.98,False,True,Skill India,Employment,False,318
49,Female,Karnataka,General,613533.9,Business,Self-Employed,Higher Secondary,4,1.39,False,True,PM Kisan,Agriculture,False,319
49,Female,Karnataka,General,613533.9,Business,Self-Employed,Higher Secondary,4,1.39,False,True,Post Matric Scholarship,Education,False,319
49,Female,Karnataka,General,613533.9,Business,Self-Employed,Higher Secondary,4,1.39,False,True,Ayushman Bharat,Healthcare,False,319
49,Female,Karnataka,General,613533.9,Business,Self-Employed,Higher Secondary,4,1.39,False,True,PM Awas Yojana,Housing,False,319
49,Female,Karnataka,General,613533.9,Business,Self-Employed,Higher Secondary,4,1.39,False,True,Skill India,Employment,False,319
64,Other,Delhi,General,524818.36,Retired,Retired,Secondary,3,2.72,False,False,PM Kisan,Agriculture,False,320
64,Other,Delhi,General,524818.36,Retired,Retired,Secondary,3,2.72,False,False,Post Matric Scholarship,Education,False,320
64,Other,Delhi,General,524818.36,Retired,Retired,Secondary,3,2.72,False,False,Ayushman Bharat,Healthcare,False,320
64,Other,Delhi,General,524818.36,Retired,Retired,Secondary,3,2.72,False,False,PM Awas Yojana,Housing,False,320
64,Other,Delhi,General,524818.36,Retired,Retired,Secondary,3,2.72,False,False,Skill India,Employment,False,320
51,Male,Delhi,OBC,0.0,Homemaker,Unemployed,Graduate,7,1.76,False,False,PM Kisan,Agriculture,False,321
51,Male,Delhi,OBC,0.0,Homemaker,Unemployed,Graduate,7,1.76,False,False,Post Matric Scholarship,Education,False,321
51,Male,Delhi,OBC,0.0,Homemaker,Unemployed,Graduate,7,1.76,False,False,Ayushman Bharat,Healthcare,False,321
51,Male,Delhi,OBC,0.0,Homemaker,Unemployed,Graduate,7,1.76,False,False,PM Awas Yojana,Housing,False,321
51,Male,Delhi,OBC,0.0,Homemaker,Unemployed,Graduate,7,1.76,False,False,Skill India,Employment,False,321
38,Female,Maharashtra,ST,1133814.72,Private Employee,Employed,Post Graduate,6,0.0,False,False,PM Kisan,Agriculture,False,322
38,Female,Maharashtra,ST,1133814.72,Private Employee,Employed,Post Graduate,6,0.0,False,False,Post Matric Scholarship,Education,False,322
38,Female,Maharashtra,ST,1133814.72,Private Employee,Employed,Post Graduate,6,0.0,False,False,Ayushman Bharat,Healthcare,False,322
38,Female,Maharashtra,ST,1133814.72,Private Employee,Employed,Post Graduate,6,0.0,False,False,PM Awas Yojana,Housing,False,322
38,Female,Maharashtra,ST,1133814.72,Private Employee,Employed,Post Graduate,6,0.0,False,False,Skill India,Employment,False,322
29,Other,Tamil Nadu,General,69546.1,Farmer,Self-Employed,Primary,5,5.49,True,False,PM Kisan,Agriculture,True,323
29,Other,Tamil Nadu,General,69546.1,Farmer,Self-Employed,Primary,5,5.49,True,False,Post Matric Scholarship,Education,False,323
29,Other,Tamil Nadu,General,69546.1,Farmer,Self-Employed,Primary,5,5.49,True,False,Ayushman Bharat,Healthcare,True,323
29,Other,Tamil Nadu,General,69546.1,Farmer,Self-Employed,Primary,5,5.49,True,False,PM Awas Yojana,Housing,True,323
29,Other,Tamil Nadu,General,69546.1,Farmer,Self-Employed,Primary,5,5.49,True,False,Skill India,Employment,False,323
49,Female,Karnataka,OBC,428435.24,Private Employee,Employed,Diploma,4,0.0,False,True,PM Kisan,Agriculture,False,324
49,Female,Karnataka,OBC,428435.24,Private Employee,Employed,Diploma,4,0.0,False,True,Post Matric Scholarship,Education,False,324
49,Female,Karnataka,OBC,428435.24,Private Employee,Employed,Diploma,4,0.0,False,True,Ayushman Bharat,Healthcare,False,324
49,Female,Karnataka,OBC,428435.24,Private Employee,Employed,Diploma,4,0.0,False,True,PM Awas Yojana,Housing,False,324
49,Female,Karnataka,OBC,428435.24,Private Employee,Employed,Diploma,4,0.0,False,True,Skill India,Employment,False,324
55,Other,Karnataka,General,1058056.27,Private Employee,Employed,Graduate,5,0.0,False,True,PM Kisan,Agriculture,False,325
55,Other,Karnataka,General,1058056.27,Private Employee,Employed,Graduate,5,0.0,False,True,Post Matric Scholarship,Education,False,325
55,Other,Karnataka,General,1058056.27,Private Employee,Employed,Graduate,5,0.0,False,True,Ayushman Bharat,Healthcare,False,325
55,Other,Karnataka,General,1058056.27,Private Employee,Employed,Graduate,5,0.0,False,True,PM Awas Yojana,Housing,False,325
55,Other,Karnataka,General,1058056.27,Private Employee,Employed,Graduate,5,0.0,False,True,Skill India,Employment,False,325
72,Other,Tamil Nadu,General,429451.66,Retired,Retired,Graduate,4,2.5,False,True,PM Kisan,Agriculture,False,326
72,Other,Tamil Nadu,General,429451.66,Retired,Retired,Graduate,4,2.5,False,True,Post Matric Scholarship,Education,False,326
72,Other,Tamil Nadu,General,429451.66,Retired,Retired,Graduate,4,2.5,False,True,Ayushman Bharat,Healthcare,False,326
72,Other,Tamil Nadu,General,429451.66,Retired,Retired,Graduate,4,2.5,False,True,PM Awas Yojana,Housing,False,326
72,Other,Tamil Nadu,General,429451.66,Retired,Retired,Graduate,4,2.5,False,True,Skill India,Employment,False,326
46,Female,Tamil Nadu,SC,444142.9,Private Employee,Employed,Post Graduate,3,0.0,False,False,PM Kisan,Agriculture,False,327
46,Female,Tamil Nadu,SC,444142.9,Private Employee,Employed,Post Graduate,3,0.0,False,False,Post Matric Scholarship,Education,False,327
46,Female,Tamil Nadu,SC,444142.9,Private Employee,Employed,Post Graduate,3,0.0,False,False,Ayushman Bharat,Healthcare,False,327
46,Female,Tamil Nadu,SC,444142.9,Private Employee,Employed,Post Graduate,3,0.0,False,False,PM Awas Yojana,Housing,False,327
46,Female,Tamil Nadu,SC,444142.9,Private Employee,Employed,Post Graduate,3,0.0,False,False,Skill India,Employment,False,327
43,Other,Maharashtra,SC,384490.48,Farmer,Self-Employed,Primary,4,4.92,True,True,PM Kisan,Agriculture,False,328
43,Other,Maharashtra,SC,384490.48,Farmer,Self-Employed,Primary,4,4.92,True,True,Post Matric Scholarship,Education,False,328
43,Other,Maharashtra,SC,384490.48,Farmer,Self-Employed,Primary,4,4.92,True,True,Ayushman Bharat,Healthcare,False,328
43,Other,Maharashtra,SC,384490.48,Farmer,Self-Employed,Primary,4,4.92,True,True,PM Awas Yojana,Housing,False,328
43,Other,Maharashtra,SC,384490.48,Farmer,Self-Employed,Primary,4,4.92,True,True,Skill India,Employment,False,328
21,Male,Kerala,General,60904.73,Student,Student,Higher Secondary,4,0.0,False,True,PM Kisan,Agriculture,False,329
21,Male,Kerala,General,60904.73,Student,Student,Higher Secondary,4,0.0,False,True,Post Matric Scholarship,Education,True,329
21,Male,Kerala,General,60904.73,Student,Student,Higher Secondary,4,0.0,False,True,Ayushman Bharat,Healthcare,False,329
21,Male,Kerala,General,60904.73,Student,Student,Higher Secondary,4,0.0,False,True,PM Awas Yojana,Housing,False,329
21,Male,Kerala,General,60904.73,Student,Student,Higher Secondary,4,0.0,False,True,Skill India,Employment,True,329
18,Male,Kerala,OBC,14112.25,Student,Student,Higher Secondary,5,0.0,True,False,PM Kisan,Agriculture,False,330
18,Male,Kerala,OBC,14112.25,Student,Student,Higher Secondary,5,0.0,True,False,Post Matric Scholarship,Education,True,330
18,Male,Kerala,OBC,14112.25,Student,Student,Higher Secondary,5,0.0,True,False,Ayushman Bharat,Healthcare,True,330
18,Male,Kerala,OBC,14112.25,Student,Student,Higher Secondary,5,0.0,True,False,PM Awas Yojana,Housing,True,330
18,Male,Kerala,OBC,14112.25,Student,Student,Higher Secondary,5,0.0,True,False,Skill India,Employment,True,330
45,Male,Kerala,General,1083111.09,Private Employee,Employed,Diploma,2,0.0,False,False,PM Kisan,Agriculture,False,331
45,Male,Kerala,General,1083111.09,Private Employee,Employed,Diploma,2,0.0,False,False,Post Matric Scholarship,Education,False,331
45,Male,Kerala,General,1083111.09,Private Employee,Employed,Diploma,2,0.0,False,False,Ayushman Bharat,Healthcare,False,331
45,Male,Kerala,General,1083111.09,Private Employee,Employed,Diploma,2,0.0,False,False,PM Awas Yojana,Housing,False,331
45,Male,Kerala,General,1083111.09,Private Employee,Employed,Diploma,2,0.0,False,False,Skill India,Employment,False,331
18,Other,Maharashtra,General,44059.68,Student,Student,Higher Secondary,3,0.0,False,False,PM Kisan,Agriculture,False,332
18,Other,Maharashtra,General,44059.68,Student,Student,Higher Secondary,3,0.0,False,False,Post Matric Scholarship,Education,True,332
18,Other,Maharashtra,General,44059.68,Student,Student,Higher Secondary,3,0.0,False,False,Ayushman Bharat,Healthcare,False,332
18,Other,Maharashtra,General,44059.68,Student,Student,Higher Secondary,3,0.0,False,False,PM Awas Yojana,Housing,False,332
18,Other,Maharashtra,General,44059.68,Student,Student,Higher Secondary,3,0.0,False,False,Skill India,Employment,True,332
25,Female,Delhi,SC,1019785.93,Private Employee,Employed,Post Graduate,3,0.0,False,True,PM Kisan,Agriculture,False,333
25,Female,Delhi,SC,1019785.93,Private Employee,Employed,Post Graduate,3,0.0,False,True,Post Matric Scholarship,Education,False,333
25,Female,Delhi,SC,1019785.93,Private Employee,Employed,Post Graduate,3,0.0,False,True,Ayushman Bharat,Healthcare,False,333
25,Female,Delhi,SC,1019785.93,Private Employee,Employed,Post Graduate,3,0.0,False,True,PM Awas Yojana,Housing,False,333
25,Female,Delhi,SC,1019785.93,Private Employee,Employed,Post Graduate,3,0.0,False,True,Skill India,Employment,False,333
73,Other,Maharashtra,SC,238684.67,Retired,Retired,Graduate,6,2.19,False,False,PM Kisan,Agriculture,False,334
73,Other,Maharashtra,SC,238684.67,Retired,Retired,Graduate,6,2.19,False,False,Post Matric Scholarship,Education,False,334
73,Other,Maharashtra,SC,238684.67,Retired,Retired,Graduate,6,2.19,False,False,Ayushman Bharat,Healthcare,False,334
73,Other,Maharashtra,SC,238684.67,Retired,Retired,Graduate,6,2.19,False,False,PM Awas Yojana,Housing,False,334
73,Other,Maharashtra,SC,238684.67,Retired,Retired,Graduate,6,2.19,False,False,Skill India,Employment,False,334
27,Male,Delhi,General,0.0,Homemaker,Unemployed,Secondary,5,0.89,True,False,PM Kisan,Agriculture,False,335
27,Male,Delhi,General,0.0,Homemaker,Unemployed,Secondary,5,0.89,True,False,Post Matric Scholarship,Education,False,335
27,Male,Delhi,General,0.0,Homemaker,Unemployed,Secondary,5,0.89,True,False,Ayushman Bharat,Healthcare,True,335
27,Male,Delhi,General,0.0,Homemaker,Unemployed,Secondary,5,0.89,True,False,PM Awas Yojana,Housing,True,335
27,Male,Delhi,General,0.0,Homemaker,Unemployed,Secondary,5,0.89,True,False,Skill India,Employment,False,335
39,Male,Karnataka,ST,45710.7,Unemployed,Unemployed,Graduate,2,0.0,False,True,PM Kisan,Agriculture,False,336
39,Male,Karnataka,ST,45710.7,Unemployed,Unemployed,Graduate,2,0.0,False,True,Post Matric Scholarship,Education,False,336
39,Male,Karnataka,ST,45710.7,Unemployed,Unemployed,Graduate,2,0.0,False,True,Ayushman Bharat,Healthcare,False,336
39,Male,Karnataka,ST,45710.7,Unemployed,Unemployed,Graduate,2,0.0,False,True,PM Awas Yojana,Housing,False,336
39,Male,Karnataka,ST,45710.7,Unemployed,Unemployed,Graduate,2,0.0,False,True,Skill India,Employment,True,336
21,Male,Maharashtra,OBC,53726.13,Student,Unemployed,Graduate,5,0.0,True,False,PM Kisan,Agriculture,False,337
21,Male,Maharashtra,OBC,53726.13,Student,Unemployed,Graduate,5,0.0,True,False,Post Matric Scholarship,Education,False,337
21,Male,Maharashtra,OBC,53726.13,Student,Unemployed,Graduate,5,0.0,True,False,Ayushman Bharat,Healthcare,True,337
21,Male,Maharashtra,OBC,53726.13,Student,Unemployed,Graduate,5,0.0,True,False,PM Awas Yojana,Housing,True,337
21,Male,Maharashtra,OBC,53726.13,Student,Unemployed,Graduate,5,0.0,True,False,Skill India,Employment,True,337
38,Other,Karnataka,SC,938922.93,Private Employee,Employed,Graduate,2,0.0,False,False,PM Kisan,Agriculture,False,338
38,Other,Karnataka,SC,938922.93,Private Employee,Employed,Graduate,2,0.0,False,False,Post Matric Scholarship,Education,False,338
38,Other,Karnataka,SC,938922.93,Private Employee,Employed,Graduate,2,0.0,False,False,Ayushman Bharat,Healthcare,False,338
38,Other,Karnataka,SC,938922.93,Private Employee,Employed,Graduate,2,0.0,False,False,PM Awas Yojana,Housing,False,338
38,Other,Karnataka,SC,938922.93,Private Employee,Employed,Graduate,2,0.0,False,False,Skill India,Employment,False,338
43,Male,Delhi,General,78354.15,Unemployed,Unemployed,Primary,2,0.0,True,True,PM Kisan,Agriculture,False,339
43,Male,Delhi,General,78354.15,Unemployed,Unemployed,Primary,2,0.0,True,True,Post Matric Scholarship,Education,False,339
43,Male,Delhi,General,78354.15,Unemployed,Unemployed,Primary,2,0.0,True,True,Ayushman Bharat,Healthcare,True,339
43,Male,Delhi,General,78354.15,Unemployed,Unemployed,Primary,2,0.0,True,True,PM Awas Yojana,Housing,True,339
43,Male,Delhi,General,78354.15,Unemployed,Unemployed,Primary,2,0.0,True,True,Skill India,Employment,False,339
32,Other,Maharashtra,ST,666710.87,Private Employee,Employed,Post Graduate,4,0.0,False,True,PM Kisan,Agriculture,False,340
32,Other,Maharashtra,ST,666710.87,Private Employee,Employed,Post Graduate,4,0.0,False,True,Post Matric Scholarship,Education,False,340
32,Other,Maharashtra,ST,666710.87,Private Employee,Employed,Post Graduate,4,0.0,False,True,Ayushman Bharat,Healthcare,False,340
32,Other,Maharashtra,ST,666710.87,Private Employee,Employed,Post Graduate,4,0.0,False,True,PM Awas Yojana,Housing,False,340
32,Other,Maharashtra,ST,666710.87,Private Employee,Employed,Post Graduate,4,0.0,False,True,Skill India,Employment,False,340
36,Male,Maharashtra,OBC,2037804.97,Business,Self-Employed,Graduate,5,0.9,False,True,PM Kisan,Agriculture,False,341
36,Male,Maharashtra,OBC,2037804.97,Business,Self-Employed,Graduate,5,0.9,False,True,Post Matric Scholarship,Education,False,341
36,Male,Maharashtra,OBC,2037804.97,Business,Self-Employed,Graduate,5,0.9,False,True,Ayushman Bharat,Healthcare,False,341
36,Male,Maharashtra,OBC,2037804.97,Business,Self-Employed,Graduate,5,0.9,False,True,PM Awas Yojana,Housing,False,341
36,Male,Maharashtra,OBC,2037804.97,Business,Self-Employed,Graduate,5,0.9,False,True,Skill India,Employment,False,341
50,Female,Karnataka,General,111633.28,Farmer,Self-Employed,Primary,6,5.23,False,True,PM Kisan,Agriculture,True,342
50,Female,Karnataka,General,111633.28,Farmer,Self-Employed,Primary,6,5.23,False,True,Post Matric Scholarship,Education,False,342
50,Female,Karnataka,General,111633.28,Farmer,Self-Employed,Primary,6,5.23,False,True,Ayushman Bharat,Healthcare,False,342
50,Female,Karnataka,General,111633.28,Farmer,Self-Employed,Primary,6,5.23,False,True,PM Awas Yojana,Housing,False,342
50,Female,Karnataka,General,111633.28,Farmer,Self-Employed,Primary,6,5.23,False,True,Skill India,Employment,False,342
45,Other,Karnataka,General,423348.62,Private Employee,Employed,Post Graduate,5,0.0,False,False,PM Kisan,Agriculture,False,343
45,Other,Karnataka,General,423348.62,Private Employee,Employed,Post Graduate,5,0.0,False,False,Post Matric Scholarship,Education,False,343
45,Other,Karnataka,General,423348.62,Private Employee,Employed,Post Graduate,5,0.0,False,False,Ayushman Bharat,Healthcare,False,343
45,Other,Karnataka,General,423348.62,Private Employee,Employed,Post Graduate,5,0.0,False,False,PM Awas Yojana,Housing,False,343
45,Other,Karnataka,General,423348.62,Private Employee,Employed,Post Graduate,5,0.0,False,False,Skill India,Employment,False,343
28,Female,Karnataka,SC,1034638.36,Business,Self-Employed,Graduate,4,0.99,False,True,PM Kisan,Agriculture,False,344
28,Female,Karnataka,SC,1034638.36,Business,Self-Employed,Graduate,4,0.99,False,True,Post Matric Scholarship,Education,False,344
28,Female,Karnataka,SC,1034638.36,Business,Self-Employed,Graduate,4,0.99,False,True,Ayushman Bharat,Healthcare,False,344
28,Female,Karnataka,SC,1034638.36,Business,Self-Employed,Graduate,4,0.99,False,True,PM Awas Yojana,Housing,False,344
28,Female,Karnataka,SC,1034638.36,Business,Self-Employed,Graduate,4,0.99,False,True,Skill India,Employment,False,344
20,Male,Karnataka,OBC,38012.42,Student,Student,Graduate,5,0.0,False,False,PM Kisan,Agriculture,False,345
20,Male,Karnataka,OBC,38012.42,Student,Student,Graduate,5,0.0,False,False,Post Matric Scholarship,Education,True,345
20,Male,Karnataka,OBC,38012.42,Student,Student,Graduate,5,0.0,False,False,Ayushman Bharat,Healthcare,False,345
20,Male,Karnataka,OBC,38012.42,Student,Student,Graduate,5,0.0,False,False,PM Awas Yojana,Housing,False,345
20,Male,Karnataka,OBC,38012.42,Student,Student,Graduate,5,0.0,False,False,Skill India,Employment,True,345
48,Female,Karnataka,SC,0.0,Homemaker,Unemployed,Higher Secondary,6,1.91,True,False,PM Kisan,Agriculture,False,346
48,Female,Karnataka,SC,0.0,Homemaker,Unemployed,Higher Secondary,6,1.91,True,False,Post Matric Scholarship,Education,False,346
48,Female,Karnataka,SC,0.0,Homemaker,Unemployed,Higher Secondary,6,1.91,True,False,Ayushman Bharat,Healthcare,True,346
48,Female,Karnataka,SC,0.0,Homemaker,Unemployed,Higher Secondary,6,1.91,True,False,PM Awas Yojana,Housing,True,346
48,Female,Karnataka,SC,0.0,Homemaker,Unemployed,Higher Secondary,6,1.91,True,False,Skill India,Employment,False,346
30,Male,Maharashtra,SC,62400.39,Unemployed,Unemployed,Primary,6,0.0,False,False,PM Kisan,Agriculture,False,347
30,Male,Maharashtra,SC,62400.39,Unemployed,Unemployed,Primary,6,0.0,False,False,Post Matric Scholarship,Education,False,347
30,Male,Maharashtra,SC,62400.39,Unemployed,Unemployed,Primary,6,0.0,False,False,Ayushman Bharat,Healthcare,False,347
30,Male,Maharashtra,SC,62400.39,Unemployed,Unemployed,Primary,6,0.0,False,False,PM Awas Yojana,Housing,False,347
30,Male,Maharashtra,SC,62400.39,Unemployed,Unemployed,Primary,6,0.0,False,False,Skill India,Employment,False,347
41,Female,Karnataka,SC,0.0,Homemaker,Unemployed,Primary,5,0.91,False,False,PM Kisan,Agriculture,False,348
41,Female,Karnataka,SC,0.0,Homemaker,Unemployed,Primary,5,0.91,False,False,Post Matric Scholarship,Education,False,348
41,Female,Karnataka,SC,0.0,Homemaker,Unemployed,Primary,5,0.91,False,False,Ayushman Bharat,Healthcare,False,348
41,Female,Karnataka,SC,0.0,Homemaker,Unemployed,Primary,5,0.91,False,False,PM Awas Yojana,Housing,False,348
41,Female,Karnataka,SC,0.0,Homemaker,Unemployed,Primary,5,0.91,False,False,Skill India,Employment,False,348
47,Female,Karnataka,General,100209.88,Farmer,Self-Employed,Primary,5,5.51,True,True,PM Kisan,Agriculture,True,349
47,Female,Karnataka,General,100209.88,Farmer,Self-Employed,Primary,5,5.51,True,True,Post Matric Scholarship,Education,False,349
47,Female,Karnataka,General,100209.88,Farmer,Self-Employed,Primary,5,5.51,True,True,Ayushman Bharat,Healthcare,True,349
47,Female,Karnataka,General,100209.88,Farmer,Self-Employed,Primary,5,5.51,True,True,PM Awas Yojana,Housing,True,349
47,Female,Karnataka,General,100209.88,Farmer,Self-Employed,Primary,5,5.51,True,True,Skill India,Employment,False,349
40,Male,Delhi,OBC,1031924.55,Private Employee,Employed,Graduate,4,0.0,False,False,PM Kisan,Agriculture,False,350
40,Male,Delhi,OBC,1031924.55,Private Employee,Employed,Graduate,4,0.0,False,False,Post Matric Scholarship,Education,False,350
40,Male,Delhi,OBC,1031924.55,Private Employee,Employed,Graduate,4,0.0,False,False,Ayushman Bharat,Healthcare,False,350
40,Male,Delhi,OBC,1031924.55,Private Employee,Employed,Graduate,4,0.0,False,False,PM Awas Yojana,Housing,False,350
40,Male,Delhi,OBC,1031924.55,Private Employee,Employed,Graduate,4,0.0,False,False,Skill India,Employment,False,350
51,Male,Delhi,General,162828.5,Farmer,Self-Employed,Primary,6,1.79,True,True,PM Kisan,Agriculture,True,351
51,Male,Delhi,General,162828.5,Farmer,Self-Employed,Primary,6,1.79,True,True,Post Matric Scholarship,Education,False,351
51,Male,Delhi,General,162828.5,Farmer,Self-Employed,Primary,6,1.79,True,True,Ayushman Bharat,Healthcare,True,351
51,Male,Delhi,General,162828.5,Farmer,Self-Employed,Primary,6,1.79,True,True,PM Awas Yojana,Housing,True,351
51,Male,Delhi,General,162828.5,Farmer,Self-Employed,Primary,6,1.79,True,True,Skill India,Employment,False,351
56,Female,Karnataka,OBC,994944.07,Business,Self-Employed,Graduate,4,0.18,False,True,PM Kisan,Agriculture,False,352
56,Female,Karnataka,OBC,994944.07,Business,Self-Employed,Graduate,4,0.18,False,True,Post Matric Scholarship,Education,False,352
56,Female,Karnataka,OBC,994944.07,Business,Self-Employed,Graduate,4,0.18,False,True,Ayushman Bharat,Healthcare,False,352
56,Female,Karnataka,OBC,994944.07,Business,Self-Employed,Graduate,4,0.18,False,True,PM Awas Yojana,Housing,False,352
56,Female,Karnataka,OBC,994944.07,Business,Self-Employed,Graduate,4,0.18,False,True,Skill India,Employment,False,352
26,Other,Maharashtra,SC,468768.6,Farmer,Self-Employed,Secondary,6,1.21,False,False,PM Kisan,Agriculture,False,353
26,Other,Maharashtra,SC,468768.6,Farmer,Self-Employed,Secondary,6,1.21,False,False,Post Matric Scholarship,Education,False,353
26,Other,Maharashtra,SC,468768.6,Farmer,Self-Employed,Secondary,6,1.21,False,False,Ayushman Bharat,Healthcare,False,353
26,Other,Maharashtra,SC,468768.6,Farmer,Self-Employed,Secondary,6,1.21,False,False,PM Awas Yojana,Housing,False,353
26,Other,Maharashtra,SC,468768.6,Farmer,Self-Employed,Secondary,6,1.21,False,False,Skill India,Employment,False,353
57,Male,Kerala,OBC,0.0,Homemaker,Unemployed,Primary,5,1.37,False,True,PM Kisan,Agriculture,False,354
57,Male,Kerala,OBC,0.0,Homemaker,Unemployed,Primary,5,1.37,False,True,Post Matric Scholarship,Education,False,354
57,Male,Kerala,OBC,0.0,Homemaker,Unemployed,Primary,5,1.37,False,True,Ayushman Bharat,Healthcare,False,354
57,Male,Kerala,OBC,0.0,Homemaker,Unemployed,Primary,5,1.37,False,True,PM Awas Yojana,Housing,False,354
57,Male,Kerala,OBC,0.0,Homemaker,Unemployed,Primary,5,1.37,False,True,Skill India,Employment,False,354
49,Other,Kerala,ST,81116.4,Farmer,Self-Employed,Secondary,5,7.68,False,False,PM Kisan,Agriculture,True,355
49,Other,Kerala,ST,81116.4,Farmer,Self-Employed,Secondary,5,7.68,False,False,Post Matric Scholarship,Education,False,355
49,Other,Kerala,ST,81116.4,Farmer,Self-Employed,Secondary,5,7.68,False,False,Ayushman Bharat,Healthcare,False,355
49,Other,Kerala,ST,81116.4,Farmer,Self-Employed,Secondary,5,7.68,False,False,PM Awas Yojana,Housing,False,355
49,Other,Kerala,ST,81116.4,Farmer,Self-Employed,Secondary,5,7.68,False,False,Skill India,Employment,False,355
24,Female,Karnataka,General,26051.05,Student,Student,Higher Secondary,4,0.0,False,True,PM Kisan,Agriculture,False,356
24,Female,Karnataka,General,26051.05,Student,Student,Higher Secondary,4,0.0,False,True,Post Matric Scholarship,Education,True,356
24,Female,Karnataka,General,26051.05,Student,Student,Higher Secondary,4,0.0,False,True,Ayushman Bharat,Healthcare,False,356
24,Female,Karnataka,General,26051.05,Student,Student,Higher Secondary,4,0.0,False,True,PM Awas Yojana,Housing,False,356
24,Female,Karnataka,General,26051.05,Student,Student,Higher Secondary,4,0.0,False,True,Skill India,Employment,True,356
30,Other,Maharashtra,SC,1070287.41,Private Employee,Employed,Post Graduate,6,0.0,False,True,PM Kisan,Agriculture,False,357
30,Other,Maharashtra,SC,1070287.41,Private Employee,Employed,Post Graduate,6,0.0,False,True,Post Matric Scholarship,Education,False,357
30,Other,Maharashtra,SC,1070287.41,Private Employee,Employed,Post Graduate,6,0.0,False,True,Ayushman Bharat,Healthcare,False,357
30,Other,Maharashtra,SC,1070287.41,Private Employee,Employed,Post Graduate,6,0.0,False,True,PM Awas Yojana,Housing,False,357
30,Other,Maharashtra,SC,1070287.41,Private Employee,Employed,Post Graduate,6,0.0,False,True,Skill India,Employment,False,357
69,Other,Karnataka,OBC,471961.52,Retired,Retired,Secondary,2,2.24,False,True,PM Kisan,Agriculture,False,358
69,Other,Karnataka,OBC,471961.52,Retired,Retired,Secondary,2,2.24,False,True,Post Matric Scholarship,Education,False,358
69,Other,Karnataka,OBC,471961.52,Retired,Retired,Secondary,2,2.24,False,True,Ayushman Bharat,Healthcare,False,358
69,Other,Karnataka,OBC,471961.52,Retired,Retired,Secondary,2,2.24,False,True,PM Awas Yojana,Housing,False,358
69,Other,Karnataka,OBC,471961.52,Retired,Retired,Secondary,2,2.24,False,True,Skill India,Employment,False,358
52,Male,Maharashtra,OBC,1019405.37,Private Employee,Employed,Diploma,2,0.0,False,True,PM Kisan,Agriculture,False,359
52,Male,Maharashtra,OBC,1019405.37,Private Employee,Employed,Diploma,2,0.0,False,True,Post Matric Scholarship,Education,False,359
52,Male,Maharashtra,OBC,1019405.37,Private Employee,Employed,Diploma,2,0.0,False,True,Ayushman Bharat,Healthcare,False,359
52,Male,Maharashtra,OBC,1019405.37,Private Employee,Employed,Diploma,2,0.0,False,True,PM Awas Yojana,Housing,False,359
52,Male,Maharashtra,OBC,1019405.37,Private Employee,Employed,Diploma,2,0.0,False,True,Skill India,Employment,False,359
30,Male,Delhi,SC,0.0,Homemaker,Unemployed,Secondary,8,1.23,True,False,PM Kisan,Agriculture,False,360
30,Male,Delhi,SC,0.0,Homemaker,Unemployed,Secondary,8,1.23,True,False,Post Matric Scholarship,Education,False,360
30,Male,Delhi,SC,0.0,Homemaker,Unemployed,Secondary,8,1.23,True,False,Ayushman Bharat,Healthcare,True,360
30,Male,Delhi,SC,0.0,Homemaker,Unemployed,Secondary,8,1.23,True,False,PM Awas Yojana,Housing,True,360
30,Male,Delhi,SC,0.0,Homemaker,Unemployed,Secondary,8,1.23,True,False,Skill India,Employment,False,360
19,Other,Delhi,SC,43991.98,Student,Student,Diploma,3,0.0,True,False,PM Kisan,Agriculture,False,361
19,Other,Delhi,SC,43991.98,Student,Student,Diploma,3,0.0,True,False,Post Matric Scholarship,Education,False,361
19,Other,Delhi,SC,43991.98,Student,Student,Diploma,3,0.0,True,False,Ayushman Bharat,Healthcare,True,361
19,Other,Delhi,SC,43991.98,Student,Student,Diploma,3,0.0,True,False,PM Awas Yojana,Housing,True,361
19,Other,Delhi,SC,43991.98,Student,Student,Diploma,3,0.0,True,False,Skill India,Employment,False,361
38,Male,Maharashtra,OBC,193791.85,Farmer,Self-Employed,Secondary,4,3.41,True,True,PM Kisan,Agriculture,True,362
38,Male,Maharashtra,OBC,193791.85,Farmer,Self-Employed,Secondary,4,3.41,True,True,Post Matric Scholarship,Education,False,362
38,Male,Maharashtra,OBC,193791.85,Farmer,Self-Employed,Secondary,4,3.41,True,True,Ayushman Bharat,Healthcare,True,362
38,Male,Maharashtra,OBC,193791.85,Farmer,Self-Employed,Secondary,4,3.41,True,True,PM Awas Yojana,Housing,True,362
38,Male,Maharashtra,OBC,193791.85,Farmer,Self-Employed,Secondary,4,3.41,True,True,Skill India,Employment,False,362
27,Male,Maharashtra,OBC,4349.72,Unemployed,Unemployed,Secondary,2,0.0,False,True,PM Kisan,Agriculture,False,363
27,Male,Maharashtra,OBC,4349.72,Unemployed,Unemployed,Secondary,2,0.0,False,True,Post Matric Scholarship,Education,False,363
27,Male,Maharashtra,OBC,4349.72,Unemployed,Unemployed,Secondary,2,0.0,False,True,Ayushman Bharat,Healthcare,False,363
27,Male,Maharashtra,OBC,4349.72,Unemployed,Unemployed,Secondary,2,0.0,False,True,PM Awas Yojana,Housing,False,363
27,Male,Maharashtra,OBC,4349.72,Unemployed,Unemployed,Secondary,2,0.0,False,True,Skill India,Employment,True,363
55,Other,Karnataka,SC,100232.87,Farmer,Self-Employed,Secondary,4,5.97,False,False,PM Kisan,Agriculture,True,364
55,Other,Karnataka,SC,100232.87,Farmer,Self-Employed,Secondary,4,5.97,False,False,Post Matric Scholarship,Education,False,364
55,Other,Karnataka,SC,100232.87,Farmer,Self-Employed,Secondary,4,5.97,False,False,Ayushman Bharat,Healthcare,False,364
55,Other,Karnataka,SC,100232.87,Farmer,Self-Employed,Secondary,4,5.97,False,False,PM Awas Yojana,Housing,False,364
55,Other,Karnataka,SC,100232.87,Farmer,Self-Employed,Secondary,4,5.97,False,False,Skill India,Employment,False,364
38,Other,Kerala,SC,1153839.78,Private Employee,Employed,Graduate,5,0.0,False,False,PM Kisan,Agriculture,False,365
38,Other,Kerala,SC,1153839.78,Private Employee,Employed,Graduate,5,0.0,False,False,Post Matric Scholarship,Education,False,365
38,Other,Kerala,SC,1153839.78,Private Employee,Employed,Graduate,5,0.0,False,False,Ayushman Bharat,Healthcare,False,365
38,Other,Kerala,SC,1153839.78,Private Employee,Employed,Graduate,5,0.0,False,False,PM Awas Yojana,Housing,False,365
38,Other,Kerala,SC,1153839.78,Private Employee,Employed,Graduate,5,0.0,False,False,Skill India,Employment,False,365
47,Female,Tamil Nadu,General,89535.32,Farmer,Self-Employed,Secondary,4,2.49,False,False,PM Kisan,Agriculture,True,366
47,Female,Tamil Nadu,General,89535.32,Farmer,Self-Employed,Secondary,4,2.49,False,False,Post Matric Scholarship,Education,False,366
47,Female,Tamil Nadu,General,89535.32,Farmer,Self-Employed,Secondary,4,2.49,False,False,Ayushman Bharat,Healthcare,False,366
47,Female,Tamil Nadu,General,89535.32,Farmer,Self-Employed,Secondary,4,2.49,False,False,PM Awas Yojana,Housing,False,366
47,Female,Tamil Nadu,General,89535.32,Farmer,Self-Employed,Secondary,4,2.49,False,False,Skill India,Employment,False,366
34,Other,Karnataka,ST,253505.17,Farmer,Self-Employed,Secondary,5,3.27,True,False,PM Kisan,Agriculture,False,367
34,Other,Karnataka,ST,253505.17,Farmer,Self-Employed,Secondary,5,3.27,True,False,Post Matric Scholarship,Education,False,367
34,Other,Karnataka,ST,253505.17,Farmer,Self-Employed,Secondary,5,3.27,True,False,Ayushman Bharat,Healthcare,True,367
34,Other,Karnataka,ST,253505.17,Farmer,Self-Employed,Secondary,5,3.27,True,False,PM Awas Yojana,Housing,True,367
34,Other,Karnataka,ST,253505.17,Farmer,Self-Employed,Secondary,5,3.27,True,False,Skill India,Employment,False,367
30,Male,Maharashtra,General,588632.7,Private Employee,Employed,Diploma,2,0.0,False,False,PM Kisan,Agriculture,False,368
30,Male,Maharashtra,General,588632.7,Private Employee,Employed,Diploma,2,0.0,False,False,Post Matric Scholarship,Education,False,368
30,Male,Maharashtra,General,588632.7,Private Employee,Employed,Diploma,2,0.0,False,False,Ayushman Bharat,Healthcare,False,368
30,Male,Maharashtra,General,588632.7,Private Employee,Employed,Diploma,2,0.0,False,False,PM Awas Yojana,Housing,False,368
30,Male,Maharashtra,General,588632.7,Private Employee,Employed,Diploma,2,0.0,False,False,Skill India,Employment,False,368
42,Other,Kerala,OBC,528823.28,Private Employee,Employed,Post Graduate,5,0.0,False,True,PM Kisan,Agriculture,False,369
42,Other,Kerala,OBC,528823.28,Private Employee,Employed,Post Graduate,5,0.0,False,True,Post Matric Scholarship,Education,False,369
42,Other,Kerala,OBC,528823.28,Private Employee,Employed,Post Graduate,5,0.0,False,True,Ayushman Bharat,Healthcare,False,369
42,Other,Kerala,OBC,528823.28,Private Employee,Employed,Post Graduate,5,0.0,False,True,PM Awas Yojana,Housing,False,369
42,Other,Kerala,OBC,528823.28,Private Employee,Employed,Post Graduate,5,0.0,False,True,Skill India,Employment,False,369
21,Male,Kerala,OBC,579586.69,Private Employee,Employed,Graduate,4,0.0,False,False,PM Kisan,Agriculture,False,370
21,Male,Kerala,OBC,579586.69,Private Employee,Employed,Graduate,4,0.0,False,False,Post Matric Scholarship,Education,False,370
21,Male,Kerala,OBC,579586.69,Private Employee,Employed,Graduate,4,0.0,False,False,Ayushman Bharat,Healthcare,False,370
21,Male,Kerala,OBC,579586.69,Private Employee,Employed,Graduate,4,0.0,False,False,PM Awas Yojana,Housing,False,370
21,Male,Kerala,OBC,579586.69,Private Employee,Employed,Graduate,4,0.0,False,False,Skill India,Employment,False,370
44,Other,Kerala,General,52067.81,Unemployed,Unemployed,Primary,6,0.0,False,True,PM Kisan,Agriculture,False,371
44,Other,Kerala,General,52067.81,Unemployed,Unemployed,Primary,6,0.0,False,True,Post Matric Scholarship,Education,False,371
44,Other,Kerala,General,52067.81,Unemployed,Unemployed,Primary,6,0.0,False,True,Ayushman Bharat,Healthcare,False,371
44,Other,Kerala,General,52067.81,Unemployed,Unemployed,Primary,6,0.0,False,True,PM Awas Yojana,Housing,False,371
44,Other,Kerala,General,52067.81,Unemployed,Unemployed,Primary,6,0.0,False,True,Skill India,Employment,False,371
55,Male,Kerala,SC,888058.22,Government Employee,Employed,Post Graduate,2,0.0,False,True,PM Kisan,Agriculture,False,372
55,Male,Kerala,SC,888058.22,Government Employee,Employed,Post Graduate,2,0.0,False,True,Post Matric Scholarship,Education,False,372
55,Male,Kerala,SC,888058.22,Government Employee,Employed,Post Graduate,2,0.0,False,True,Ayushman Bharat,Healthcare,False,372
55,Male,Kerala,SC,888058.22,Government Employee,Employed,Post Graduate,2,0.0,False,True,PM Awas Yojana,Housing,False,372
55,Male,Kerala,SC,888058.22,Government Employee,Employed,Post Graduate,2,0.0,False,True,Skill India,Employment,False,372
20,Other,Tamil Nadu,SC,78734.68,Student,Student,Graduate,3,0.0,False,True,PM Kisan,Agriculture,False,373
20,Other,Tamil Nadu,SC,78734.68,Student,Student,Graduate,3,0.0,False,True,Post Matric Scholarship,Education,True,373
20,Other,Tamil Nadu,SC,78734.68,Student,Student,Graduate,3,0.0,False,True,Ayushman Bharat,Healthcare,False,373
20,Other,Tamil Nadu,SC,78734.68,Student,Student,Graduate,3,0.0,False,True,PM Awas Yojana,Housing,False,373
20,Other,Tamil Nadu,SC,78734.68,Student,Student,Graduate,3,0.0,False,True,Skill India,Employment,True,373
40,Other,Karnataka,ST,662905.17,Government Employee,Employed,Post Graduate,3,0.0,False,False,PM Kisan,Agriculture,False,374
40,Other,Karnataka,ST,662905.17,Government Employee,Employed,Post Graduate,3,0.0,False,False,Post Matric Scholarship,Education,False,374
40,Other,Karnataka,ST,662905.17,Government Employee,Employed,Post Graduate,3,0.0,False,False,Ayushman Bharat,Healthcare,False,374
40,Other,Karnataka,ST,662905.17,Government Employee,Employed,Post Graduate,3,0.0,False,False,PM Awas Yojana,Housing,False,374
40,Other,Karnataka,ST,662905.17,Government Employee,Employed,Post Graduate,3,0.0,False,False,Skill India,Employment,False,374
51,Male,Maharashtra,General,1313711.79,Private Employee,Employed,Diploma,5,0.0,False,False,PM Kisan,Agriculture,False,375
51,Male,Maharashtra,General,1313711.79,Private Employee,Employed,Diploma,5,0.0,False,False,Post Matric Scholarship,Education,False,375
51,Male,Maharashtra,General,1313711.79,Private Employee,Employed,Diploma,5,0.0,False,False,Ayushman Bharat,Healthcare,False,375
51,Male,Maharashtra,General,1313711.79,Private Employee,Employed,Diploma,5,0.0,False,False,PM Awas Yojana,Housing,False,375
51,Male,Maharashtra,General,1313711.79,Private Employee,Employed,Diploma,5,0.0,False,False,Skill India,Employment,False,375
40,Other,Karnataka,ST,629655.91,Government Employee,Employed,Graduate,3,0.0,False,False,PM Kisan,Agriculture,False,376
40,Other,Karnataka,ST,629655.91,Government Employee,Employed,Graduate,3,0.0,False,False,Post Matric Scholarship,Education,False,376
40,Other,Karnataka,ST,629655.91,Government Employee,Employed,Graduate,3,0.0,False,False,Ayushman Bharat,Healthcare,False,376
40,Other,Karnataka,ST,629655.91,Government Employee,Employed,Graduate,3,0.0,False,False,PM Awas Yojana,Housing,False,376
40,Other,Karnataka,ST,629655.91,Government Employee,Employed,Graduate,3,0.0,False,False,Skill India,Employment,False,376
51,Female,Maharashtra,SC,31432.68,Unemployed,Unemployed,Secondary,7,0.0,True,False,PM Kisan,Agriculture,False,377
51,Female,Maharashtra,SC,31432.68,Unemployed,Unemployed,Secondary,7,0.0,True,False,Post Matric Scholarship,Education,False,377
51,Female,Maharashtra,SC,31432.68,Unemployed,Unemployed,Secondary,7,0.0,True,False,Ayushman Bharat,Healthcare,True,377
51,Female,Maharashtra,SC,31432.68,Unemployed,Unemployed,Secondary,7,0.0,True,False,PM Awas Yojana,Housing,True,377
51,Female,Maharashtra,SC,31432.68,Unemployed,Unemployed,Secondary,7,0.0,True,False,Skill India,Employment,True,377
24,Male,Kerala,ST,1045554.61,Private Employee,Employed,Graduate,4,0.0,False,True,PM Kisan,Agriculture,False,378
24,Male,Kerala,ST,1045554.61,Private Employee,Employed,Graduate,4,0.0,False,True,Post Matric Scholarship,Education,False,378
24,Male,Kerala,ST,1045554.61,Private Employee,Employed,Graduate,4,0.0,False,True,Ayushman Bharat,Healthcare,False,378
24,Male,Kerala,ST,1045554.61,Private Employee,Employed,Graduate,4,0.0,False,True,PM Awas Yojana,Housing,False,378
24,Male,Kerala,ST,1045554.61,Private Employee,Employed,Graduate,4,0.0,False,True,Skill India,Employment,False,378
22,Other,Tamil Nadu,OBC,274987.54,Private Employee,Employed,Diploma,4,0.0,False,False,PM Kisan,Agriculture,False,379
22,Other,Tamil Nadu,OBC,274987.54,Private Employee,Employed,Diploma,4,0.0,False,False,Post Matric Scholarship,Education,False,379
22,Other,Tamil Nadu,OBC,274987.54,Private Employee,Employed,Diploma,4,0.0,False,False,Ayushman Bharat,Healthcare,False,379
22,Other,Tamil Nadu,OBC,274987.54,Private Employee,Employed,Diploma,4,0.0,False,False,PM Awas Yojana,Housing,False,379
22,Other,Tamil Nadu,OBC,274987.54,Private Employee,Employed,Diploma,4,0.0,False,False,Skill India,Employment,False,379
39,Other,Karnataka,SC,648140.34,Private Employee,Employed,Post Graduate,5,0.0,False,False,PM Kisan,Agriculture,False,380
39,Other,Karnataka,SC,648140.34,Private Employee,Employed,Post Graduate,5,0.0,False,False,Post Matric Scholarship,Education,False,380
39,Other,Karnataka,SC,648140.34,Private Employee,Employed,Post Graduate,5,0.0,False,False,Ayushman Bharat,Healthcare,False,380
39,Other,Karnataka,SC,648140.34,Private Employee,Employed,Post Graduate,5,0.0,False,False,PM Awas Yojana,Housing,False,380
39,Other,Karnataka,SC,648140.34,Private Employee,Employed,Post Graduate,5,0.0,False,False,Skill India,Employment,False,380
38,Other,Tamil Nadu,SC,0.0,Homemaker,Unemployed,Graduate,3,1.34,True,False,PM Kisan,Agriculture,False,381
38,Other,Tamil Nadu,SC,0.0,Homemaker,Unemployed,Graduate,3,1.34,True,False,Post Matric Scholarship,Education,False,381
38,Other,Tamil Nadu,SC,0.0,Homemaker,Unemployed,Graduate,3,1.34,True,False,Ayushman Bharat,Healthcare,True,381
38,Other,Tamil Nadu,SC,0.0,Homemaker,Unemployed,Graduate,3,1.34,True,False,PM Awas Yojana,Housing,True,381
38,Other,Tamil Nadu,SC,0.0,Homemaker,Unemployed,Graduate,3,1.34,True,False,Skill India,Employment,False,381
21,Female,Kerala,OBC,1009223.85,Private Employee,Employed,Graduate,3,0.0,False,False,PM Kisan,Agriculture,False,382
21,Female,Kerala,OBC,1009223.85,Private Employee,Employed,Graduate,3,0.0,False,False,Post Matric Scholarship,Education,False,382
21,Female,Kerala,OBC,1009223.85,Private Employee,Employed,Graduate,3,0.0,False,False,Ayushman Bharat,Healthcare,False,382
21,Female,Kerala,OBC,1009223.85,Private Employee,Employed,Graduate,3,0.0,False,False,PM Awas Yojana,Housing,False,382
21,Female,Kerala,OBC,1009223.85,Private Employee,Employed,Graduate,3,0.0,False,False,Skill India,Employment,False,382
54,Male,Karnataka,SC,214696.56,Farmer,Self-Employed,Higher Secondary,7,1.8,False,False,PM Kisan,Agriculture,False,383
54,Male,Karnataka,SC,214696.56,Farmer,Self-Employed,Higher Secondary,7,1.8,False,False,Post Matric Scholarship,Education,False,383
54,Male,Karnataka,SC,214696.56,Farmer,Self-Employed,Higher Secondary,7,1.8,False,False,Ayushman Bharat,Healthcare,False,383
54,Male,Karnataka,SC,214696.56,Farmer,Self-Employed,Higher Secondary,7,1.8,False,False,PM Awas Yojana,Housing,False,383
54,Male,Karnataka,SC,214696.56,Farmer,Self-Employed,Higher Secondary,7,1.8,False,False,Skill India,Employment,False,383
44,Other,Tamil Nadu,General,0.0,Homemaker,Unemployed,Graduate,7,1.12,True,True,PM Kisan,Agriculture,False,384
44,Other,Tamil Nadu,General,0.0,Homemaker,Unemployed,Graduate,7,1.12,True,True,Post Matric Scholarship,Education,False,384
44,Other,Tamil Nadu,General,0.0,Homemaker,Unemployed,Graduate,7,1.12,True,True,Ayushman Bharat,Healthcare,True,384
44,Other,Tamil Nadu,General,0.0,Homemaker,Unemployed,Graduate,7,1.12,True,True,PM Awas Yojana,Housing,True,384
44,Other,Tamil Nadu,General,0.0,Homemaker,Unemployed,Graduate,7,1.12,True,True,Skill India,Employment,False,384
20,Female,Delhi,SC,76639.49,Unemployed,Unemployed,Primary,4,0.0,True,True,PM Kisan,Agriculture,False,385
20,Female,Delhi,SC,76639.49,Unemployed,Unemployed,Primary,4,0.0,True,True,Post Matric Scholarship,Education,False,385
20,Female,Delhi,SC,76639.49,Unemployed,Unemployed,Primary,4,0.0,True,True,Ayushman Bharat,Healthcare,True,385
20,Female,Delhi,SC,76639.49,Unemployed,Unemployed,Primary,4,0.0,True,True,PM Awas Yojana,Housing,True,385
20,Female,Delhi,SC,76639.49,Unemployed,Unemployed,Primary,4,0.0,True,True,Skill India,Employment,False,385
23,Female,Tamil Nadu,ST,32091.18,Student,Student,Higher Secondary,5,0.0,False,False,PM Kisan,Agriculture,False,386
23,Female,Tamil Nadu,ST,32091.18,Student,Student,Higher Secondary,5,0.0,False,False,Post Matric Scholarship,Education,True,386
23,Female,Tamil Nadu,ST,32091.18,Student,Student,Higher Secondary,5,0.0,False,False,Ayushman Bharat,Healthcare,False,386
23,Female,Tamil Nadu,ST,32091.18,Student,Student,Higher Secondary,5,0.0,False,False,PM Awas Yojana,Housing,False,386
23,Female,Tamil Nadu,ST,32091.18,Student,Student,Higher Secondary,5,0.0,False,False,Skill India,Employment,True,386
57,Female,Karnataka,ST,437856.99,Private Employee,Employed,Post Graduate,2,0.0,False,True,PM Kisan,Agriculture,False,387
57,Female,Karnataka,ST,437856.99,Private Employee,Employed,Post Graduate,2,0.0,False,True,Post Matric Scholarship,Education,False,387
57,Female,Karnataka,ST,437856.99,Private Employee,Employed,Post Graduate,2,0.0,False,True,Ayushman Bharat,Healthcare,False,387
57,Female,Karnataka,ST,437856.99,Private Employee,Employed,Post Graduate,2,0.0,False,True,PM Awas Yojana,Housing,False,387
57,Female,Karnataka,ST,437856.99,Private Employee,Employed,Post Graduate,2,0.0,False,True,Skill India,Employment,False,387
28,Other,Delhi,OBC,224966.26,Farmer,Self-Employed,Secondary,6,5.53,True,True,PM Kisan,Agriculture,False,388
28,Other,Delhi,OBC,224966.26,Farmer,Self-Employed,Secondary,6,5.53,True,True,Post Matric Scholarship,Education,False,388
28,Other,Delhi,OBC,224966.26,Farmer,Self-Employed,Secondary,6,5.53,True,True,Ayushman Bharat,Healthcare,True,388
28,Other,Delhi,OBC,224966.26,Farmer,Self-Employed,Secondary,6,5.53,True,True,PM Awas Yojana,Housing,True,388
28,Other,Delhi,OBC,224966.26,Farmer,Self-Employed,Secondary,6,5.53,True,True,Skill India,Employment,False,388
41,Male,Delhi,ST,1105497.64,Private Employee,Employed,Diploma,2,0.0,False,False,PM Kisan,Agriculture,False,389
41,Male,Delhi,ST,1105497.64,Private Employee,Employed,Diploma,2,0.0,False,False,Post Matric Scholarship,Education,False,389
41,Male,Delhi,ST,1105497.64,Private Employee,Employed,Diploma,2,0.0,False,False,Ayushman Bharat,Healthcare,False,389
41,Male,Delhi,ST,1105497.64,Private Employee,Employed,Diploma,2,0.0,False,False,PM Awas Yojana,Housing,False,389
41,Male,Delhi,ST,1105497.64,Private Employee,Employed,Diploma,2,0.0,False,False,Skill India,Employment,False,389
54,Male,Maharashtra,SC,97962.34,Unemployed,Unemployed,Primary,6,0.0,False,True,PM Kisan,Agriculture,False,390
54,Male,Maharashtra,SC,97962.34,Unemployed,Unemployed,Primary,6,0.0,False,True,Post Matric Scholarship,Education,False,390
54,Male,Maharashtra,SC,97962.34,Unemployed,Unemployed,Primary,6,0.0,False,True,Ayushman Bharat,Healthcare,False,390
54,Male,Maharashtra,SC,97962.34,Unemployed,Unemployed,Primary,6,0.0,False,True,PM Awas Yojana,Housing,False,390
54,Male,Maharashtra,SC,97962.34,Unemployed,Unemployed,Primary,6,0.0,False,True,Skill India,Employment,False,390
42,Other,Tamil Nadu,SC,0.0,Homemaker,Unemployed,Secondary,5,0.59,True,False,PM Kisan,Agriculture,False,391
42,Other,Tamil Nadu,SC,0.0,Homemaker,Unemployed,Secondary,5,0.59,True,False,Post Matric Scholarship,Education,False,391
42,Other,Tamil Nadu,SC,0.0,Homemaker,Unemployed,Secondary,5,0.59,True,False,Ayushman Bharat,Healthcare,True,391
42,Other,Tamil Nadu,SC,0.0,Homemaker,Unemployed,Secondary,5,0.59,True,False,PM Awas Yojana,Housing,True,391
42,Other,Tamil Nadu,SC,0.0,Homemaker,Unemployed,Secondary,5,0.59,True,False,Skill India,Employment,False,391
32,Female,Delhi,ST,462514.14,Farmer,Self-Employed,Secondary,5,5.18,False,False,PM Kisan,Agriculture,False,392
32,Female,Delhi,ST,462514.14,Farmer,Self-Employed,Secondary,5,5.18,False,False,Post Matric Scholarship,Education,False,392
32,Female,Delhi,ST,462514.14,Farmer,Self-Employed,Secondary,5,5.18,False,False,Ayushman Bharat,Healthcare,False,392
32,Female,Delhi,ST,462514.14,Farmer,Self-Employed,Secondary,5,5.18,False,False,PM Awas Yojana,Housing,False,392
32,Female,Delhi,ST,462514.14,Farmer,Self-Employed,Secondary,5,5.18,False,False,Skill India,Employment,False,392
22,Other,Tamil Nadu,OBC,8137.65,Student,Student,Higher Secondary,4,0.0,True,False,PM Kisan,Agriculture,False,393
22,Other,Tamil Nadu,OBC,8137.65,Student,Student,Higher Secondary,4,0.0,True,False,Post Matric Scholarship,Education,True,393
22,Other,Tamil Nadu,OBC,8137.65,Student,Student,Higher Secondary,4,0.0,True,False,Ayushman Bharat,Healthcare,True,393
22,Other,Tamil Nadu,OBC,8137.65,Student,Student,Higher Secondary,4,0.0,True,False,PM Awas Yojana,Housing,True,393
22,Other,Tamil Nadu,OBC,8137.65,Student,Student,Higher Secondary,4,0.0,True,False,Skill India,Employment,True,393
38,Female,Kerala,ST,63886.08,Farmer,Self-Employed,Secondary,6,5.67,False,False,PM Kisan,Agriculture,True,394
38,Female,Kerala,ST,63886.08,Farmer,Self-Employed,Secondary,6,5.67,False,False,Post Matric Scholarship,Education,False,394
38,Female,Kerala,ST,63886.08,Farmer,Self-Employed,Secondary,6,5.67,False,False,Ayushman Bharat,Healthcare,False,394
38,Female,Kerala,ST,63886.08,Farmer,Self-Employed,Secondary,6,5.67,False,False,PM Awas Yojana,Housing,False,394
38,Female,Kerala,ST,63886.08,Farmer,Self-Employed,Secondary,6,5.67,False,False,Skill India,Employment,False,394
77,Other,Kerala,OBC,190332.62,Retired,Retired,Graduate,2,4.89,False,True,PM Kisan,Agriculture,False,395
77,Other,Kerala,OBC,190332.62,Retired,Retired,Graduate,2,4.89,False,True,Post Matric Scholarship,Education,False,395
77,Other,Kerala,OBC,190332.62,Retired,Retired,Graduate,2,4.89,False,True,Ayushman Bharat,Healthcare,False,395
77,Other,Kerala,OBC,190332.62,Retired,Retired,Graduate,2,4.89,False,True,PM Awas Yojana,Housing,False,395
77,Other,Kerala,OBC,190332.62,Retired,Retired,Graduate,2,4.89,False,True,Skill India,Employment,False,395
23,Other,Delhi,SC,13070.59,Student,Student,Diploma,5,0.0,False,False,PM Kisan,Agriculture,False,396
23,Other,Delhi,SC,13070.59,Student,Student,Diploma,5,0.0,False,False,Post Matric Scholarship,Education,False,396
23,Other,Delhi,SC,13070.59,Student,Student,Diploma,5,0.0,False,False,Ayushman Bharat,Healthcare,False,396
23,Other,Delhi,SC,13070.59,Student,Student,Diploma,5,0.0,False,False,PM Awas Yojana,Housing,False,396
23,Other,Delhi,SC,13070.59,Student,Student,Diploma,5,0.0,False,False,Skill India,Employment,False,396
55,Female,Kerala,SC,132706.82,Farmer,Self-Employed,Secondary,7,2.33,True,False,PM Kisan,Agriculture,True,397
55,Female,Kerala,SC,132706.82,Farmer,Self-Employed,Secondary,7,2.33,True,False,Post Matric Scholarship,Education,False,397
55,Female,Kerala,SC,132706.82,Farmer,Self-Employed,Secondary,7,2.33,True,False,Ayushman Bharat,Healthcare,True,397
55,Female,Kerala,SC,132706.82,Farmer,Self-Employed,Secondary,7,2.33,True,False,PM Awas Yojana,Housing,True,397
55,Female,Kerala,SC,132706.82,Farmer,Self-Employed,Secondary,7,2.33,True,False,Skill India,Employment,False,397
64,Female,Delhi,ST,77920.02,Farmer,Self-Employed,Secondary,7,2.16,True,True,PM Kisan,Agriculture,True,398
64,Female,Delhi,ST,77920.02,Farmer,Self-Employed,Secondary,7,2.16,True,True,Post Matric Scholarship,Education,False,398
64,Female,Delhi,ST,77920.02,Farmer,Self-Employed,Secondary,7,2.16,True,True,Ayushman Bharat,Healthcare,True,398
64,Female,Delhi,ST,77920.02,Farmer,Self-Employed,Secondary,7,2.16,True,True,PM Awas Yojana,Housing,True,398
64,Female,Delhi,ST,77920.02,Farmer,Self-Employed,Secondary,7,2.16,True,True,Skill India,Employment,False,398
57,Female,Kerala,General,498046.6,Business,Self-Employed,Graduate,6,0.6,False,False,PM Kisan,Agriculture,False,399
57,Female,Kerala,General,498046.6,Business,Self-Employed,Graduate,6,0.6,False,False,Post Matric Scholarship,Education,False,399
57,Female,Kerala,General,498046.6,Business,Self-Employed,Graduate,6,0.6,False,False,Ayushman Bharat,Healthcare,False,399
57,Female,Kerala,General,498046.6,Business,Self-Employed,Graduate,6,0.6,False,False,PM Awas Yojana,Housing,False,399
57,Female,Kerala,General,498046.6,Business,Self-Employed,Graduate,6,0.6,False,False,Skill India,Employment,False,399
48,Male,Kerala,OBC,855461.02,Business,Self-Employed,Graduate,6,0.22,False,False,PM Kisan,Agriculture,False,400
48,Male,Kerala,OBC,855461.02,Business,Self-Employed,Graduate,6,0.22,False,False,Post Matric Scholarship,Education,False,400
48,Male,Kerala,OBC,855461.02,Business,Self-Employed,Graduate,6,0.22,False,False,Ayushman Bharat,Healthcare,False,400
48,Male,Kerala,OBC,855461.02,Business,Self-Employed,Graduate,6,0.22,False,False,PM Awas Yojana,Housing,False,400
48,Male,Kerala,OBC,855461.02,Business,Self-Employed,Graduate,6,0.22,False,False,Skill India,Employment,False,400
42,Other,Maharashtra,General,150560.29,Farmer,Self-Employed,Primary,7,5.32,False,True,PM Kisan,Agriculture,True,401
42,Other,Maharashtra,General,150560.29,Farmer,Self-Employed,Primary,7,5.32,False,True,Post Matric Scholarship,Education,False,401
42,Other,Maharashtra,General,150560.29,Farmer,Self-Employed,Primary,7,5.32,False,True,Ayushman Bharat,Healthcare,False,401
42,Other,Maharashtra,General,150560.29,Farmer,Self-Employed,Primary,7,5.32,False,True,PM Awas Yojana,Housing,False,401
42,Other,Maharashtra,General,150560.29,Farmer,Self-Employed,Primary,7,5.32,False,True,Skill India,Employment,False,401
36,Other,Karnataka,ST,124953.96,Farmer,Self-Employed,Higher Secondary,4,5.06,True,True,PM Kisan,Agriculture,True,402
36,Other,Karnataka,ST,124953.96,Farmer,Self-Employed,Higher Secondary,4,5.06,True,True,Post Matric Scholarship,Education,False,402
36,Other,Karnataka,ST,124953.96,Farmer,Self-Employed,Higher Secondary,4,5.06,True,True,Ayushman Bharat,Healthcare,True,402
36,Other,Karnataka,ST,124953.96,Farmer,Self-Employed,Higher Secondary,4,5.06,True,True,PM Awas Yojana,Housing,True,402
36,Other,Karnataka,ST,124953.96,Farmer,Self-Employed,Higher Secondary,4,5.06,True,True,Skill India,Employment,False,402
55,Male,Kerala,ST,793741.88,Private Employee,Employed,Post Graduate,6,0.0,False,True,PM Kisan,Agriculture,False,403
55,Male,Kerala,ST,793741.88,Private Employee,Employed,Post Graduate,6,0.0,False,True,Post Matric Scholarship,Education,False,403
55,Male,Kerala,ST,793741.88,Private Employee,Employed,Post Graduate,6,0.0,False,True,Ayushman Bharat,Healthcare,False,403
55,Male,Kerala,ST,793741.88,Private Employee,Employed,Post Graduate,6,0.0,False,True,PM Awas Yojana,Housing,False,403
55,Male,Kerala,ST,793741.88,Private Employee,Employed,Post Graduate,6,0.0,False,True,Skill India,Employment,False,403
55,Other,Kerala,SC,1035360.09,Government Employee,Employed,Post Graduate,4,0.0,False,False,PM Kisan,Agriculture,False,404
55,Other,Kerala,SC,1035360.09,Government Employee,Employed,Post Graduate,4,0.0,False,False,Post Matric Scholarship,Education,False,404
55,Other,Kerala,SC,1035360.09,Government Employee,Employed,Post Graduate,4,0.0,False,False,Ayushman Bharat,Healthcare,False,404
55,Other,Kerala,SC,1035360.09,Government Employee,Employed,Post Graduate,4,0.0,False,False,PM Awas Yojana,Housing,False,404
55,Other,Kerala,SC,1035360.09,Government Employee,Employed,Post Graduate,4,0.0,False,False,Skill India,Employment,False,404
56,Other,Maharashtra,OBC,693470.72,Private Employee,Employed,Diploma,2,0.0,False,True,PM Kisan,Agriculture,False,405
56,Other,Maharashtra,OBC,693470.72,Private Employee,Employed,Diploma,2,0.0,False,True,Post Matric Scholarship,Education,False,405
56,Other,Maharashtra,OBC,693470.72,Private Employee,Employed,Diploma,2,0.0,False,True,Ayushman Bharat,Healthcare,False,405
56,Other,Maharashtra,OBC,693470.72,Private Employee,Employed,Diploma,2,0.0,False,True,PM Awas Yojana,Housing,False,405
56,Other,Maharashtra,OBC,693470.72,Private Employee,Employed,Diploma,2,0.0,False,True,Skill India,Employment,False,405
59,Female,Karnataka,SC,566285.71,Private Employee,Employed,Diploma,3,0.0,False,True,PM Kisan,Agriculture,False,406
59,Female,Karnataka,SC,566285.71,Private Employee,Employed,Diploma,3,0.0,False,True,Post Matric Scholarship,Education,False,406
59,Female,Karnataka,SC,566285.71,Private Employee,Employed,Diploma,3,0.0,False,True,Ayushman Bharat,Healthcare,False,406
59,Female,Karnataka,SC,566285.71,Private Employee,Employed,Diploma,3,0.0,False,True,PM Awas Yojana,Housing,False,406
59,Female,Karnataka,SC,566285.71,Private Employee,Employed,Diploma,3,0.0,False,True,Skill India,Employment,False,406
56,Female,Maharashtra,OBC,0.0,Homemaker,Unemployed,Primary,4,1.05,True,False,PM Kisan,Agriculture,False,407
56,Female,Maharashtra,OBC,0.0,Homemaker,Unemployed,Primary,4,1.05,True,False,Post Matric Scholarship,Education,False,407
56,Female,Maharashtra,OBC,0.0,Homemaker,Unemployed,Primary,4,1.05,True,False,Ayushman Bharat,Healthcare,True,407
56,Female,Maharashtra,OBC,0.0,Homemaker,Unemployed,Primary,4,1.05,True,False,PM Awas Yojana,Housing,True,407
56,Female,Maharashtra,OBC,0.0,Homemaker,Unemployed,Primary,4,1.05,True,False,Skill India,Employment,False,407
24,Male,Tamil Nadu,OBC,123032.16,Student,Student,Diploma,3,0.0,False,False,PM Kisan,Agriculture,False,408
24,Male,Tamil Nadu,OBC,123032.16,Student,Student,Diploma,3,0.0,False,False,Post Matric Scholarship,Education,False,408
24,Male,Tamil Nadu,OBC,123032.16,Student,Student,Diploma,3,0.0,False,False,Ayushman Bharat,Healthcare,False,408
24,Male,Tamil Nadu,OBC,123032.16,Student,Student,Diploma,3,0.0,False,False,PM Awas Yojana,Housing,False,408
24,Male,Tamil Nadu,OBC,123032.16,Student,Student,Diploma,3,0.0,False,False,Skill India,Employment,False,408
20,Male,Kerala,SC,78960.55,Student,Student,Graduate,3,0.0,False,True,PM Kisan,Agriculture,False,409
20,Male,Kerala,SC,78960.55,Student,Student,Graduate,3,0.0,False,True,Post Matric Scholarship,Education,True,409
20,Male,Kerala,SC,78960.55,Student,Student,Graduate,3,0.0,False,True,Ayushman Bharat,Healthcare,False,409
20,Male,Kerala,SC,78960.55,Student,Student,Graduate,3,0.0,False,True,PM Awas Yojana,Housing,False,409
20,Male,Kerala,SC,78960.55,Student,Student,Graduate,3,0.0,False,True,Skill India,Employment,True,409
54,Female,Delhi,SC,327658.77,Private Employee,Employed,Post Graduate,2,0.0,False,True,PM Kisan,Agriculture,False,410
54,Female,Delhi,SC,327658.77,Private Employee,Employed,Post Graduate,2,0.0,False,True,Post Matric Scholarship,Education,False,410
54,Female,Delhi,SC,327658.77,Private Employee,Employed,Post Graduate,2,0.0,False,True,Ayushman Bharat,Healthcare,False,410
54,Female,Delhi,SC,327658.77,Private Employee,Employed,Post Graduate,2,0.0,False,True,PM Awas Yojana,Housing,False,410
54,Female,Delhi,SC,327658.77,Private Employee,Employed,Post Graduate,2,0.0,False,True,Skill India,Employment,False,410
19,Other,Karnataka,General,32877.94,Student,Student,Higher Secondary,4,0.0,False,True,PM Kisan,Agriculture,False,411
19,Other,Karnataka,General,32877.94,Student,Student,Higher Secondary,4,0.0,False,True,Post Matric Scholarship,Education,True,411
19,Other,Karnataka,General,32877.94,Student,Student,Higher Secondary,4,0.0,False,True,Ayushman Bharat,Healthcare,False,411
19,Other,Karnataka,General,32877.94,Student,Student,Higher Secondary,4,0.0,False,True,PM Awas Yojana,Housing,False,411
19,Other,Karnataka,General,32877.94,Student,Student,Higher Secondary,4,0.0,False,True,Skill India,Employment,True,411
43,Other,Tamil Nadu,General,99027.36,Farmer,Self-Employed,Primary,7,1.91,False,True,PM Kisan,Agriculture,True,412
43,Other,Tamil Nadu,General,99027.36,Farmer,Self-Employed,Primary,7,1.91,False,True,Post Matric Scholarship,Education,False,412
43,Other,Tamil Nadu,General,99027.36,Farmer,Self-Employed,Primary,7,1.91,False,True,Ayushman Bharat,Healthcare,False,412
43,Other,Tamil Nadu,General,99027.36,Farmer,Self-Employed,Primary,7,1.91,False,True,PM Awas Yojana,Housing,False,412
43,Other,Tamil Nadu,General,99027.36,Farmer,Self-Employed,Primary,7,1.91,False,True,Skill India,Employment,False,412
40,Other,Karnataka,OBC,993522.16,Government Employee,Employed,Graduate,4,0.0,False,True,PM Kisan,Agriculture,False,413
40,Other,Karnataka,OBC,993522.16,Government Employee,Employed,Graduate,4,0.0,False,True,Post Matric Scholarship,Education,False,413
40,Other,Karnataka,OBC,993522.16,Government Employee,Employed,Graduate,4,0.0,False,True,Ayushman Bharat,Healthcare,False,413
40,Other,Karnataka,OBC,993522.16,Government Employee,Employed,Graduate,4,0.0,False,True,PM Awas Yojana,Housing,False,413
40,Other,Karnataka,OBC,993522.16,Government Employee,Employed,Graduate,4,0.0,False,True,Skill India,Employment,False,413
54,Other,Maharashtra,ST,327768.3,Government Employee,Employed,Post Graduate,4,0.0,False,False,PM Kisan,Agriculture,False,414
54,Other,Maharashtra,ST,327768.3,Government Employee,Employed,Post Graduate,4,0.0,False,False,Post Matric Scholarship,Education,False,414
54,Other,Maharashtra,ST,327768.3,Government Employee,Employed,Post Graduate,4,0.0,False,False,Ayushman Bharat,Healthcare,False,414
54,Other,Maharashtra,ST,327768.3,Government Employee,Employed,Post Graduate,4,0.0,False,False,PM Awas Yojana,Housing,False,414
54,Other,Maharashtra,ST,327768.3,Government Employee,Employed,Post Graduate,4,0.0,False,False,Skill India,Employment,False,414
57,Other,Kerala,ST,898868.05,Private Employee,Employed,Diploma,4,0.0,False,False,PM Kisan,Agriculture,False,415
57,Other,Kerala,ST,898868.05,Private Employee,Employed,Diploma,4,0.0,False,False,Post Matric Scholarship,Education,False,415
57,Other,Kerala,ST,898868.05,Private Employee,Employed,Diploma,4,0.0,False,False,Ayushman Bharat,Healthcare,False,415
57,Other,Kerala,ST,898868.05,Private Employee,Employed,Diploma,4,0.0,False,False,PM Awas Yojana,Housing,False,415
57,Other,Kerala,ST,898868.05,Private Employee,Employed,Diploma,4,0.0,False,False,Skill India,Employment,False,415
59,Female,Karnataka,OBC,1230761.99,Business,Self-Employed,Post Graduate,7,3.29,False,True,PM Kisan,Agriculture,False,416
59,Female,Karnataka,OBC,1230761.99,Business,Self-Employed,Post Graduate,7,3.29,False,True,Post Matric Scholarship,Education,False,416
59,Female,Karnataka,OBC,1230761.99,Business,Self-Employed,Post Graduate,7,3.29,False,True,Ayushman Bharat,Healthcare,False,416
59,Female,Karnataka,OBC,1230761.99,Business,Self-Employed,Post Graduate,7,3.29,False,True,PM Awas Yojana,Housing,False,416
59,Female,Karnataka,OBC,1230761.99,Business,Self-Employed,Post Graduate,7,3.29,False,True,Skill India,Employment,False,416
18,Female,Kerala,OBC,87201.96,Student,Student,Diploma,6,0.0,True,False,PM Kisan,Agriculture,False,417
18,Female,Kerala,OBC,87201.96,Student,Student,Diploma,6,0.0,True,False,Post Matric Scholarship,Education,False,417
18,Female,Kerala,OBC,87201.96,Student,Student,Diploma,6,0.0,True,False,Ayushman Bharat,Healthcare,True,417
18,Female,Kerala,OBC,87201.96,Student,Student,Diploma,6,0.0,True,False,PM Awas Yojana,Housing,True,417
18,Female,Kerala,OBC,87201.96,Student,Student,Diploma,6,0.0,True,False,Skill India,Employment,False,417
50,Female,Kerala,SC,0.0,Homemaker,Unemployed,Primary,8,1.31,True,False,PM Kisan,Agriculture,False,418
50,Female,Kerala,SC,0.0,Homemaker,Unemployed,Primary,8,1.31,True,False,Post Matric Scholarship,Education,False,418
50,Female,Kerala,SC,0.0,Homemaker,Unemployed,Primary,8,1.31,True,False,Ayushman Bharat,Healthcare,True,418
50,Female,Kerala,SC,0.0,Homemaker,Unemployed,Primary,8,1.31,True,False,PM Awas Yojana,Housing,True,418
50,Female,Kerala,SC,0.0,Homemaker,Unemployed,Primary,8,1.31,True,False,Skill India,Employment,False,418
66,Male,Karnataka,ST,386556.27,Retired,Retired,Post Graduate,5,4.06,False,False,PM Kisan,Agriculture,False,419
66,Male,Karnataka,ST,386556.27,Retired,Retired,Post Graduate,5,4.06,False,False,Post Matric Scholarship,Education,False,419
66,Male,Karnataka,ST,386556.27,Retired,Retired,Post Graduate,5,4.06,False,False,Ayushman Bharat,Healthcare,False,419
66,Male,Karnataka,ST,386556.27,Retired,Retired,Post Graduate,5,4.06,False,False,PM Awas Yojana,Housing,False,419
66,Male,Karnataka,ST,386556.27,Retired,Retired,Post Graduate,5,4.06,False,False,Skill India,Employment,False,419
53,Female,Delhi,General,581680.24,Government Employee,Employed,Graduate,2,0.0,False,False,PM Kisan,Agriculture,False,420
53,Female,Delhi,General,581680.24,Government Employee,Employed,Graduate,2,0.0,False,False,Post Matric Scholarship,Education,False,420
53,Female,Delhi,General,581680.24,Government Employee,Employed,Graduate,2,0.0,False,False,Ayushman Bharat,Healthcare,False,420
53,Female,Delhi,General,581680.24,Government Employee,Employed,Graduate,2,0.0,False,False,PM Awas Yojana,Housing,False,420
53,Female,Delhi,General,581680.24,Government Employee,Employed,Graduate,2,0.0,False,False,Skill India,Employment,False,420
36,Female,Delhi,General,38494.47,Unemployed,Unemployed,Graduate,4,0.0,True,False,PM Kisan,Agriculture,False,421
36,Female,Delhi,General,38494.47,Unemployed,Unemployed,Graduate,4,0.0,True,False,Post Matric Scholarship,Education,False,421
36,Female,Delhi,General,38494.47,Unemployed,Unemployed,Graduate,4,0.0,True,False,Ayushman Bharat,Healthcare,True,421
36,Female,Delhi,General,38494.47,Unemployed,Unemployed,Graduate,4,0.0,True,False,PM Awas Yojana,Housing,True,421
36,Female,Delhi,General,38494.47,Unemployed,Unemployed,Graduate,4,0.0,True,False,Skill India,Employment,True,421
56,Other,Tamil Nadu,General,1017732.42,Private Employee,Employed,Graduate,6,0.0,False,True,PM Kisan,Agriculture,False,422
56,Other,Tamil Nadu,General,1017732.42,Private Employee,Employed,Graduate,6,0.0,False,True,Post Matric Scholarship,Education,False,422
56,Other,Tamil Nadu,General,1017732.42,Private Employee,Employed,Graduate,6,0.0,False,True,Ayushman Bharat,Healthcare,False,422
56,Other,Tamil Nadu,General,1017732.42,Private Employee,Employed,Graduate,6,0.0,False,True,PM Awas Yojana,Housing,False,422
56,Other,Tamil Nadu,General,1017732.42,Private Employee,Employed,Graduate,6,0.0,False,True,Skill India,Employment,False,422
58,Other,Delhi,SC,0.0,Homemaker,Unemployed,Secondary,8,0.66,False,True,PM Kisan,Agriculture,False,423
58,Other,Delhi,SC,0.0,Homemaker,Unemployed,Secondary,8,0.66,False,True,Post Matric Scholarship,Education,False,423
58,Other,Delhi,SC,0.0,Homemaker,Unemployed,Secondary,8,0.66,False,True,Ayushman Bharat,Healthcare,False,423
58,Other,Delhi,SC,0.0,Homemaker,Unemployed,Secondary,8,0.66,False,True,PM Awas Yojana,Housing,False,423
58,Other,Delhi,SC,0.0,Homemaker,Unemployed,Secondary,8,0.66,False,True,Skill India,Employment,False,423
66,Male,Maharashtra,SC,465189.37,Retired,Retired,Graduate,2,2.99,False,True,PM Kisan,Agriculture,False,424
66,Male,Maharashtra,SC,465189.37,Retired,Retired,Graduate,2,2.99,False,True,Post Matric Scholarship,Education,False,424
66,Male,Maharashtra,SC,465189.37,Retired,Retired,Graduate,2,2.99,False,True,Ayushman Bharat,Healthcare,False,424
66,Male,Maharashtra,SC,465189.37,Retired,Retired,Graduate,2,2.99,False,True,PM Awas Yojana,Housing,False,424
66,Male,Maharashtra,SC,465189.37,Retired,Retired,Graduate,2,2.99,False,True,Skill India,Employment,False,424
45,Female,Kerala,OBC,0.0,Homemaker,Unemployed,Graduate,6,1.56,True,False,PM Kisan,Agriculture,False,425
45,Female,Kerala,OBC,0.0,Homemaker,Unemployed,Graduate,6,1.56,True,False,Post Matric Scholarship,Education,False,425
45,Female,Kerala,OBC,0.0,Homemaker,Unemployed,Graduate,6,1.56,True,False,Ayushman Bharat,Healthcare,True,425
45,Female,Kerala,OBC,0.0,Homemaker,Unemployed,Graduate,6,1.56,True,False,PM Awas Yojana,Housing,True,425
45,Female,Kerala,OBC,0.0,Homemaker,Unemployed,Graduate,6,1.56,True,False,Skill India,Employment,False,425
26,Other,Delhi,SC,725818.36,Business,Self-Employed,Post Graduate,5,2.23,False,False,PM Kisan,Agriculture,False,426
26,Other,Delhi,SC,725818.36,Business,Self-Employed,Post Graduate,5,2.23,False,False,Post Matric Scholarship,Education,False,426
26,Other,Delhi,SC,725818.36,Business,Self-Employed,Post Graduate,5,2.23,False,False,Ayushman Bharat,Healthcare,False,426
26,Other,Delhi,SC,725818.36,Business,Self-Employed,Post Graduate,5,2.23,False,False,PM Awas Yojana,Housing,False,426
26,Other,Delhi,SC,725818.36,Business,Self-Employed,Post Graduate,5,2.23,False,False,Skill India,Employment,False,426
31,Male,Maharashtra,SC,1532161.76,Business,Self-Employed,Higher Secondary,4,3.21,False,True,PM Kisan,Agriculture,False,427
31,Male,Maharashtra,SC,1532161.76,Business,Self-Employed,Higher Secondary,4,3.21,False,True,Post Matric Scholarship,Education,False,427
31,Male,Maharashtra,SC,1532161.76,Business,Self-Employed,Higher Secondary,4,3.21,False,True,Ayushman Bharat,Healthcare,False,427
31,Male,Maharashtra,SC,1532161.76,Business,Self-Employed,Higher Secondary,4,3.21,False,True,PM Awas Yojana,Housing,False,427
31,Male,Maharashtra,SC,1532161.76,Business,Self-Employed,Higher Secondary,4,3.21,False,True,Skill India,Employment,False,427
31,Male,Delhi,General,95951.21,Farmer,Self-Employed,Primary,6,2.18,True,True,PM Kisan,Agriculture,True,428
31,Male,Delhi,General,95951.21,Farmer,Self-Employed,Primary,6,2.18,True,True,Post Matric Scholarship,Education,False,428
31,Male,Delhi,General,95951.21,Farmer,Self-Employed,Primary,6,2.18,True,True,Ayushman Bharat,Healthcare,True,428
31,Male,Delhi,General,95951.21,Farmer,Self-Employed,Primary,6,2.18,True,True,PM Awas Yojana,Housing,True,428
31,Male,Delhi,General,95951.21,Farmer,Self-Employed,Primary,6,2.18,True,True,Skill India,Employment,False,428
21,Other,Delhi,OBC,12600.46,Student,Student,Graduate,5,0.0,True,False,PM Kisan,Agriculture,False,429
21,Other,Delhi,OBC,12600.46,Student,Student,Graduate,5,0.0,True,False,Post Matric Scholarship,Education,True,429
21,Other,Delhi,OBC,12600.46,Student,Student,Graduate,5,0.0,True,False,Ayushman Bharat,Healthcare,True,429
21,Other,Delhi,OBC,12600.46,Student,Student,Graduate,5,0.0,True,False,PM Awas Yojana,Housing,True,429
21,Other,Delhi,OBC,12600.46,Student,Student,Graduate,5,0.0,True,False,Skill India,Employment,True,429
20,Male,Karnataka,SC,39902.1,Student,Student,Higher Secondary,5,0.0,False,False,PM Kisan,Agriculture,False,430
20,Male,Karnataka,SC,39902.1,Student,Student,Higher Secondary,5,0.0,False,False,Post Matric Scholarship,Education,True,430
20,Male,Karnataka,SC,39902.1,Student,Student,Higher Secondary,5,0.0,False,False,Ayushman Bharat,Healthcare,False,430
20,Male,Karnataka,SC,39902.1,Student,Student,Higher Secondary,5,0.0,False,False,PM Awas Yojana,Housing,False,430
20,Male,Karnataka,SC,39902.1,Student,Student,Higher Secondary,5,0.0,False,False,Skill India,Employment,True,430
36,Male,Kerala,SC,0.0,Homemaker,Unemployed,Secondary,8,2.65,True,False,PM Kisan,Agriculture,False,431
36,Male,Kerala,SC,0.0,Homemaker,Unemployed,Secondary,8,2.65,True,False,Post Matric Scholarship,Education,False,431
36,Male,Kerala,SC,0.0,Homemaker,Unemployed,Secondary,8,2.65,True,False,Ayushman Bharat,Healthcare,True,431
36,Male,Kerala,SC,0.0,Homemaker,Unemployed,Secondary,8,2.65,True,False,PM Awas Yojana,Housing,True,431
36,Male,Kerala,SC,0.0,Homemaker,Unemployed,Secondary,8,2.65,True,False,Skill India,Employment,False,431
45,Other,Maharashtra,SC,1089932.25,Government Employee,Employed,Graduate,4,0.0,False,False,PM Kisan,Agriculture,False,432
45,Other,Maharashtra,SC,1089932.25,Government Employee,Employed,Graduate,4,0.0,False,False,Post Matric Scholarship,Education,False,432
45,Other,Maharashtra,SC,1089932.25,Government Employee,Employed,Graduate,4,0.0,False,False,Ayushman Bharat,Healthcare,False,432
45,Other,Maharashtra,SC,1089932.25,Government Employee,Employed,Graduate,4,0.0,False,False,PM Awas Yojana,Housing,False,432
45,Other,Maharashtra,SC,1089932.25,Government Employee,Employed,Graduate,4,0.0,False,False,Skill India,Employment,False,432
45,Male,Maharashtra,General,912590.56,Government Employee,Employed,Post Graduate,2,0.0,False,True,PM Kisan,Agriculture,False,433
45,Male,Maharashtra,General,912590.56,Government Employee,Employed,Post Graduate,2,0.0,False,True,Post Matric Scholarship,Education,False,433
45,Male,Maharashtra,General,912590.56,Government Employee,Employed,Post Graduate,2,0.0,False,True,Ayushman Bharat,Healthcare,False,433
45,Male,Maharashtra,General,912590.56,Government Employee,Employed,Post Graduate,2,0.0,False,True,PM Awas Yojana,Housing,False,433
45,Male,Maharashtra,General,912590.56,Government Employee,Employed,Post Graduate,2,0.0,False,True,Skill India,Employment,False,433
20,Male,Kerala,OBC,8948.2,Student,Student,Graduate,6,0.0,True,False,PM Kisan,Agriculture,False,434
20,Male,Kerala,OBC,8948.2,Student,Student,Graduate,6,0.0,True,False,Post Matric Scholarship,Education,True,434
20,Male,Kerala,OBC,8948.2,Student,Student,Graduate,6,0.0,True,False,Ayushman Bharat,Healthcare,True,434
20,Male,Kerala,OBC,8948.2,Student,Student,Graduate,6,0.0,True,False,PM Awas Yojana,Housing,True,434
20,Male,Kerala,OBC,8948.2,Student,Student,Graduate,6,0.0,True,False,Skill India,Employment,True,434
49,Male,Delhi,ST,126969.84,Farmer,Self-Employed,Secondary,4,7.1,False,False,PM Kisan,Agriculture,True,435
49,Male,Delhi,ST,126969.84,Farmer,Self-Employed,Secondary,4,7.1,False,False,Post Matric Scholarship,Education,False,435
49,Male,Delhi,ST,126969.84,Farmer,Self-Employed,Secondary,4,7.1,False,False,Ayushman Bharat,Healthcare,False,435
49,Male,Delhi,ST,126969.84,Farmer,Self-Employed,Secondary,4,7.1,False,False,PM Awas Yojana,Housing,False,435
49,Male,Delhi,ST,126969.84,Farmer,Self-Employed,Secondary,4,7.1,False,False,Skill India,Employment,False,435
50,Other,Tamil Nadu,OBC,345008.92,Private Employee,Employed,Graduate,4,0.0,False,True,PM Kisan,Agriculture,False,436
50,Other,Tamil Nadu,OBC,345008.92,Private Employee,Employed,Graduate,4,0.0,False,True,Post Matric Scholarship,Education,False,436
50,Other,Tamil Nadu,OBC,345008.92,Private Employee,Employed,Graduate,4,0.0,False,True,Ayushman Bharat,Healthcare,False,436
50,Other,Tamil Nadu,OBC,345008.92,Private Employee,Employed,Graduate,4,0.0,False,True,PM Awas Yojana,Housing,False,436
50,Other,Tamil Nadu,OBC,345008.92,Private Employee,Employed,Graduate,4,0.0,False,True,Skill India,Employment,False,436
19,Female,Kerala,ST,5890.96,Student,Student,Higher Secondary,3,0.0,False,True,PM Kisan,Agriculture,False,437
19,Female,Kerala,ST,5890.96,Student,Student,Higher Secondary,3,0.0,False,True,Post Matric Scholarship,Education,True,437
19,Female,Kerala,ST,5890.96,Student,Student,Higher Secondary,3,0.0,False,True,Ayushman Bharat,Healthcare,False,437
19,Female,Kerala,ST,5890.96,Student,Student,Higher Secondary,3,0.0,False,True,PM Awas Yojana,Housing,False,437
19,Female,Kerala,ST,5890.96,Student,Student,Higher Secondary,3,0.0,False,True,Skill India,Employment,True,437
19,Female,Delhi,OBC,43313.98,Student,Student,Higher Secondary,5,0.0,False,True,PM Kisan,Agriculture,False,438
19,Female,Delhi,OBC,43313.98,Student,Student,Higher Secondary,5,0.0,False,True,Post Matric Scholarship,Education,True,438
19,Female,Delhi,OBC,43313.98,Student,Student,Higher Secondary,5,0.0,False,True,Ayushman Bharat,Healthcare,False,438
19,Female,Delhi,OBC,43313.98,Student,Student,Higher Secondary,5,0.0,False,True,PM Awas Yojana,Housing,False,438
19,Female,Delhi,OBC,43313.98,Student,Student,Higher Secondary,5,0.0,False,True,Skill India,Employment,True,438
30,Female,Kerala,OBC,0.0,Homemaker,Unemployed,Primary,6,2.05,True,False,PM Kisan,Agriculture,False,439
30,Female,Kerala,OBC,0.0,Homemaker,Unemployed,Primary,6,2.05,True,False,Post Matric Scholarship,Education,False,439
30,Female,Kerala,OBC,0.0,Homemaker,Unemployed,Primary,6,2.05,True,False,Ayushman Bharat,Healthcare,True,439
30,Female,Kerala,OBC,0.0,Homemaker,Unemployed,Primary,6,2.05,True,False,PM Awas Yojana,Housing,True,439
30,Female,Kerala,OBC,0.0,Homemaker,Unemployed,Primary,6,2.05,True,False,Skill India,Employment,False,439
42,Other,Kerala,General,137493.95,Farmer,Self-Employed,Secondary,6,7.95,True,False,PM Kisan,Agriculture,True,440
42,Other,Kerala,General,137493.95,Farmer,Self-Employed,Secondary,6,7.95,True,False,Post Matric Scholarship,Education,False,440
42,Other,Kerala,General,137493.95,Farmer,Self-Employed,Secondary,6,7.95,True,False,Ayushman Bharat,Healthcare,True,440
42,Other,Kerala,General,137493.95,Farmer,Self-Employed,Secondary,6,7.95,True,False,PM Awas Yojana,Housing,True,440
42,Other,Kerala,General,137493.95,Farmer,Self-Employed,Secondary,6,7.95,True,False,Skill India,Employment,False,440
33,Male,Karnataka,OBC,639452.72,Government Employee,Employed,Post Graduate,4,0.0,False,False,PM Kisan,Agriculture,False,441
33,Male,Karnataka,OBC,639452.72,Government Employee,Employed,Post Graduate,4,0.0,False,False,Post Matric Scholarship,Education,False,441
33,Male,Karnataka,OBC,639452.72,Government Employee,Employed,Post Graduate,4,0.0,False,False,Ayushman Bharat,Healthcare,False,441
33,Male,Karnataka,OBC,639452.72,Government Employee,Employed,Post Graduate,4,0.0,False,False,PM Awas Yojana,Housing,False,441
33,Male,Karnataka,OBC,639452.72,Government Employee,Employed,Post Graduate,4,0.0,False,False,Skill India,Employment,False,441
23,Female,Maharashtra,ST,91077.21,Unemployed,Unemployed,Graduate,3,0.0,False,False,PM Kisan,Agriculture,False,442
23,Female,Maharashtra,ST,91077.21,Unemployed,Unemployed,Graduate,3,0.0,False,False,Post Matric Scholarship,Education,False,442
23,Female,Maharashtra,ST,91077.21,Unemployed,Unemployed,Graduate,3,0.0,False,False,Ayushman Bharat,Healthcare,False,442
23,Female,Maharashtra,ST,91077.21,Unemployed,Unemployed,Graduate,3,0.0,False,False,PM Awas Yojana,Housing,False,442
23,Female,Maharashtra,ST,91077.21,Unemployed,Unemployed,Graduate,3,0.0,False,False,Skill India,Employment,True,442
43,Male,Karnataka,OBC,723304.24,Government Employee,Employed,Post Graduate,3,0.0,False,False,PM Kisan,Agriculture,False,443
43,Male,Karnataka,OBC,723304.24,Government Employee,Employed,Post Graduate,3,0.0,False,False,Post Matric Scholarship,Education,False,443
43,Male,Karnataka,OBC,723304.24,Government Employee,Employed,Post Graduate,3,0.0,False,False,Ayushman Bharat,Healthcare,False,443
43,Male,Karnataka,OBC,723304.24,Government Employee,Employed,Post Graduate,3,0.0,False,False,PM Awas Yojana,Housing,False,443
43,Male,Karnataka,OBC,723304.24,Government Employee,Employed,Post Graduate,3,0.0,False,False,Skill India,Employment,False,443
19,Female,Tamil Nadu,OBC,8957.27,Student,Student,Graduate,3,0.0,True,False,PM Kisan,Agriculture,False,444
19,Female,Tamil Nadu,OBC,8957.27,Student,Student,Graduate,3,0.0,True,False,Post Matric Scholarship,Education,True,444
19,Female,Tamil Nadu,OBC,8957.27,Student,Student,Graduate,3,0.0,True,False,Ayushman Bharat,Healthcare,True,444
19,Female,Tamil Nadu,OBC,8957.27,Student,Student,Graduate,3,0.0,True,False,PM Awas Yojana,Housing,True,444
19,Female,Tamil Nadu,OBC,8957.27,Student,Student,Graduate,3,0.0,True,False,Skill India,Employment,True,444
31,Female,Delhi,OBC,1090335.79,Government Employee,Employed,Graduate,3,0.0,False,False,PM Kisan,Agriculture,False,445
31,Female,Delhi,OBC,1090335.79,Government Employee,Employed,Graduate,3,0.0,False,False,Post Matric Scholarship,Education,False,445
31,Female,Delhi,OBC,1090335.79,Government Employee,Employed,Graduate,3,0.0,False,False,Ayushman Bharat,Healthcare,False,445
31,Female,Delhi,OBC,1090335.79,Government Employee,Employed,Graduate,3,0.0,False,False,PM Awas Yojana,Housing,False,445
31,Female,Delhi,OBC,1090335.79,Government Employee,Employed,Graduate,3,0.0,False,False,Skill India,Employment,False,445
38,Other,Delhi,SC,882337.18,Private Employee,Employed,Post Graduate,3,0.0,False,True,PM Kisan,Agriculture,False,446
38,Other,Delhi,SC,882337.18,Private Employee,Employed,Post Graduate,3,0.0,False,True,Post Matric Scholarship,Education,False,446
38,Other,Delhi,SC,882337.18,Private Employee,Employed,Post Graduate,3,0.0,False,True,Ayushman Bharat,Healthcare,False,446
38,Other,Delhi,SC,882337.18,Private Employee,Employed,Post Graduate,3,0.0,False,True,PM Awas Yojana,Housing,False,446
38,Other,Delhi,SC,882337.18,Private Employee,Employed,Post Graduate,3,0.0,False,True,Skill India,Employment,False,446
21,Other,Delhi,OBC,54741.26,Unemployed,Unemployed,Secondary,5,0.0,False,False,PM Kisan,Agriculture,False,447
21,Other,Delhi,OBC,54741.26,Unemployed,Unemployed,Secondary,5,0.0,False,False,Post Matric Scholarship,Education,False,447
21,Other,Delhi,OBC,54741.26,Unemployed,Unemployed,Secondary,5,0.0,False,False,Ayushman Bharat,Healthcare,False,447
21,Other,Delhi,OBC,54741.26,Unemployed,Unemployed,Secondary,5,0.0,False,False,PM Awas Yojana,Housing,False,447
21,Other,Delhi,OBC,54741.26,Unemployed,Unemployed,Secondary,5,0.0,False,False,Skill India,Employment,True,447
64,Female,Delhi,OBC,531286.5,Retired,Retired,Graduate,6,4.83,False,False,PM Kisan,Agriculture,False,448
64,Female,Delhi,OBC,531286.5,Retired,Retired,Graduate,6,4.83,False,False,Post Matric Scholarship,Education,False,448
64,Female,Delhi,OBC,531286.5,Retired,Retired,Graduate,6,4.83,False,False,Ayushman Bharat,Healthcare,False,448
64,Female,Delhi,OBC,531286.5,Retired,Retired,Graduate,6,4.83,False,False,PM Awas Yojana,Housing,False,448
64,Female,Delhi,OBC,531286.5,Retired,Retired,Graduate,6,4.83,False,False,Skill India,Employment,False,448
47,Female,Delhi,ST,51754.81,Unemployed,Unemployed,Secondary,6,0.0,False,False,PM Kisan,Agriculture,False,449
47,Female,Delhi,ST,51754.81,Unemployed,Unemployed,Secondary,6,0.0,False,False,Post Matric Scholarship,Education,False,449
47,Female,Delhi,ST,51754.81,Unemployed,Unemployed,Secondary,6,0.0,False,False,Ayushman Bharat,Healthcare,False,449
47,Female,Delhi,ST,51754.81,Unemployed,Unemployed,Secondary,6,0.0,False,False,PM Awas Yojana,Housing,False,449
47,Female,Delhi,ST,51754.81,Unemployed,Unemployed,Secondary,6,0.0,False,False,Skill India,Employment,True,449
38,Other,Maharashtra,General,453591.4,Farmer,Self-Employed,Secondary,4,6.03,True,False,PM Kisan,Agriculture,False,450
38,Other,Maharashtra,General,453591.4,Farmer,Self-Employed,Secondary,4,6.03,True,False,Post Matric Scholarship,Education,False,450
38,Other,Maharashtra,General,453591.4,Farmer,Self-Employed,Secondary,4,6.03,True,False,Ayushman Bharat,Healthcare,False,450
38,Other,Maharashtra,General,453591.4,Farmer,Self-Employed,Secondary,4,6.03,True,False,PM Awas Yojana,Housing,False,450
38,Other,Maharashtra,General,453591.4,Farmer,Self-Employed,Secondary,4,6.03,True,False,Skill India,Employment,False,450
25,Female,Maharashtra,ST,71311.19,Farmer,Self-Employed,Secondary,6,6.53,False,True,PM Kisan,Agriculture,True,451
25,Female,Maharashtra,ST,71311.19,Farmer,Self-Employed,Secondary,6,6.53,False,True,Post Matric Scholarship,Education,False,451
25,Female,Maharashtra,ST,71311.19,Farmer,Self-Employed,Secondary,6,6.53,False,True,Ayushman Bharat,Healthcare,False,451
25,Female,Maharashtra,ST,71311.19,Farmer,Self-Employed,Secondary,6,6.53,False,True,PM Awas Yojana,Housing,False,451
25,Female,Maharashtra,ST,71311.19,Farmer,Self-Employed,Secondary,6,6.53,False,True,Skill India,Employment,False,451
27,Female,Karnataka,SC,47789.96,Unemployed,Unemployed,Primary,5,0.0,False,False,PM Kisan,Agriculture,False,452
27,Female,Karnataka,SC,47789.96,Unemployed,Unemployed,Primary,5,0.0,False,False,Post Matric Scholarship,Education,False,452
27,Female,Karnataka,SC,47789.96,Unemployed,Unemployed,Primary,5,0.0,False,False,Ayushman Bharat,Healthcare,False,452
27,Female,Karnataka,SC,47789.96,Unemployed,Unemployed,Primary,5,0.0,False,False,PM Awas Yojana,Housing,False,452
27,Female,Karnataka,SC,47789.96,Unemployed,Unemployed,Primary,5,0.0,False,False,Skill India,Employment,False,452
57,Male,Delhi,OBC,0.0,Homemaker,Unemployed,Primary,5,0.94,True,True,PM Kisan,Agriculture,False,453
57,Male,Delhi,OBC,0.0,Homemaker,Unemployed,Primary,5,0.94,True,True,Post Matric Scholarship,Education,False,453
57,Male,Delhi,OBC,0.0,Homemaker,Unemployed,Primary,5,0.94,True,True,Ayushman Bharat,Healthcare,True,453
57,Male,Delhi,OBC,0.0,Homemaker,Unemployed,Primary,5,0.94,True,True,PM Awas Yojana,Housing,True,453
57,Male,Delhi,OBC,0.0,Homemaker,Unemployed,Primary,5,0.94,True,True,Skill India,Employment,False,453
25,Male,Tamil Nadu,ST,1141476.03,Private Employee,Employed,Post Graduate,5,0.0,False,True,PM Kisan,Agriculture,False,454
25,Male,Tamil Nadu,ST,1141476.03,Private Employee,Employed,Post Graduate,5,0.0,False,True,Post Matric Scholarship,Education,False,454
25,Male,Tamil Nadu,ST,1141476.03,Private Employee,Employed,Post Graduate,5,0.0,False,True,Ayushman Bharat,Healthcare,False,454
25,Male,Tamil Nadu,ST,1141476.03,Private Employee,Employed,Post Graduate,5,0.0,False,True,PM Awas Yojana,Housing,False,454
25,Male,Tamil Nadu,ST,1141476.03,Private Employee,Employed,Post Graduate,5,0.0,False,True,Skill India,Employment,False,454
58,Male,Karnataka,ST,73835.1,Farmer,Self-Employed,Secondary,4,4.29,False,True,PM Kisan,Agriculture,True,455
58,Male,Karnataka,ST,73835.1,Farmer,Self-Employed,Secondary,4,4.29,False,True,Post Matric Scholarship,Education,False,455
58,Male,Karnataka,ST,73835.1,Farmer,Self-Employed,Secondary,4,4.29,False,True,Ayushman Bharat,Healthcare,False,455
58,Male,Karnataka,ST,73835.1,Farmer,Self-Employed,Secondary,4,4.29,False,True,PM Awas Yojana,Housing,False,455
58,Male,Karnataka,ST,73835.1,Farmer,Self-Employed,Secondary,4,4.29,False,True,Skill India,Employment,False,455
35,Other,Tamil Nadu,OBC,0.0,Homemaker,Unemployed,Higher Secondary,5,0.83,False,False,PM Kisan,Agriculture,False,456
35,Other,Tamil Nadu,OBC,0.0,Homemaker,Unemployed,Higher Secondary,5,0.83,False,False,Post Matric Scholarship,Education,False,456
35,Other,Tamil Nadu,OBC,0.0,Homemaker,Unemployed,Higher Secondary,5,0.83,False,False,Ayushman Bharat,Healthcare,False,456
35,Other,Tamil Nadu,OBC,0.0,Homemaker,Unemployed,Higher Secondary,5,0.83,False,False,PM Awas Yojana,Housing,False,456
35,Other,Tamil Nadu,OBC,0.0,Homemaker,Unemployed,Higher Secondary,5,0.83,False,False,Skill India,Employment,False,456
74,Other,Karnataka,ST,251372.98,Retired,Retired,Graduate,2,3.39,False,False,PM Kisan,Agriculture,False,457
74,Other,Karnataka,ST,251372.98,Retired,Retired,Graduate,2,3.39,False,False,Post Matric Scholarship,Education,False,457
74,Other,Karnataka,ST,251372.98,Retired,Retired,Graduate,2,3.39,False,False,Ayushman Bharat,Healthcare,False,457
74,Other,Karnataka,ST,251372.98,Retired,Retired,Graduate,2,3.39,False,False,PM Awas Yojana,Housing,False,457
74,Other,Karnataka,ST,251372.98,Retired,Retired,Graduate,2,3.39,False,False,Skill India,Employment,False,457
23,Female,Kerala,SC,0.0,Homemaker,Unemployed,Graduate,3,1.04,True,False,PM Kisan,Agriculture,False,458
23,Female,Kerala,SC,0.0,Homemaker,Unemployed,Graduate,3,1.04,True,False,Post Matric Scholarship,Education,False,458
23,Female,Kerala,SC,0.0,Homemaker,Unemployed,Graduate,3,1.04,True,False,Ayushman Bharat,Healthcare,True,458
23,Female,Kerala,SC,0.0,Homemaker,Unemployed,Graduate,3,1.04,True,False,PM Awas Yojana,Housing,True,458
23,Female,Kerala,SC,0.0,Homemaker,Unemployed,Graduate,3,1.04,True,False,Skill India,Employment,False,458
21,Other,Tamil Nadu,ST,99539.02,Student,Student,Higher Secondary,5,0.0,False,True,PM Kisan,Agriculture,False,459
21,Other,Tamil Nadu,ST,99539.02,Student,Student,Higher Secondary,5,0.0,False,True,Post Matric Scholarship,Education,True,459
21,Other,Tamil Nadu,ST,99539.02,Student,Student,Higher Secondary,5,0.0,False,True,Ayushman Bharat,Healthcare,False,459
21,Other,Tamil Nadu,ST,99539.02,Student,Student,Higher Secondary,5,0.0,False,True,PM Awas Yojana,Housing,False,459
21,Other,Tamil Nadu,ST,99539.02,Student,Student,Higher Secondary,5,0.0,False,True,Skill India,Employment,True,459
33,Male,Karnataka,SC,1243410.8,Private Employee,Employed,Diploma,5,0.0,False,True,PM Kisan,Agriculture,False,460
33,Male,Karnataka,SC,1243410.8,Private Employee,Employed,Diploma,5,0.0,False,True,Post Matric Scholarship,Education,False,460
33,Male,Karnataka,SC,1243410.8,Private Employee,Employed,Diploma,5,0.0,False,True,Ayushman Bharat,Healthcare,False,460
33,Male,Karnataka,SC,1243410.8,Private Employee,Employed,Diploma,5,0.0,False,True,PM Awas Yojana,Housing,False,460
33,Male,Karnataka,SC,1243410.8,Private Employee,Employed,Diploma,5,0.0,False,True,Skill India,Employment,False,460
36,Other,Delhi,OBC,53411.78,Farmer,Self-Employed,Higher Secondary,6,6.35,False,True,PM Kisan,Agriculture,True,461
36,Other,Delhi,OBC,53411.78,Farmer,Self-Employed,Higher Secondary,6,6.35,False,True,Post Matric Scholarship,Education,False,461
36,Other,Delhi,OBC,53411.78,Farmer,Self-Employed,Higher Secondary,6,6.35,False,True,Ayushman Bharat,Healthcare,False,461
36,Other,Delhi,OBC,53411.78,Farmer,Self-Employed,Higher Secondary,6,6.35,False,True,PM Awas Yojana,Housing,False,461
36,Other,Delhi,OBC,53411.78,Farmer,Self-Employed,Higher Secondary,6,6.35,False,True,Skill India,Employment,False,461
47,Male,Tamil Nadu,ST,0.0,Homemaker,Unemployed,Primary,5,0.73,False,False,PM Kisan,Agriculture,False,462
47,Male,Tamil Nadu,ST,0.0,Homemaker,Unemployed,Primary,5,0.73,False,False,Post Matric Scholarship,Education,False,462
47,Male,Tamil Nadu,ST,0.0,Homemaker,Unemployed,Primary,5,0.73,False,False,Ayushman Bharat,Healthcare,False,462
47,Male,Tamil Nadu,ST,0.0,Homemaker,Unemployed,Primary,5,0.73,False,False,PM Awas Yojana,Housing,False,462
47,Male,Tamil Nadu,ST,0.0,Homemaker,Unemployed,Primary,5,0.73,False,False,Skill India,Employment,False,462
22,Female,Maharashtra,OBC,0.0,Homemaker,Unemployed,Higher Secondary,8,2.95,False,False,PM Kisan,Agriculture,False,463
22,Female,Maharashtra,OBC,0.0,Homemaker,Unemployed,Higher Secondary,8,2.95,False,False,Post Matric Scholarship,Education,False,463
22,Female,Maharashtra,OBC,0.0,Homemaker,Unemployed,Higher Secondary,8,2.95,False,False,Ayushman Bharat,Healthcare,False,463
22,Female,Maharashtra,OBC,0.0,Homemaker,Unemployed,Higher Secondary,8,2.95,False,False,PM Awas Yojana,Housing,False,463
22,Female,Maharashtra,OBC,0.0,Homemaker,Unemployed,Higher Secondary,8,2.95,False,False,Skill India,Employment,False,463
21,Other,Delhi,ST,49908.32,Student,Student,Graduate,5,0.0,False,False,PM Kisan,Agriculture,False,464
21,Other,Delhi,ST,49908.32,Student,Student,Graduate,5,0.0,False,False,Post Matric Scholarship,Education,True,464
21,Other,Delhi,ST,49908.32,Student,Student,Graduate,5,0.0,False,False,Ayushman Bharat,Healthcare,False,464
21,Other,Delhi,ST,49908.32,Student,Student,Graduate,5,0.0,False,False,PM Awas Yojana,Housing,False,464
21,Other,Delhi,ST,49908.32,Student,Student,Graduate,5,0.0,False,False,Skill India,Employment,True,464
41,Other,Maharashtra,ST,92964.81,Unemployed,Unemployed,Graduate,7,0.0,False,False,PM Kisan,Agriculture,False,465
41,Other,Maharashtra,ST,92964.81,Unemployed,Unemployed,Graduate,7,0.0,False,False,Post Matric Scholarship,Education,False,465
41,Other,Maharashtra,ST,92964.81,Unemployed,Unemployed,Graduate,7,0.0,False,False,Ayushman Bharat,Healthcare,False,465
41,Other,Maharashtra,ST,92964.81,Unemployed,Unemployed,Graduate,7,0.0,False,False,PM Awas Yojana,Housing,False,465
41,Other,Maharashtra,ST,92964.81,Unemployed,Unemployed,Graduate,7,0.0,False,False,Skill India,Employment,True,465
20,Male,Tamil Nadu,OBC,137377.24,Student,Student,Graduate,4,0.0,False,False,PM Kisan,Agriculture,False,466
20,Male,Tamil Nadu,OBC,137377.24,Student,Student,Graduate,4,0.0,False,False,Post Matric Scholarship,Education,True,466
20,Male,Tamil Nadu,OBC,137377.24,Student,Student,Graduate,4,0.0,False,False,Ayushman Bharat,Healthcare,False,466
20,Male,Tamil Nadu,OBC,137377.24,Student,Student,Graduate,4,0.0,False,False,PM Awas Yojana,Housing,False,466
20,Male,Tamil Nadu,OBC,137377.24,Student,Student,Graduate,4,0.0,False,False,Skill India,Employment,True,466
47,Male,Karnataka,ST,895144.88,Private Employee,Employed,Graduate,3,0.0,False,True,PM Kisan,Agriculture,False,467
47,Male,Karnataka,ST,895144.88,Private Employee,Employed,Graduate,3,0.0,False,True,Post Matric Scholarship,Education,False,467
47,Male,Karnataka,ST,895144.88,Private Employee,Employed,Graduate,3,0.0,False,True,Ayushman Bharat,Healthcare,False,467
47,Male,Karnataka,ST,895144.88,Private Employee,Employed,Graduate,3,0.0,False,True,PM Awas Yojana,Housing,False,467
47,Male,Karnataka,ST,895144.88,Private Employee,Employed,Graduate,3,0.0,False,True,Skill India,Employment,False,467
50,Other,Karnataka,ST,218045.47,Farmer,Self-Employed,Primary,5,4.46,False,True,PM Kisan,Agriculture,False,468
50,Other,Karnataka,ST,218045.47,Farmer,Self-Employed,Primary,5,4.46,False,True,Post Matric Scholarship,Education,False,468
50,Other,Karnataka,ST,218045.47,Farmer,Self-Employed,Primary,5,4.46,False,True,Ayushman Bharat,Healthcare,False,468
50,Other,Karnataka,ST,218045.47,Farmer,Self-Employed,Primary,5,4.46,False,True,PM Awas Yojana,Housing,False,468
50,Other,Karnataka,ST,218045.47,Farmer,Self-Employed,Primary,5,4.46,False,True,Skill India,Employment,False,468
78,Male,Kerala,ST,170253.73,Retired,Retired,Graduate,3,2.37,False,False,PM Kisan,Agriculture,False,469
78,Male,Kerala,ST,170253.73,Retired,Retired,Graduate,3,2.37,False,False,Post Matric Scholarship,Education,False,469
78,Male,Kerala,ST,170253.73,Retired,Retired,Graduate,3,2.37,False,False,Ayushman Bharat,Healthcare,False,469
78,Male,Kerala,ST,170253.73,Retired,Retired,Graduate,3,2.37,False,False,PM Awas Yojana,Housing,False,469
78,Male,Kerala,ST,170253.73,Retired,Retired,Graduate,3,2.37,False,False,Skill India,Employment,False,469
31,Male,Karnataka,ST,240308.42,Farmer,Self-Employed,Primary,6,6.3,False,True,PM Kisan,Agriculture,False,470
31,Male,Karnataka,ST,240308.42,Farmer,Self-Employed,Primary,6,6.3,False,True,Post Matric Scholarship,Education,False,470
31,Male,Karnataka,ST,240308.42,Farmer,Self-Employed,Primary,6,6.3,False,True,Ayushman Bharat,Healthcare,False,470
31,Male,Karnataka,ST,240308.42,Farmer,Self-Employed,Primary,6,6.3,False,True,PM Awas Yojana,Housing,False,470
31,Male,Karnataka,ST,240308.42,Farmer,Self-Employed,Primary,6,6.3,False,True,Skill India,Employment,False,470
36,Other,Delhi,SC,1374659.8,Private Employee,Employed,Graduate,5,0.0,False,True,PM Kisan,Agriculture,False,471
36,Other,Delhi,SC,1374659.8,Private Employee,Employed,Graduate,5,0.0,False,True,Post Matric Scholarship,Education,False,471
36,Other,Delhi,SC,1374659.8,Private Employee,Employed,Graduate,5,0.0,False,True,Ayushman Bharat,Healthcare,False,471
36,Other,Delhi,SC,1374659.8,Private Employee,Employed,Graduate,5,0.0,False,True,PM Awas Yojana,Housing,False,471
36,Other,Delhi,SC,1374659.8,Private Employee,Employed,Graduate,5,0.0,False,True,Skill India,Employment,False,471
23,Male,Delhi,OBC,87789.12,Student,Student,Graduate,6,0.0,False,False,PM Kisan,Agriculture,False,472
23,Male,Delhi,OBC,87789.12,Student,Student,Graduate,6,0.0,False,False,Post Matric Scholarship,Education,True,472
23,Male,Delhi,OBC,87789.12,Student,Student,Graduate,6,0.0,False,False,Ayushman Bharat,Healthcare,False,472
23,Male,Delhi,OBC,87789.12,Student,Student,Graduate,6,0.0,False,False,PM Awas Yojana,Housing,False,472
23,Male,Delhi,OBC,87789.12,Student,Student,Graduate,6,0.0,False,False,Skill India,Employment,True,472
40,Female,Delhi,ST,0.0,Homemaker,Unemployed,Graduate,5,2.18,True,False,PM Kisan,Agriculture,False,473
40,Female,Delhi,ST,0.0,Homemaker,Unemployed,Graduate,5,2.18,True,False,Post Matric Scholarship,Education,False,473
40,Female,Delhi,ST,0.0,Homemaker,Unemployed,Graduate,5,2.18,True,False,Ayushman Bharat,Healthcare,True,473
40,Female,Delhi,ST,0.0,Homemaker,Unemployed,Graduate,5,2.18,True,False,PM Awas Yojana,Housing,True,473
40,Female,Delhi,ST,0.0,Homemaker,Unemployed,Graduate,5,2.18,True,False,Skill India,Employment,False,473
18,Female,Karnataka,OBC,89384.63,Student,Unemployed,Diploma,4,0.0,False,True,PM Kisan,Agriculture,False,474
18,Female,Karnataka,OBC,89384.63,Student,Unemployed,Diploma,4,0.0,False,True,Post Matric Scholarship,Education,False,474
18,Female,Karnataka,OBC,89384.63,Student,Unemployed,Diploma,4,0.0,False,True,Ayushman Bharat,Healthcare,False,474
18,Female,Karnataka,OBC,89384.63,Student,Unemployed,Diploma,4,0.0,False,True,PM Awas Yojana,Housing,False,474
18,Female,Karnataka,OBC,89384.63,Student,Unemployed,Diploma,4,0.0,False,True,Skill India,Employment,False,474
23,Female,Karnataka,SC,16546.82,Student,Student,Higher Secondary,6,0.0,False,False,PM Kisan,Agriculture,False,475
23,Female,Karnataka,SC,16546.82,Student,Student,Higher Secondary,6,0.0,False,False,Post Matric Scholarship,Education,True,475
23,Female,Karnataka,SC,16546.82,Student,Student,Higher Secondary,6,0.0,False,False,Ayushman Bharat,Healthcare,False,475
23,Female,Karnataka,SC,16546.82,Student,Student,Higher Secondary,6,0.0,False,False,PM Awas Yojana,Housing,False,475
23,Female,Karnataka,SC,16546.82,Student,Student,Higher Secondary,6,0.0,False,False,Skill India,Employment,True,475
31,Male,Kerala,OBC,219902.59,Farmer,Self-Employed,Higher Secondary,5,2.44,False,False,PM Kisan,Agriculture,False,476
31,Male,Kerala,OBC,219902.59,Farmer,Self-Employed,Higher Secondary,5,2.44,False,False,Post Matric Scholarship,Education,False,476
31,Male,Kerala,OBC,219902.59,Farmer,Self-Employed,Higher Secondary,5,2.44,False,False,Ayushman Bharat,Healthcare,False,476
31,Male,Kerala,OBC,219902.59,Farmer,Self-Employed,Higher Secondary,5,2.44,False,False,PM Awas Yojana,Housing,False,476
31,Male,Kerala,OBC,219902.59,Farmer,Self-Employed,Higher Secondary,5,2.44,False,False,Skill India,Employment,False,476
36,Female,Maharashtra,OBC,1427064.66,Private Employee,Employed,Graduate,6,0.0,False,True,PM Kisan,Agriculture,False,477
36,Female,Maharashtra,OBC,1427064.66,Private Employee,Employed,Graduate,6,0.0,False,True,Post Matric Scholarship,Education,False,477
36,Female,Maharashtra,OBC,1427064.66,Private Employee,Employed,Graduate,6,0.0,False,True,Ayushman Bharat,Healthcare,False,477
36,Female,Maharashtra,OBC,1427064.66,Private Employee,Employed,Graduate,6,0.0,False,True,PM Awas Yojana,Housing,False,477
36,Female,Maharashtra,OBC,1427064.66,Private Employee,Employed,Graduate,6,0.0,False,True,Skill India,Employment,False,477
19,Male,Tamil Nadu,OBC,93073.2,Student,Student,Diploma,4,0.0,False,True,PM Kisan,Agriculture,False,478
19,Male,Tamil Nadu,OBC,93073.2,Student,Student,Diploma,4,0.0,False,True,Post Matric Scholarship,Education,False,478
19,Male,Tamil Nadu,OBC,93073.2,Student,Student,Diploma,4,0.0,False,True,Ayushman Bharat,Healthcare,False,478
19,Male,Tamil Nadu,OBC,93073.2,Student,Student,Diploma,4,0.0,False,True,PM Awas Yojana,Housing,False,478
19,Male,Tamil Nadu,OBC,93073.2,Student,Student,Diploma,4,0.0,False,True,Skill India,Employment,False,478
21,Male,Karnataka,ST,431050.67,Private Employee,Employed,Graduate,2,0.0,False,False,PM Kisan,Agriculture,False,479
21,Male,Karnataka,ST,431050.67,Private Employee,Employed,Graduate,2,0.0,False,False,Post Matric Scholarship,Education,False,479
21,Male,Karnataka,ST,431050.67,Private Employee,Employed,Graduate,2,0.0,False,False,Ayushman Bharat,Healthcare,False,479
21,Male,Karnataka,ST,431050.67,Private Employee,Employed,Graduate,2,0.0,False,False,PM Awas Yojana,Housing,False,479
21,Male,Karnataka,ST,431050.67,Private Employee,Employed,Graduate,2,0.0,False,False,Skill India,Employment,False,479
58,Other,Delhi,General,1110445.79,Government Employee,Employed,Graduate,4,0.0,False,False,PM Kisan,Agriculture,False,480
58,Other,Delhi,General,1110445.79,Government Employee,Employed,Graduate,4,0.0,False,False,Post Matric Scholarship,Education,False,480
58,Other,Delhi,General,1110445.79,Government Employee,Employed,Graduate,4,0.0,False,False,Ayushman Bharat,Healthcare,False,480
58,Other,Delhi,General,1110445.79,Government Employee,Employed,Graduate,4,0.0,False,False,PM Awas Yojana,Housing,False,480
58,Other,Delhi,General,1110445.79,Government Employee,Employed,Graduate,4,0.0,False,False,Skill India,Employment,False,480
47,Female,Kerala,SC,109207.93,Farmer,Self-Employed,Higher Secondary,5,7.67,False,False,PM Kisan,Agriculture,True,481
47,Female,Kerala,SC,109207.93,Farmer,Self-Employed,Higher Secondary,5,7.67,False,False,Post Matric Scholarship,Education,False,481
47,Female,Kerala,SC,109207.93,Farmer,Self-Employed,Higher Secondary,5,7.67,False,False,Ayushman Bharat,Healthcare,False,481
47,Female,Kerala,SC,109207.93,Farmer,Self-Employed,Higher Secondary,5,7.67,False,False,PM Awas Yojana,Housing,False,481
47,Female,Kerala,SC,109207.93,Farmer,Self-Employed,Higher Secondary,5,7.67,False,False,Skill India,Employment,False,481
55,Male,Karnataka,General,1143821.11,Private Employee,Employed,Diploma,6,0.0,False,False,PM Kisan,Agriculture,False,482
55,Male,Karnataka,General,1143821.11,Private Employee,Employed,Diploma,6,0.0,False,False,Post Matric Scholarship,Education,False,482
55,Male,Karnataka,General,1143821.11,Private Employee,Employed,Diploma,6,0.0,False,False,Ayushman Bharat,Healthcare,False,482
55,Male,Karnataka,General,1143821.11,Private Employee,Employed,Diploma,6,0.0,False,False,PM Awas Yojana,Housing,False,482
55,Male,Karnataka,General,1143821.11,Private Employee,Employed,Diploma,6,0.0,False,False,Skill India,Employment,False,482
21,Other,Maharashtra,ST,60429.86,Student,Student,Higher Secondary,3,0.0,False,False,PM Kisan,Agriculture,False,483
21,Other,Maharashtra,ST,60429.86,Student,Student,Higher Secondary,3,0.0,False,False,Post Matric Scholarship,Education,True,483
21,Other,Maharashtra,ST,60429.86,Student,Student,Higher Secondary,3,0.0,False,False,Ayushman Bharat,Healthcare,False,483
21,Other,Maharashtra,ST,60429.86,Student,Student,Higher Secondary,3,0.0,False,False,PM Awas Yojana,Housing,False,483
21,Other,Maharashtra,ST,60429.86,Student,Student,Higher Secondary,3,0.0,False,False,Skill India,Employment,True,483
37,Other,Karnataka,ST,835752.91,Government Employee,Employed,Graduate,3,0.0,False,True,PM Kisan,Agriculture,False,484
37,Other,Karnataka,ST,835752.91,Government Employee,Employed,Graduate,3,0.0,False,True,Post Matric Scholarship,Education,False,484
37,Other,Karnataka,ST,835752.91,Government Employee,Employed,Graduate,3,0.0,False,True,Ayushman Bharat,Healthcare,False,484
37,Other,Karnataka,ST,835752.91,Government Employee,Employed,Graduate,3,0.0,False,True,PM Awas Yojana,Housing,False,484
37,Other,Karnataka,ST,835752.91,Government Employee,Employed,Graduate,3,0.0,False,True,Skill India,Employment,False,484
41,Other,Karnataka,OBC,570975.94,Government Employee,Employed,Post Graduate,4,0.0,False,False,PM Kisan,Agriculture,False,485
41,Other,Karnataka,OBC,570975.94,Government Employee,Employed,Post Graduate,4,0.0,False,False,Post Matric Scholarship,Education,False,485
41,Other,Karnataka,OBC,570975.94,Government Employee,Employed,Post Graduate,4,0.0,False,False,Ayushman Bharat,Healthcare,False,485
41,Other,Karnataka,OBC,570975.94,Government Employee,Employed,Post Graduate,4,0.0,False,False,PM Awas Yojana,Housing,False,485
41,Other,Karnataka,OBC,570975.94,Government Employee,Employed,Post Graduate,4,0.0,False,False,Skill India,Employment,False,485
54,Other,Maharashtra,ST,323191.85,Private Employee,Employed,Post Graduate,3,0.0,False,True,PM Kisan,Agriculture,False,486
54,Other,Maharashtra,ST,323191.85,Private Employee,Employed,Post Graduate,3,0.0,False,True,Post Matric Scholarship,Education,False,486
54,Other,Maharashtra,ST,323191.85,Private Employee,Employed,Post Graduate,3,0.0,False,True,Ayushman Bharat,Healthcare,False,486
54,Other,Maharashtra,ST,323191.85,Private Employee,Employed,Post Graduate,3,0.0,False,True,PM Awas Yojana,Housing,False,486
54,Other,Maharashtra,ST,323191.85,Private Employee,Employed,Post Graduate,3,0.0,False,True,Skill India,Employment,False,486
18,Female,Tamil Nadu,SC,95294.26,Unemployed,Unemployed,Secondary,5,0.0,True,False,PM Kisan,Agriculture,False,487
18,Female,Tamil Nadu,SC,95294.26,Unemployed,Unemployed,Secondary,5,0.0,True,False,Post Matric Scholarship,Education,False,487
18,Female,Tamil Nadu,SC,95294.26,Unemployed,Unemployed,Secondary,5,0.0,True,False,Ayushman Bharat,Healthcare,True,487
18,Female,Tamil Nadu,SC,95294.26,Unemployed,Unemployed,Secondary,5,0.0,True,False,PM Awas Yojana,Housing,True,487
18,Female,Tamil Nadu,SC,95294.26,Unemployed,Unemployed,Secondary,5,0.0,True,False,Skill India,Employment,True,487
48,Other,Kerala,SC,644198.58,Private Employee,Employed,Post Graduate,6,0.0,False,False,PM Kisan,Agriculture,False,488
48,Other,Kerala,SC,644198.58,Private Employee,Employed,Post Graduate,6,0.0,False,False,Post Matric Scholarship,Education,False,488
48,Other,Kerala,SC,644198.58,Private Employee,Employed,Post Graduate,6,0.0,False,False,Ayushman Bharat,Healthcare,False,488
48,Other,Kerala,SC,644198.58,Private Employee,Employed,Post Graduate,6,0.0,False,False,PM Awas Yojana,Housing,False,488
48,Other,Kerala,SC,644198.58,Private Employee,Employed,Post Graduate,6,0.0,False,False,Skill India,Employment,False,488
61,Female,Maharashtra,General,125469.29,Farmer,Self-Employed,Higher Secondary,4,4.1,False,False,PM Kisan,Agriculture,True,489
61,Female,Maharashtra,General,125469.29,Farmer,Self-Employed,Higher Secondary,4,4.1,False,False,Post Matric Scholarship,Education,False,489
61,Female,Maharashtra,General,125469.29,Farmer,Self-Employed,Higher Secondary,4,4.1,False,False,Ayushman Bharat,Healthcare,False,489
61,Female,Maharashtra,General,125469.29,Farmer,Self-Employed,Higher Secondary,4,4.1,False,False,PM Awas Yojana,Housing,False,489
61,Female,Maharashtra,General,125469.29,Farmer,Self-Employed,Higher Secondary,4,4.1,False,False,Skill India,Employment,False,489
21,Female,Kerala,General,458127.15,Private Employee,Employed,Diploma,4,0.0,False,True,PM Kisan,Agriculture,False,490
21,Female,Kerala,General,458127.15,Private Employee,Employed,Diploma,4,0.0,False,True,Post Matric Scholarship,Education,False,490
21,Female,Kerala,General,458127.15,Private Employee,Employed,Diploma,4,0.0,False,True,Ayushman Bharat,Healthcare,False,490
21,Female,Kerala,General,458127.15,Private Employee,Employed,Diploma,4,0.0,False,True,PM Awas Yojana,Housing,False,490
21,Female,Kerala,General,458127.15,Private Employee,Employed,Diploma,4,0.0,False,True,Skill India,Employment,False,490
62,Female,Tamil Nadu,ST,329441.45,Farmer,Self-Employed,Higher Secondary,5,7.02,False,True,PM Kisan,Agriculture,False,491
62,Female,Tamil Nadu,ST,329441.45,Farmer,Self-Employed,Higher Secondary,5,7.02,False,True,Post Matric Scholarship,Education,False,491
62,Female,Tamil Nadu,ST,329441.45,Farmer,Self-Employed,Higher Secondary,5,7.02,False,True,Ayushman Bharat,Healthcare,False,491
62,Female,Tamil Nadu,ST,329441.45,Farmer,Self-Employed,Higher Secondary,5,7.02,False,True,PM Awas Yojana,Housing,False,491
62,Female,Tamil Nadu,ST,329441.45,Farmer,Self-Employed,Higher Secondary,5,7.02,False,True,Skill India,Employment,False,491
30,Female,Kerala,General,104062.17,Farmer,Self-Employed,Primary,4,1.65,False,True,PM Kisan,Agriculture,True,492
30,Female,Kerala,General,104062.17,Farmer,Self-Employed,Primary,4,1.65,False,True,Post Matric Scholarship,Education,False,492
30,Female,Kerala,General,104062.17,Farmer,Self-Employed,Primary,4,1.65,False,True,Ayushman Bharat,Healthcare,False,492
30,Female,Kerala,General,104062.17,Farmer,Self-Employed,Primary,4,1.65,False,True,PM Awas Yojana,Housing,False,492
30,Female,Kerala,General,104062.17,Farmer,Self-Employed,Primary,4,1.65,False,True,Skill India,Employment,False,492
23,Female,Karnataka,OBC,113866.39,Student,Student,Diploma,5,0.0,False,True,PM Kisan,Agriculture,False,493
23,Female,Karnataka,OBC,113866.39,Student,Student,Diploma,5,0.0,False,True,Post Matric Scholarship,Education,False,493
23,Female,Karnataka,OBC,113866.39,Student,Student,Diploma,5,0.0,False,True,Ayushman Bharat,Healthcare,False,493
23,Female,Karnataka,OBC,113866.39,Student,Student,Diploma,5,0.0,False,True,PM Awas Yojana,Housing,False,493
23,Female,Karnataka,OBC,113866.39,Student,Student,Diploma,5,0.0,False,True,Skill India,Employment,False,493
20,Other,Kerala,SC,116932.69,Student,Student,Graduate,3,0.0,False,False,PM Kisan,Agriculture,False,494
20,Other,Kerala,SC,116932.69,Student,Student,Graduate,3,0.0,False,False,Post Matric Scholarship,Education,True,494
20,Other,Kerala,SC,116932.69,Student,Student,Graduate,3,0.0,False,False,Ayushman Bharat,Healthcare,False,494
20,Other,Kerala,SC,116932.69,Student,Student,Graduate,3,0.0,False,False,PM Awas Yojana,Housing,False,494
20,Other,Kerala,SC,116932.69,Student,Student,Graduate,3,0.0,False,False,Skill India,Employment,True,494
62,Other,Kerala,ST,510897.38,Retired,Retired,Secondary,3,0.57,False,True,PM Kisan,Agriculture,False,495
62,Other,Kerala,ST,510897.38,Retired,Retired,Secondary,3,0.57,False,True,Post Matric Scholarship,Education,False,495
62,Other,Kerala,ST,510897.38,Retired,Retired,Secondary,3,0.57,False,True,Ayushman Bharat,Healthcare,False,495
62,Other,Kerala,ST,510897.38,Retired,Retired,Secondary,3,0.57,False,True,PM Awas Yojana,Housing,False,495
62,Other,Kerala,ST,510897.38,Retired,Retired,Secondary,3,0.57,False,True,Skill India,Employment,False,495
34,Female,Tamil Nadu,ST,933581.15,Government Employee,Employed,Graduate,6,0.0,False,True,PM Kisan,Agriculture,False,496
34,Female,Tamil Nadu,ST,933581.15,Government Employee,Employed,Graduate,6,0.0,False,True,Post Matric Scholarship,Education,False,496
34,Female,Tamil Nadu,ST,933581.15,Government Employee,Employed,Graduate,6,0.0,False,True,Ayushman Bharat,Healthcare,False,496
34,Female,Tamil Nadu,ST,933581.15,Government Employee,Employed,Graduate,6,0.0,False,True,PM Awas Yojana,Housing,False,496
34,Female,Tamil Nadu,ST,933581.15,Government Employee,Employed,Graduate,6,0.0,False,True,Skill India,Employment,False,496
32,Other,Tamil Nadu,ST,697234.01,Private Employee,Employed,Diploma,6,0.0,False,True,PM Kisan,Agriculture,False,497
32,Other,Tamil Nadu,ST,697234.01,Private Employee,Employed,Diploma,6,0.0,False,True,Post Matric Scholarship,Education,False,497
32,Other,Tamil Nadu,ST,697234.01,Private Employee,Employed,Diploma,6,0.0,False,True,Ayushman Bharat,Healthcare,False,497
32,Other,Tamil Nadu,ST,697234.01,Private Employee,Employed,Diploma,6,0.0,False,True,PM Awas Yojana,Housing,False,497
32,Other,Tamil Nadu,ST,697234.01,Private Employee,Employed,Diploma,6,0.0,False,True,Skill India,Employment,False,497
31,Female,Tamil Nadu,SC,68040.02,Unemployed,Unemployed,Primary,2,0.0,False,False,PM Kisan,Agriculture,False,498
31,Female,Tamil Nadu,SC,68040.02,Unemployed,Unemployed,Primary,2,0.0,False,False,Post Matric Scholarship,Education,False,498
31,Female,Tamil Nadu,SC,68040.02,Unemployed,Unemployed,Primary,2,0.0,False,False,Ayushman Bharat,Healthcare,False,498
31,Female,Tamil Nadu,SC,68040.02,Unemployed,Unemployed,Primary,2,0.0,False,False,PM Awas Yojana,Housing,False,498
31,Female,Tamil Nadu,SC,68040.02,Unemployed,Unemployed,Primary,2,0.0,False,False,Skill India,Employment,False,498
78,Other,Maharashtra,OBC,499349.33,Retired,Retired,Post Graduate,5,1.07,False,True,PM Kisan,Agriculture,False,499
78,Other,Maharashtra,OBC,499349.33,Retired,Retired,Post Graduate,5,1.07,False,True,Post Matric Scholarship,Education,False,499
78,Other,Maharashtra,OBC,499349.33,Retired,Retired,Post Graduate,5,1.07,False,True,Ayushman Bharat,Healthcare,False,499
78,Other,Maharashtra,OBC,499349.33,Retired,Retired,Post Graduate,5,1.07,False,True,PM Awas Yojana,Housing,False,499
78,Other,Maharashtra,OBC,499349.33,Retired,Retired,Post Graduate,5,1.07,False,True,Skill India,Employment,False,499
55,Female,Delhi,ST,260931.24,Private Employee,Employed,Graduate,2,0.0,False,True,PM Kisan,Agriculture,False,500
55,Female,Delhi,ST,260931.24,Private Employee,Employed,Graduate,2,0.0,False,True,Post Matric Scholarship,Education,False,500
55,Female,Delhi,ST,260931.24,Private Employee,Employed,Graduate,2,0.0,False,True,Ayushman Bharat,Healthcare,False,500
55,Female,Delhi,ST,260931.24,Private Employee,Employed,Graduate,2,0.0,False,True,PM Awas Yojana,Housing,False,500
55,Female,Delhi,ST,260931.24,Private Employee,Employed,Graduate,2,0.0,False,True,Skill India,Employment,False,500
48,Male,Karnataka,SC,0.0,Homemaker,Unemployed,Secondary,7,1.1,False,False,PM Kisan,Agriculture,False,501
48,Male,Karnataka,SC,0.0,Homemaker,Unemployed,Secondary,7,1.1,False,False,Post Matric Scholarship,Education,False,501
48,Male,Karnataka,SC,0.0,Homemaker,Unemployed,Secondary,7,1.1,False,False,Ayushman Bharat,Healthcare,False,501
48,Male,Karnataka,SC,0.0,Homemaker,Unemployed,Secondary,7,1.1,False,False,PM Awas Yojana,Housing,False,501
48,Male,Karnataka,SC,0.0,Homemaker,Unemployed,Secondary,7,1.1,False,False,Skill India,Employment,False,501
33,Male,Karnataka,OBC,0.0,Homemaker,Unemployed,Higher Secondary,4,0.69,False,True,PM Kisan,Agriculture,False,502
33,Male,Karnataka,OBC,0.0,Homemaker,Unemployed,Higher Secondary,4,0.69,False,True,Post Matric Scholarship,Education,False,502
33,Male,Karnataka,OBC,0.0,Homemaker,Unemployed,Higher Secondary,4,0.69,False,True,Ayushman Bharat,Healthcare,False,502
33,Male,Karnataka,OBC,0.0,Homemaker,Unemployed,Higher Secondary,4,0.69,False,True,PM Awas Yojana,Housing,False,502
33,Male,Karnataka,OBC,0.0,Homemaker,Unemployed,Higher Secondary,4,0.69,False,True,Skill India,Employment,False,502
34,Female,Kerala,OBC,1207856.29,Private Employee,Employed,Graduate,6,0.0,False,True,PM Kisan,Agriculture,False,503
34,Female,Kerala,OBC,1207856.29,Private Employee,Employed,Graduate,6,0.0,False,True,Post Matric Scholarship,Education,False,503
34,Female,Kerala,OBC,1207856.29,Private Employee,Employed,Graduate,6,0.0,False,True,Ayushman Bharat,Healthcare,False,503
34,Female,Kerala,OBC,1207856.29,Private Employee,Employed,Graduate,6,0.0,False,True,PM Awas Yojana,Housing,False,503
34,Female,Kerala,OBC,1207856.29,Private Employee,Employed,Graduate,6,0.0,False,True,Skill India,Employment,False,503
27,Female,Karnataka,OBC,2195584.29,Business,Self-Employed,Graduate,6,4.77,False,True,PM Kisan,Agriculture,False,504
27,Female,Karnataka,OBC,2195584.29,Business,Self-Employed,Graduate,6,4.77,False,True,Post Matric Scholarship,Education,False,504
27,Female,Karnataka,OBC,2195584.29,Business,Self-Employed,Graduate,6,4.77,False,True,Ayushman Bharat,Healthcare,False,504
27,Female,Karnataka,OBC,2195584.29,Business,Self-Employed,Graduate,6,4.77,False,True,PM Awas Yojana,Housing,False,504
27,Female,Karnataka,OBC,2195584.29,Business,Self-Employed,Graduate,6,4.77,False,True,Skill India,Employment,False,504
41,Male,Tamil Nadu,General,166980.16,Farmer,Self-Employed,Primary,6,3.81,False,False,PM Kisan,Agriculture,True,505
41,Male,Tamil Nadu,General,166980.16,Farmer,Self-Employed,Primary,6,3.81,False,False,Post Matric Scholarship,Education,False,505
41,Male,Tamil Nadu,General,166980.16,Farmer,Self-Employed,Primary,6,3.81,False,False,Ayushman Bharat,Healthcare,False,505
41,Male,Tamil Nadu,General,166980.16,Farmer,Self-Employed,Primary,6,3.81,False,False,PM Awas Yojana,Housing,False,505
41,Male,Tamil Nadu,General,166980.16,Farmer,Self-Employed,Primary,6,3.81,False,False,Skill India,Employment,False,505
20,Male,Kerala,SC,18692.87,Student,Student,Higher Secondary,5,0.0,False,False,PM Kisan,Agriculture,False,506
20,Male,Kerala,SC,18692.87,Student,Student,Higher Secondary,5,0.0,False,False,Post Matric Scholarship,Education,True,506
20,Male,Kerala,SC,18692.87,Student,Student,Higher Secondary,5,0.0,False,False,Ayushman Bharat,Healthcare,False,506
20,Male,Kerala,SC,18692.87,Student,Student,Higher Secondary,5,0.0,False,False,PM Awas Yojana,Housing,False,506
20,Male,Kerala,SC,18692.87,Student,Student,Higher Secondary,5,0.0,False,False,Skill India,Employment,True,506
24,Male,Tamil Nadu,OBC,408148.26,Private Employee,Employed,Graduate,3,0.0,False,True,PM Kisan,Agriculture,False,507
24,Male,Tamil Nadu,OBC,408148.26,Private Employee,Employed,Graduate,3,0.0,False,True,Post Matric Scholarship,Education,False,507
24,Male,Tamil Nadu,OBC,408148.26,Private Employee,Employed,Graduate,3,0.0,False,True,Ayushman Bharat,Healthcare,False,507
24,Male,Tamil Nadu,OBC,408148.26,Private Employee,Employed,Graduate,3,0.0,False,True,PM Awas Yojana,Housing,False,507
24,Male,Tamil Nadu,OBC,408148.26,Private Employee,Employed,Graduate,3,0.0,False,True,Skill India,Employment,False,507
51,Male,Delhi,SC,1980258.3,Business,Self-Employed,Graduate,2,2.67,False,True,PM Kisan,Agriculture,False,508
51,Male,Delhi,SC,1980258.3,Business,Self-Employed,Graduate,2,2.67,False,True,Post Matric Scholarship,Education,False,508
51,Male,Delhi,SC,1980258.3,Business,Self-Employed,Graduate,2,2.67,False,True,Ayushman Bharat,Healthcare,False,508
51,Male,Delhi,SC,1980258.3,Business,Self-Employed,Graduate,2,2.67,False,True,PM Awas Yojana,Housing,False,508
51,Male,Delhi,SC,1980258.3,Business,Self-Employed,Graduate,2,2.67,False,True,Skill India,Employment,False,508
44,Male,Delhi,ST,19715.41,Unemployed,Unemployed,Graduate,2,0.0,False,False,PM Kisan,Agriculture,False,509
44,Male,Delhi,ST,19715.41,Unemployed,Unemployed,Graduate,2,0.0,False,False,Post Matric Scholarship,Education,False,509
44,Male,Delhi,ST,19715.41,Unemployed,Unemployed,Graduate,2,0.0,False,False,Ayushman Bharat,Healthcare,False,509
44,Male,Delhi,ST,19715.41,Unemployed,Unemployed,Graduate,2,0.0,False,False,PM Awas Yojana,Housing,False,509
44,Male,Delhi,ST,19715.41,Unemployed,Unemployed,Graduate,2,0.0,False,False,Skill India,Employment,True,509
38,Female,Kerala,SC,230504.44,Farmer,Self-Employed,Higher Secondary,4,4.85,False,True,PM Kisan,Agriculture,False,510
38,Female,Kerala,SC,230504.44,Farmer,Self-Employed,Higher Secondary,4,4.85,False,True,Post Matric Scholarship,Education,False,510
38,Female,Kerala,SC,230504.44,Farmer,Self-Employed,Higher Secondary,4,4.85,False,True,Ayushman Bharat,Healthcare,False,510
38,Female,Kerala,SC,230504.44,Farmer,Self-Employed,Higher Secondary,4,4.85,False,True,PM Awas Yojana,Housing,False,510
38,Female,Kerala,SC,230504.44,Farmer,Self-Employed,Higher Secondary,4,4.85,False,True,Skill India,Employment,False,510
44,Female,Karnataka,OBC,0.0,Homemaker,Unemployed,Secondary,6,0.53,False,False,PM Kisan,Agriculture,False,511
44,Female,Karnataka,OBC,0.0,Homemaker,Unemployed,Secondary,6,0.53,False,False,Post Matric Scholarship,Education,False,511
44,Female,Karnataka,OBC,0.0,Homemaker,Unemployed,Secondary,6,0.53,False,False,Ayushman Bharat,Healthcare,False,511
44,Female,Karnataka,OBC,0.0,Homemaker,Unemployed,Secondary,6,0.53,False,False,PM Awas Yojana,Housing,False,511
44,Female,Karnataka,OBC,0.0,Homemaker,Unemployed,Secondary,6,0.53,False,False,Skill India,Employment,False,511
31,Female,Karnataka,OBC,1239035.29,Private Employee,Employed,Graduate,4,0.0,False,True,PM Kisan,Agriculture,False,512
31,Female,Karnataka,OBC,1239035.29,Private Employee,Employed,Graduate,4,0.0,False,True,Post Matric Scholarship,Education,False,512
31,Female,Karnataka,OBC,1239035.29,Private Employee,Employed,Graduate,4,0.0,False,True,Ayushman Bharat,Healthcare,False,512
31,Female,Karnataka,OBC,1239035.29,Private Employee,Employed,Graduate,4,0.0,False,True,PM Awas Yojana,Housing,False,512
31,Female,Karnataka,OBC,1239035.29,Private Employee,Employed,Graduate,4,0.0,False,True,Skill India,Employment,False,512
32,Female,Delhi,OBC,627541.04,Private Employee,Employed,Diploma,5,0.0,False,False,PM Kisan,Agriculture,False,513
32,Female,Delhi,OBC,627541.04,Private Employee,Employed,Diploma,5,0.0,False,False,Post Matric Scholarship,Education,False,513
32,Female,Delhi,OBC,627541.04,Private Employee,Employed,Diploma,5,0.0,False,False,Ayushman Bharat,Healthcare,False,513
32,Female,Delhi,OBC,627541.04,Private Employee,Employed,Diploma,5,0.0,False,False,PM Awas Yojana,Housing,False,513
32,Female,Delhi,OBC,627541.04,Private Employee,Employed,Diploma,5,0.0,False,False,Skill India,Employment,False,513
49,Male,Kerala,OBC,444511.7,Private Employee,Employed,Diploma,5,0.0,False,True,PM Kisan,Agriculture,False,514
49,Male,Kerala,OBC,444511.7,Private Employee,Employed,Diploma,5,0.0,False,True,Post Matric Scholarship,Education,False,514
49,Male,Kerala,OBC,444511.7,Private Employee,Employed,Diploma,5,0.0,False,True,Ayushman Bharat,Healthcare,False,514
49,Male,Kerala,OBC,444511.7,Private Employee,Employed,Diploma,5,0.0,False,True,PM Awas Yojana,Housing,False,514
49,Male,Kerala,OBC,444511.7,Private Employee,Employed,Diploma,5,0.0,False,True,Skill India,Employment,False,514
28,Other,Kerala,OBC,1009446.71,Business,Self-Employed,Post Graduate,5,1.65,False,False,PM Kisan,Agriculture,False,515
28,Other,Kerala,OBC,1009446.71,Business,Self-Employed,Post Graduate,5,1.65,False,False,Post Matric Scholarship,Education,False,515
28,Other,Kerala,OBC,1009446.71,Business,Self-Employed,Post Graduate,5,1.65,False,False,Ayushman Bharat,Healthcare,False,515
28,Other,Kerala,OBC,1009446.71,Business,Self-Employed,Post Graduate,5,1.65,False,False,PM Awas Yojana,Housing,False,515
28,Other,Kerala,OBC,1009446.71,Business,Self-Employed,Post Graduate,5,1.65,False,False,Skill India,Employment,False,515
79,Female,Tamil Nadu,ST,560975.3,Retired,Retired,Graduate,4,4.07,False,False,PM Kisan,Agriculture,False,516
79,Female,Tamil Nadu,ST,560975.3,Retired,Retired,Graduate,4,4.07,False,False,Post Matric Scholarship,Education,False,516
79,Female,Tamil Nadu,ST,560975.3,Retired,Retired,Graduate,4,4.07,False,False,Ayushman Bharat,Healthcare,False,516
79,Female,Tamil Nadu,ST,560975.3,Retired,Retired,Graduate,4,4.07,False,False,PM Awas Yojana,Housing,False,516
79,Female,Tamil Nadu,ST,560975.3,Retired,Retired,Graduate,4,4.07,False,False,Skill India,Employment,False,516
38,Other,Delhi,General,1110792.54,Private Employee,Employed,Post Graduate,6,0.0,False,True,PM Kisan,Agriculture,False,517
38,Other,Delhi,General,1110792.54,Private Employee,Employed,Post Graduate,6,0.0,False,True,Post Matric Scholarship,Education,False,517
38,Other,Delhi,General,1110792.54,Private Employee,Employed,Post Graduate,6,0.0,False,True,Ayushman Bharat,Healthcare,False,517
38,Other,Delhi,General,1110792.54,Private Employee,Employed,Post Graduate,6,0.0,False,True,PM Awas Yojana,Housing,False,517
38,Other,Delhi,General,1110792.54,Private Employee,Employed,Post Graduate,6,0.0,False,True,Skill India,Employment,False,517
36,Male,Tamil Nadu,SC,369059.09,Government Employee,Employed,Post Graduate,3,0.0,False,False,PM Kisan,Agriculture,False,518
36,Male,Tamil Nadu,SC,369059.09,Government Employee,Employed,Post Graduate,3,0.0,False,False,Post Matric Scholarship,Education,False,518
36,Male,Tamil Nadu,SC,369059.09,Government Employee,Employed,Post Graduate,3,0.0,False,False,Ayushman Bharat,Healthcare,False,518
36,Male,Tamil Nadu,SC,369059.09,Government Employee,Employed,Post Graduate,3,0.0,False,False,PM Awas Yojana,Housing,False,518
36,Male,Tamil Nadu,SC,369059.09,Government Employee,Employed,Post Graduate,3,0.0,False,False,Skill India,Employment,False,518
41,Female,Tamil Nadu,General,166362.45,Farmer,Self-Employed,Primary,5,2.0,True,False,PM Kisan,Agriculture,True,519
41,Female,Tamil Nadu,General,166362.45,Farmer,Self-Employed,Primary,5,2.0,True,False,Post Matric Scholarship,Education,False,519
41,Female,Tamil Nadu,General,166362.45,Farmer,Self-Employed,Primary,5,2.0,True,False,Ayushman Bharat,Healthcare,True,519
41,Female,Tamil Nadu,General,166362.45,Farmer,Self-Employed,Primary,5,2.0,True,False,PM Awas Yojana,Housing,True,519
41,Female,Tamil Nadu,General,166362.45,Farmer,Self-Employed,Primary,5,2.0,True,False,Skill India,Employment,False,519
37,Female,Delhi,SC,376446.83,Government Employee,Employed,Graduate,6,0.0,False,True,PM Kisan,Agriculture,False,520
37,Female,Delhi,SC,376446.83,Government Employee,Employed,Graduate,6,0.0,False,True,Post Matric Scholarship,Education,False,520
37,Female,Delhi,SC,376446.83,Government Employee,Employed,Graduate,6,0.0,False,True,Ayushman Bharat,Healthcare,False,520
37,Female,Delhi,SC,376446.83,Government Employee,Employed,Graduate,6,0.0,False,True,PM Awas Yojana,Housing,False,520
37,Female,Delhi,SC,376446.83,Government Employee,Employed,Graduate,6,0.0,False,True,Skill India,Employment,False,520
28,Female,Karnataka,SC,465978.74,Private Employee,Employed,Graduate,2,0.0,False,False,PM Kisan,Agriculture,False,521
28,Female,Karnataka,SC,465978.74,Private Employee,Employed,Graduate,2,0.0,False,False,Post Matric Scholarship,Education,False,521
28,Female,Karnataka,SC,465978.74,Private Employee,Employed,Graduate,2,0.0,False,False,Ayushman Bharat,Healthcare,False,521
28,Female,Karnataka,SC,465978.74,Private Employee,Employed,Graduate,2,0.0,False,False,PM Awas Yojana,Housing,False,521
28,Female,Karnataka,SC,465978.74,Private Employee,Employed,Graduate,2,0.0,False,False,Skill India,Employment,False,521
35,Female,Delhi,ST,1225984.14,Private Employee,Employed,Graduate,4,0.0,False,False,PM Kisan,Agriculture,False,522
35,Female,Delhi,ST,1225984.14,Private Employee,Employed,Graduate,4,0.0,False,False,Post Matric Scholarship,Education,False,522
35,Female,Delhi,ST,1225984.14,Private Employee,Employed,Graduate,4,0.0,False,False,Ayushman Bharat,Healthcare,False,522
35,Female,Delhi,ST,1225984.14,Private Employee,Employed,Graduate,4,0.0,False,False,PM Awas Yojana,Housing,False,522
35,Female,Delhi,ST,1225984.14,Private Employee,Employed,Graduate,4,0.0,False,False,Skill India,Employment,False,522
20,Male,Kerala,OBC,72658.57,Student,Student,Higher Secondary,5,0.0,False,False,PM Kisan,Agriculture,False,523
20,Male,Kerala,OBC,72658.57,Student,Student,Higher Secondary,5,0.0,False,False,Post Matric Scholarship,Education,True,523
20,Male,Kerala,OBC,72658.57,Student,Student,Higher Secondary,5,0.0,False,False,Ayushman Bharat,Healthcare,False,523
20,Male,Kerala,OBC,72658.57,Student,Student,Higher Secondary,5,0.0,False,False,PM Awas Yojana,Housing,False,523
20,Male,Kerala,OBC,72658.57,Student,Student,Higher Secondary,5,0.0,False,False,Skill India,Employment,True,523
22,Male,Tamil Nadu,ST,45365.26,Unemployed,Unemployed,Primary,6,0.0,False,False,PM Kisan,Agriculture,False,524
22,Male,Tamil Nadu,ST,45365.26,Unemployed,Unemployed,Primary,6,0.0,False,False,Post Matric Scholarship,Education,False,524
22,Male,Tamil Nadu,ST,45365.26,Unemployed,Unemployed,Primary,6,0.0,False,False,Ayushman Bharat,Healthcare,False,524
22,Male,Tamil Nadu,ST,45365.26,Unemployed,Unemployed,Primary,6,0.0,False,False,PM Awas Yojana,Housing,False,524
22,Male,Tamil Nadu,ST,45365.26,Unemployed,Unemployed,Primary,6,0.0,False,False,Skill India,Employment,False,524
47,Female,Kerala,OBC,1170593.15,Business,Self-Employed,Graduate,5,0.33,False,False,PM Kisan,Agriculture,False,525
47,Female,Kerala,OBC,1170593.15,Business,Self-Employed,Graduate,5,0.33,False,False,Post Matric Scholarship,Education,False,525
47,Female,Kerala,OBC,1170593.15,Business,Self-Employed,Graduate,5,0.33,False,False,Ayushman Bharat,Healthcare,False,525
47,Female,Kerala,OBC,1170593.15,Business,Self-Employed,Graduate,5,0.33,False,False,PM Awas Yojana,Housing,False,525
47,Female,Kerala,OBC,1170593.15,Business,Self-Employed,Graduate,5,0.33,False,False,Skill India,Employment,False,525
19,Male,Kerala,SC,31118.26,Student,Student,Higher Secondary,5,0.0,True,False,PM Kisan,Agriculture,False,526
19,Male,Kerala,SC,31118.26,Student,Student,Higher Secondary,5,0.0,True,False,Post Matric Scholarship,Education,True,526
19,Male,Kerala,SC,31118.26,Student,Student,Higher Secondary,5,0.0,True,False,Ayushman Bharat,Healthcare,True,526
19,Male,Kerala,SC,31118.26,Student,Student,Higher Secondary,5,0.0,True,False,PM Awas Yojana,Housing,True,526
19,Male,Kerala,SC,31118.26,Student,Student,Higher Secondary,5,0.0,True,False,Skill India,Employment,True,526
41,Other,Karnataka,General,565179.38,Private Employee,Employed,Diploma,5,0.0,False,True,PM Kisan,Agriculture,False,527
41,Other,Karnataka,General,565179.38,Private Employee,Employed,Diploma,5,0.0,False,True,Post Matric Scholarship,Education,False,527
41,Other,Karnataka,General,565179.38,Private Employee,Employed,Diploma,5,0.0,False,True,Ayushman Bharat,Healthcare,False,527
41,Other,Karnataka,General,565179.38,Private Employee,Employed,Diploma,5,0.0,False,True,PM Awas Yojana,Housing,False,527
41,Other,Karnataka,General,565179.38,Private Employee,Employed,Diploma,5,0.0,False,True,Skill India,Employment,False,527
19,Male,Delhi,OBC,36329.77,Student,Student,Higher Secondary,6,0.0,False,True,PM Kisan,Agriculture,False,528
19,Male,Delhi,OBC,36329.77,Student,Student,Higher Secondary,6,0.0,False,True,Post Matric Scholarship,Education,True,528
19,Male,Delhi,OBC,36329.77,Student,Student,Higher Secondary,6,0.0,False,True,Ayushman Bharat,Healthcare,False,528
19,Male,Delhi,OBC,36329.77,Student,Student,Higher Secondary,6,0.0,False,True,PM Awas Yojana,Housing,False,528
19,Male,Delhi,OBC,36329.77,Student,Student,Higher Secondary,6,0.0,False,True,Skill India,Employment,True,528
22,Other,Tamil Nadu,ST,45495.79,Student,Student,Graduate,5,0.0,False,True,PM Kisan,Agriculture,False,529
22,Other,Tamil Nadu,ST,45495.79,Student,Student,Graduate,5,0.0,False,True,Post Matric Scholarship,Education,True,529
22,Other,Tamil Nadu,ST,45495.79,Student,Student,Graduate,5,0.0,False,True,Ayushman Bharat,Healthcare,False,529
22,Other,Tamil Nadu,ST,45495.79,Student,Student,Graduate,5,0.0,False,True,PM Awas Yojana,Housing,False,529
22,Other,Tamil Nadu,ST,45495.79,Student,Student,Graduate,5,0.0,False,True,Skill India,Employment,True,529
25,Female,Delhi,SC,345500.03,Government Employee,Employed,Post Graduate,2,0.0,False,True,PM Kisan,Agriculture,False,530
25,Female,Delhi,SC,345500.03,Government Employee,Employed,Post Graduate,2,0.0,False,True,Post Matric Scholarship,Education,False,530
25,Female,Delhi,SC,345500.03,Government Employee,Employed,Post Graduate,2,0.0,False,True,Ayushman Bharat,Healthcare,False,530
25,Female,Delhi,SC,345500.03,Government Employee,Employed,Post Graduate,2,0.0,False,True,PM Awas Yojana,Housing,False,530
25,Female,Delhi,SC,345500.03,Government Employee,Employed,Post Graduate,2,0.0,False,True,Skill India,Employment,False,530
38,Other,Delhi,ST,1201920.62,Private Employee,Employed,Diploma,5,0.0,False,False,PM Kisan,Agriculture,False,531
38,Other,Delhi,ST,1201920.62,Private Employee,Employed,Diploma,5,0.0,False,False,Post Matric Scholarship,Education,False,531
38,Other,Delhi,ST,1201920.62,Private Employee,Employed,Diploma,5,0.0,False,False,Ayushman Bharat,Healthcare,False,531
38,Other,Delhi,ST,1201920.62,Private Employee,Employed,Diploma,5,0.0,False,False,PM Awas Yojana,Housing,False,531
38,Other,Delhi,ST,1201920.62,Private Employee,Employed,Diploma,5,0.0,False,False,Skill India,Employment,False,531
32,Other,Maharashtra,SC,923122.9,Government Employee,Employed,Graduate,2,0.0,False,True,PM Kisan,Agriculture,False,532
32,Other,Maharashtra,SC,923122.9,Government Employee,Employed,Graduate,2,0.0,False,True,Post Matric Scholarship,Education,False,532
32,Other,Maharashtra,SC,923122.9,Government Employee,Employed,Graduate,2,0.0,False,True,Ayushman Bharat,Healthcare,False,532
32,Other,Maharashtra,SC,923122.9,Government Employee,Employed,Graduate,2,0.0,False,True,PM Awas Yojana,Housing,False,532
32,Other,Maharashtra,SC,923122.9,Government Employee,Employed,Graduate,2,0.0,False,True,Skill India,Employment,False,532
20,Male,Kerala,SC,123368.93,Student,Student,Graduate,4,0.0,True,True,PM Kisan,Agriculture,False,533
20,Male,Kerala,SC,123368.93,Student,Student,Graduate,4,0.0,True,True,Post Matric Scholarship,Education,True,533
20,Male,Kerala,SC,123368.93,Student,Student,Graduate,4,0.0,True,True,Ayushman Bharat,Healthcare,True,533
20,Male,Kerala,SC,123368.93,Student,Student,Graduate,4,0.0,True,True,PM Awas Yojana,Housing,True,533
20,Male,Kerala,SC,123368.93,Student,Student,Graduate,4,0.0,True,True,Skill India,Employment,True,533
18,Male,Karnataka,General,24178.53,Student,Student,Diploma,5,0.0,False,True,PM Kisan,Agriculture,False,534
18,Male,Karnataka,General,24178.53,Student,Student,Diploma,5,0.0,False,True,Post Matric Scholarship,Education,False,534
18,Male,Karnataka,General,24178.53,Student,Student,Diploma,5,0.0,False,True,Ayushman Bharat,Healthcare,False,534
18,Male,Karnataka,General,24178.53,Student,Student,Diploma,5,0.0,False,True,PM Awas Yojana,Housing,False,534
18,Male,Karnataka,General,24178.53,Student,Student,Diploma,5,0.0,False,True,Skill India,Employment,False,534
50,Male,Kerala,ST,471112.7,Private Employee,Employed,Diploma,3,0.0,False,True,PM Kisan,Agriculture,False,535
50,Male,Kerala,ST,471112.7,Private Employee,Employed,Diploma,3,0.0,False,True,Post Matric Scholarship,Education,False,535
50,Male,Kerala,ST,471112.7,Private Employee,Employed,Diploma,3,0.0,False,True,Ayushman Bharat,Healthcare,False,535
50,Male,Kerala,ST,471112.7,Private Employee,Employed,Diploma,3,0.0,False,True,PM Awas Yojana,Housing,False,535
50,Male,Kerala,ST,471112.7,Private Employee,Employed,Diploma,3,0.0,False,True,Skill India,Employment,False,535
33,Female,Maharashtra,ST,0.0,Homemaker,Unemployed,Graduate,3,1.25,False,True,PM Kisan,Agriculture,False,536
33,Female,Maharashtra,ST,0.0,Homemaker,Unemployed,Graduate,3,1.25,False,True,Post Matric Scholarship,Education,False,536
33,Female,Maharashtra,ST,0.0,Homemaker,Unemployed,Graduate,3,1.25,False,True,Ayushman Bharat,Healthcare,False,536
33,Female,Maharashtra,ST,0.0,Homemaker,Unemployed,Graduate,3,1.25,False,True,PM Awas Yojana,Housing,False,536
33,Female,Maharashtra,ST,0.0,Homemaker,Unemployed,Graduate,3,1.25,False,True,Skill India,Employment,False,536
23,Other,Delhi,OBC,97936.68,Unemployed,Unemployed,Primary,3,0.0,True,True,PM Kisan,Agriculture,False,537
23,Other,Delhi,OBC,97936.68,Unemployed,Unemployed,Primary,3,0.0,True,True,Post Matric Scholarship,Education,False,537
23,Other,Delhi,OBC,97936.68,Unemployed,Unemployed,Primary,3,0.0,True,True,Ayushman Bharat,Healthcare,True,537
23,Other,Delhi,OBC,97936.68,Unemployed,Unemployed,Primary,3,0.0,True,True,PM Awas Yojana,Housing,True,537
23,Other,Delhi,OBC,97936.68,Unemployed,Unemployed,Primary,3,0.0,True,True,Skill India,Employment,False,537
52,Other,Karnataka,General,509258.43,Private Employee,Employed,Graduate,2,0.0,False,True,PM Kisan,Agriculture,False,538
52,Other,Karnataka,General,509258.43,Private Employee,Employed,Graduate,2,0.0,False,True,Post Matric Scholarship,Education,False,538
52,Other,Karnataka,General,509258.43,Private Employee,Employed,Graduate,2,0.0,False,True,Ayushman Bharat,Healthcare,False,538
52,Other,Karnataka,General,509258.43,Private Employee,Employed,Graduate,2,0.0,False,True,PM Awas Yojana,Housing,False,538
52,Other,Karnataka,General,509258.43,Private Employee,Employed,Graduate,2,0.0,False,True,Skill India,Employment,False,538
60,Other,Tamil Nadu,ST,209739.25,Farmer,Self-Employed,Secondary,6,6.08,False,False,PM Kisan,Agriculture,False,539
60,Other,Tamil Nadu,ST,209739.25,Farmer,Self-Employed,Secondary,6,6.08,False,False,Post Matric Scholarship,Education,False,539
60,Other,Tamil Nadu,ST,209739.25,Farmer,Self-Employed,Secondary,6,6.08,False,False,Ayushman Bharat,Healthcare,False,539
60,Other,Tamil Nadu,ST,209739.25,Farmer,Self-Employed,Secondary,6,6.08,False,False,PM Awas Yojana,Housing,False,539
60,Other,Tamil Nadu,ST,209739.25,Farmer,Self-Employed,Secondary,6,6.08,False,False,Skill India,Employment,False,539
40,Male,Delhi,ST,729692.97,Business,Self-Employed,Higher Secondary,6,1.97,False,False,PM Kisan,Agriculture,False,540
40,Male,Delhi,ST,729692.97,Business,Self-Employed,Higher Secondary,6,1.97,False,False,Post Matric Scholarship,Education,False,540
40,Male,Delhi,ST,729692.97,Business,Self-Employed,Higher Secondary,6,1.97,False,False,Ayushman Bharat,Healthcare,False,540
40,Male,Delhi,ST,729692.97,Business,Self-Employed,Higher Secondary,6,1.97,False,False,PM Awas Yojana,Housing,False,540
40,Male,Delhi,ST,729692.97,Business,Self-Employed,Higher Secondary,6,1.97,False,False,Skill India,Employment,False,540
37,Female,Karnataka,ST,78592.97,Farmer,Self-Employed,Higher Secondary,6,4.06,False,True,PM Kisan,Agriculture,True,541
37,Female,Karnataka,ST,78592.97,Farmer,Self-Employed,Higher Secondary,6,4.06,False,True,Post Matric Scholarship,Education,False,541
37,Female,Karnataka,ST,78592.97,Farmer,Self-Employed,Higher Secondary,6,4.06,False,True,Ayushman Bharat,Healthcare,False,541
37,Female,Karnataka,ST,78592.97,Farmer,Self-Employed,Higher Secondary,6,4.06,False,True,PM Awas Yojana,Housing,False,541
37,Female,Karnataka,ST,78592.97,Farmer,Self-Employed,Higher Secondary,6,4.06,False,True,Skill India,Employment,False,541
67,Female,Kerala,SC,298486.13,Retired,Retired,Secondary,5,4.82,False,True,PM Kisan,Agriculture,False,542
67,Female,Kerala,SC,298486.13,Retired,Retired,Secondary,5,4.82,False,True,Post Matric Scholarship,Education,False,542
67,Female,Kerala,SC,298486.13,Retired,Retired,Secondary,5,4.82,False,True,Ayushman Bharat,Healthcare,False,542
67,Female,Kerala,SC,298486.13,Retired,Retired,Secondary,5,4.82,False,True,PM Awas Yojana,Housing,False,542
67,Female,Kerala,SC,298486.13,Retired,Retired,Secondary,5,4.82,False,True,Skill India,Employment,False,542
23,Female,Karnataka,SC,54603.06,Student,Student,Higher Secondary,6,0.0,False,True,PM Kisan,Agriculture,False,543
23,Female,Karnataka,SC,54603.06,Student,Student,Higher Secondary,6,0.0,False,True,Post Matric Scholarship,Education,True,543
23,Female,Karnataka,SC,54603.06,Student,Student,Higher Secondary,6,0.0,False,True,Ayushman Bharat,Healthcare,False,543
23,Female,Karnataka,SC,54603.06,Student,Student,Higher Secondary,6,0.0,False,True,PM Awas Yojana,Housing,False,543
23,Female,Karnataka,SC,54603.06,Student,Student,Higher Secondary,6,0.0,False,True,Skill India,Employment,True,543
23,Female,Kerala,General,77081.5,Student,Student,Graduate,6,0.0,False,False,PM Kisan,Agriculture,False,544
23,Female,Kerala,General,77081.5,Student,Student,Graduate,6,0.0,False,False,Post Matric Scholarship,Education,True,544
23,Female,Kerala,General,77081.5,Student,Student,Graduate,6,0.0,False,False,Ayushman Bharat,Healthcare,False,544
23,Female,Kerala,General,77081.5,Student,Student,Graduate,6,0.0,False,False,PM Awas Yojana,Housing,False,544
23,Female,Kerala,General,77081.5,Student,Student,Graduate,6,0.0,False,False,Skill India,Employment,True,544
38,Male,Karnataka,SC,1026711.31,Business,Self-Employed,Higher Secondary,5,2.59,False,False,PM Kisan,Agriculture,False,545
38,Male,Karnataka,SC,1026711.31,Business,Self-Employed,Higher Secondary,5,2.59,False,False,Post Matric Scholarship,Education,False,545
38,Male,Karnataka,SC,1026711.31,Business,Self-Employed,Higher Secondary,5,2.59,False,False,Ayushman Bharat,Healthcare,False,545
38,Male,Karnataka,SC,1026711.31,Business,Self-Employed,Higher Secondary,5,2.59,False,False,PM Awas Yojana,Housing,False,545
38,Male,Karnataka,SC,1026711.31,Business,Self-Employed,Higher Secondary,5,2.59,False,False,Skill India,Employment,False,545
48,Male,Maharashtra,SC,0.0,Homemaker,Unemployed,Primary,8,2.7,False,True,PM Kisan,Agriculture,False,546
48,Male,Maharashtra,SC,0.0,Homemaker,Unemployed,Primary,8,2.7,False,True,Post Matric Scholarship,Education,False,546
48,Male,Maharashtra,SC,0.0,Homemaker,Unemployed,Primary,8,2.7,False,True,Ayushman Bharat,Healthcare,False,546
48,Male,Maharashtra,SC,0.0,Homemaker,Unemployed,Primary,8,2.7,False,True,PM Awas Yojana,Housing,False,546
48,Male,Maharashtra,SC,0.0,Homemaker,Unemployed,Primary,8,2.7,False,True,Skill India,Employment,False,546
65,Male,Karnataka,General,148630.01,Farmer,Self-Employed,Secondary,6,6.45,False,True,PM Kisan,Agriculture,True,547
65,Male,Karnataka,General,148630.01,Farmer,Self-Employed,Secondary,6,6.45,False,True,Post Matric Scholarship,Education,False,547
65,Male,Karnataka,General,148630.01,Farmer,Self-Employed,Secondary,6,6.45,False,True,Ayushman Bharat,Healthcare,False,547
65,Male,Karnataka,General,148630.01,Farmer,Self-Employed,Secondary,6,6.45,False,True,PM Awas Yojana,Housing,False,547
65,Male,Karnataka,General,148630.01,Farmer,Self-Employed,Secondary,6,6.45,False,True,Skill India,Employment,False,547
18,Other,Kerala,OBC,44680.93,Student,Student,Higher Secondary,4,0.0,False,False,PM Kisan,Agriculture,False,548
18,Other,Kerala,OBC,44680.93,Student,Student,Higher Secondary,4,0.0,False,False,Post Matric Scholarship,Education,True,548
18,Other,Kerala,OBC,44680.93,Student,Student,Higher Secondary,4,0.0,False,False,Ayushman Bharat,Healthcare,False,548
18,Other,Kerala,OBC,44680.93,Student,Student,Higher Secondary,4,0.0,False,False,PM Awas Yojana,Housing,False,548
18,Other,Kerala,OBC,44680.93,Student,Student,Higher Secondary,4,0.0,False,False,Skill India,Employment,True,548
53,Male,Kerala,General,0.0,Homemaker,Unemployed,Primary,3,0.51,True,False,PM Kisan,Agriculture,False,549
53,Male,Kerala,General,0.0,Homemaker,Unemployed,Primary,3,0.51,True,False,Post Matric Scholarship,Education,False,549
53,Male,Kerala,General,0.0,Homemaker,Unemployed,Primary,3,0.51,True,False,Ayushman Bharat,Healthcare,True,549
53,Male,Kerala,General,0.0,Homemaker,Unemployed,Primary,3,0.51,True,False,PM Awas Yojana,Housing,True,549
53,Male,Kerala,General,0.0,Homemaker,Unemployed,Primary,3,0.51,True,False,Skill India,Employment,False,549
71,Female,Karnataka,ST,238790.9,Retired,Retired,Graduate,3,3.83,False,True,PM Kisan,Agriculture,False,550
71,Female,Karnataka,ST,238790.9,Retired,Retired,Graduate,3,3.83,False,True,Post Matric Scholarship,Education,False,550
71,Female,Karnataka,ST,238790.9,Retired,Retired,Graduate,3,3.83,False,True,Ayushman Bharat,Healthcare,False,550
71,Female,Karnataka,ST,238790.9,Retired,Retired,Graduate,3,3.83,False,True,PM Awas Yojana,Housing,False,550
71,Female,Karnataka,ST,238790.9,Retired,Retired,Graduate,3,3.83,False,True,Skill India,Employment,False,550
21,Female,Karnataka,OBC,314986.48,Private Employee,Employed,Post Graduate,4,0.0,False,True,PM Kisan,Agriculture,False,551
21,Female,Karnataka,OBC,314986.48,Private Employee,Employed,Post Graduate,4,0.0,False,True,Post Matric Scholarship,Education,False,551
21,Female,Karnataka,OBC,314986.48,Private Employee,Employed,Post Graduate,4,0.0,False,True,Ayushman Bharat,Healthcare,False,551
21,Female,Karnataka,OBC,314986.48,Private Employee,Employed,Post Graduate,4,0.0,False,True,PM Awas Yojana,Housing,False,551
21,Female,Karnataka,OBC,314986.48,Private Employee,Employed,Post Graduate,4,0.0,False,True,Skill India,Employment,False,551
45,Female,Karnataka,SC,651247.3,Government Employee,Employed,Graduate,6,0.0,False,False,PM Kisan,Agriculture,False,552
45,Female,Karnataka,SC,651247.3,Government Employee,Employed,Graduate,6,0.0,False,False,Post Matric Scholarship,Education,False,552
45,Female,Karnataka,SC,651247.3,Government Employee,Employed,Graduate,6,0.0,False,False,Ayushman Bharat,Healthcare,False,552
45,Female,Karnataka,SC,651247.3,Government Employee,Employed,Graduate,6,0.0,False,False,PM Awas Yojana,Housing,False,552
45,Female,Karnataka,SC,651247.3,Government Employee,Employed,Graduate,6,0.0,False,False,Skill India,Employment,False,552
54,Female,Delhi,ST,188741.48,Farmer,Self-Employed,Primary,5,7.17,False,False,PM Kisan,Agriculture,True,553
54,Female,Delhi,ST,188741.48,Farmer,Self-Employed,Primary,5,7.17,False,False,Post Matric Scholarship,Education,False,553
54,Female,Delhi,ST,188741.48,Farmer,Self-Employed,Primary,5,7.17,False,False,Ayushman Bharat,Healthcare,False,553
54,Female,Delhi,ST,188741.48,Farmer,Self-Employed,Primary,5,7.17,False,False,PM Awas Yojana,Housing,False,553
54,Female,Delhi,ST,188741.48,Farmer,Self-Employed,Primary,5,7.17,False,False,Skill India,Employment,False,553
69,Female,Kerala,OBC,483690.5,Retired,Retired,Post Graduate,5,4.84,False,True,PM Kisan,Agriculture,False,554
69,Female,Kerala,OBC,483690.5,Retired,Retired,Post Graduate,5,4.84,False,True,Post Matric Scholarship,Education,False,554
69,Female,Kerala,OBC,483690.5,Retired,Retired,Post Graduate,5,4.84,False,True,Ayushman Bharat,Healthcare,False,554
69,Female,Kerala,OBC,483690.5,Retired,Retired,Post Graduate,5,4.84,False,True,PM Awas Yojana,Housing,False,554
69,Female,Kerala,OBC,483690.5,Retired,Retired,Post Graduate,5,4.84,False,True,Skill India,Employment,False,554
57,Other,Karnataka,OBC,647056.58,Private Employee,Employed,Diploma,4,0.0,False,False,PM Kisan,Agriculture,False,555
57,Other,Karnataka,OBC,647056.58,Private Employee,Employed,Diploma,4,0.0,False,False,Post Matric Scholarship,Education,False,555
57,Other,Karnataka,OBC,647056.58,Private Employee,Employed,Diploma,4,0.0,False,False,Ayushman Bharat,Healthcare,False,555
57,Other,Karnataka,OBC,647056.58,Private Employee,Employed,Diploma,4,0.0,False,False,PM Awas Yojana,Housing,False,555
57,Other,Karnataka,OBC,647056.58,Private Employee,Employed,Diploma,4,0.0,False,False,Skill India,Employment,False,555
39,Other,Maharashtra,OBC,0.0,Homemaker,Unemployed,Primary,6,2.79,True,False,PM Kisan,Agriculture,False,556
39,Other,Maharashtra,OBC,0.0,Homemaker,Unemployed,Primary,6,2.79,True,False,Post Matric Scholarship,Education,False,556
39,Other,Maharashtra,OBC,0.0,Homemaker,Unemployed,Primary,6,2.79,True,False,Ayushman Bharat,Healthcare,True,556
39,Other,Maharashtra,OBC,0.0,Homemaker,Unemployed,Primary,6,2.79,True,False,PM Awas Yojana,Housing,True,556
39,Other,Maharashtra,OBC,0.0,Homemaker,Unemployed,Primary,6,2.79,True,False,Skill India,Employment,False,556
22,Other,Maharashtra,OBC,48042.04,Student,Student,Graduate,6,0.0,False,False,PM Kisan,Agriculture,False,557
22,Other,Maharashtra,OBC,48042.04,Student,Student,Graduate,6,0.0,False,False,Post Matric Scholarship,Education,True,557
22,Other,Maharashtra,OBC,48042.04,Student,Student,Graduate,6,0.0,False,False,Ayushman Bharat,Healthcare,False,557
22,Other,Maharashtra,OBC,48042.04,Student,Student,Graduate,6,0.0,False,False,PM Awas Yojana,Housing,False,557
22,Other,Maharashtra,OBC,48042.04,Student,Student,Graduate,6,0.0,False,False,Skill India,Employment,True,557
52,Male,Maharashtra,ST,1038621.43,Private Employee,Employed,Graduate,6,0.0,False,True,PM Kisan,Agriculture,False,558
52,Male,Maharashtra,ST,1038621.43,Private Employee,Employed,Graduate,6,0.0,False,True,Post Matric Scholarship,Education,False,558
52,Male,Maharashtra,ST,1038621.43,Private Employee,Employed,Graduate,6,0.0,False,True,Ayushman Bharat,Healthcare,False,558
52,Male,Maharashtra,ST,1038621.43,Private Employee,Employed,Graduate,6,0.0,False,True,PM Awas Yojana,Housing,False,558
52,Male,Maharashtra,ST,1038621.43,Private Employee,Employed,Graduate,6,0.0,False,True,Skill India,Employment,False,558
37,Male,Tamil Nadu,General,968437.05,Private Employee,Employed,Post Graduate,6,0.0,False,True,PM Kisan,Agriculture,False,559
37,Male,Tamil Nadu,General,968437.05,Private Employee,Employed,Post Graduate,6,0.0,False,True,Post Matric Scholarship,Education,False,559
37,Male,Tamil Nadu,General,968437.05,Private Employee,Employed,Post Graduate,6,0.0,False,True,Ayushman Bharat,Healthcare,False,559
37,Male,Tamil Nadu,General,968437.05,Private Employee,Employed,Post Graduate,6,0.0,False,True,PM Awas Yojana,Housing,False,559
37,Male,Tamil Nadu,General,968437.05,Private Employee,Employed,Post Graduate,6,0.0,False,True,Skill India,Employment,False,559
29,Other,Karnataka,General,500211.19,Private Employee,Employed,Graduate,2,0.0,False,True,PM Kisan,Agriculture,False,560
29,Other,Karnataka,General,500211.19,Private Employee,Employed,Graduate,2,0.0,False,True,Post Matric Scholarship,Education,False,560
29,Other,Karnataka,General,500211.19,Private Employee,Employed,Graduate,2,0.0,False,True,Ayushman Bharat,Healthcare,False,560
29,Other,Karnataka,General,500211.19,Private Employee,Employed,Graduate,2,0.0,False,True,PM Awas Yojana,Housing,False,560
29,Other,Karnataka,General,500211.19,Private Employee,Employed,Graduate,2,0.0,False,True,Skill India,Employment,False,560
22,Female,Maharashtra,ST,109285.08,Student,Student,Diploma,3,0.0,True,False,PM Kisan,Agriculture,False,561
22,Female,Maharashtra,ST,109285.08,Student,Student,Diploma,3,0.0,True,False,Post Matric Scholarship,Education,False,561
22,Female,Maharashtra,ST,109285.08,Student,Student,Diploma,3,0.0,True,False,Ayushman Bharat,Healthcare,True,561
22,Female,Maharashtra,ST,109285.08,Student,Student,Diploma,3,0.0,True,False,PM Awas Yojana,Housing,True,561
22,Female,Maharashtra,ST,109285.08,Student,Student,Diploma,3,0.0,True,False,Skill India,Employment,False,561
32,Male,Delhi,OBC,837900.22,Private Employee,Employed,Diploma,2,0.0,False,True,PM Kisan,Agriculture,False,562
32,Male,Delhi,OBC,837900.22,Private Employee,Employed,Diploma,2,0.0,False,True,Post Matric Scholarship,Education,False,562
32,Male,Delhi,OBC,837900.22,Private Employee,Employed,Diploma,2,0.0,False,True,Ayushman Bharat,Healthcare,False,562
32,Male,Delhi,OBC,837900.22,Private Employee,Employed,Diploma,2,0.0,False,True,PM Awas Yojana,Housing,False,562
32,Male,Delhi,OBC,837900.22,Private Employee,Employed,Diploma,2,0.0,False,True,Skill India,Employment,False,562
56,Other,Karnataka,ST,174859.34,Farmer,Self-Employed,Secondary,5,1.4,False,True,PM Kisan,Agriculture,True,563
56,Other,Karnataka,ST,174859.34,Farmer,Self-Employed,Secondary,5,1.4,False,True,Post Matric Scholarship,Education,False,563
56,Other,Karnataka,ST,174859.34,Farmer,Self-Employed,Secondary,5,1.4,False,True,Ayushman Bharat,Healthcare,False,563
56,Other,Karnataka,ST,174859.34,Farmer,Self-Employed,Secondary,5,1.4,False,True,PM Awas Yojana,Housing,False,563
56,Other,Karnataka,ST,174859.34,Farmer,Self-Employed,Secondary,5,1.4,False,True,Skill India,Employment,False,563
22,Other,Karnataka,General,9310.43,Student,Student,Higher Secondary,6,0.0,True,True,PM Kisan,Agriculture,False,564
22,Other,Karnataka,General,9310.43,Student,Student,Higher Secondary,6,0.0,True,True,Post Matric Scholarship,Education,True,564
22,Other,Karnataka,General,9310.43,Student,Student,Higher Secondary,6,0.0,True,True,Ayushman Bharat,Healthcare,True,564
22,Other,Karnataka,General,9310.43,Student,Student,Higher Secondary,6,0.0,True,True,PM Awas Yojana,Housing,True,564
22,Other,Karnataka,General,9310.43,Student,Student,Higher Secondary,6,0.0,True,True,Skill India,Employment,True,564
18,Female,Delhi,General,19212.36,Student,Student,Higher Secondary,6,0.0,False,False,PM Kisan,Agriculture,False,565
18,Female,Delhi,General,19212.36,Student,Student,Higher Secondary,6,0.0,False,False,Post Matric Scholarship,Education,True,565
18,Female,Delhi,General,19212.36,Student,Student,Higher Secondary,6,0.0,False,False,Ayushman Bharat,Healthcare,False,565
18,Female,Delhi,General,19212.36,Student,Student,Higher Secondary,6,0.0,False,False,PM Awas Yojana,Housing,False,565
18,Female,Delhi,General,19212.36,Student,Student,Higher Secondary,6,0.0,False,False,Skill India,Employment,True,565
23,Female,Tamil Nadu,General,47244.11,Student,Student,Graduate,5,0.0,True,False,PM Kisan,Agriculture,False,566
23,Female,Tamil Nadu,General,47244.11,Student,Student,Graduate,5,0.0,True,False,Post Matric Scholarship,Education,True,566
23,Female,Tamil Nadu,General,47244.11,Student,Student,Graduate,5,0.0,True,False,Ayushman Bharat,Healthcare,True,566
23,Female,Tamil Nadu,General,47244.11,Student,Student,Graduate,5,0.0,True,False,PM Awas Yojana,Housing,True,566
23,Female,Tamil Nadu,General,47244.11,Student,Student,Graduate,5,0.0,True,False,Skill India,Employment,True,566
20,Male,Delhi,General,146422.68,Student,Unemployed,Diploma,6,0.0,True,False,PM Kisan,Agriculture,False,567
20,Male,Delhi,General,146422.68,Student,Unemployed,Diploma,6,0.0,True,False,Post Matric Scholarship,Education,False,567
20,Male,Delhi,General,146422.68,Student,Unemployed,Diploma,6,0.0,True,False,Ayushman Bharat,Healthcare,True,567
20,Male,Delhi,General,146422.68,Student,Unemployed,Diploma,6,0.0,True,False,PM Awas Yojana,Housing,True,567
20,Male,Delhi,General,146422.68,Student,Unemployed,Diploma,6,0.0,True,False,Skill India,Employment,False,567
22,Other,Delhi,SC,1452793.93,Private Employee,Employed,Post Graduate,4,0.0,False,False,PM Kisan,Agriculture,False,568
22,Other,Delhi,SC,1452793.93,Private Employee,Employed,Post Graduate,4,0.0,False,False,Post Matric Scholarship,Education,False,568
22,Other,Delhi,SC,1452793.93,Private Employee,Employed,Post Graduate,4,0.0,False,False,Ayushman Bharat,Healthcare,False,568
22,Other,Delhi,SC,1452793.93,Private Employee,Employed,Post Graduate,4,0.0,False,False,PM Awas Yojana,Housing,False,568
22,Other,Delhi,SC,1452793.93,Private Employee,Employed,Post Graduate,4,0.0,False,False,Skill India,Employment,False,568
26,Other,Kerala,OBC,1153743.83,Private Employee,Employed,Post Graduate,6,0.0,False,False,PM Kisan,Agriculture,False,569
26,Other,Kerala,OBC,1153743.83,Private Employee,Employed,Post Graduate,6,0.0,False,False,Post Matric Scholarship,Education,False,569
26,Other,Kerala,OBC,1153743.83,Private Employee,Employed,Post Graduate,6,0.0,False,False,Ayushman Bharat,Healthcare,False,569
26,Other,Kerala,OBC,1153743.83,Private Employee,Employed,Post Graduate,6,0.0,False,False,PM Awas Yojana,Housing,False,569
26,Other,Kerala,OBC,1153743.83,Private Employee,Employed,Post Graduate,6,0.0,False,False,Skill India,Employment,False,569
31,Female,Delhi,General,219309.99,Farmer,Self-Employed,Secondary,6,6.7,True,True,PM Kisan,Agriculture,False,570
31,Female,Delhi,General,219309.99,Farmer,Self-Employed,Secondary,6,6.7,True,True,Post Matric Scholarship,Education,False,570
31,Female,Delhi,General,219309.99,Farmer,Self-Employed,Secondary,6,6.7,True,True,Ayushman Bharat,Healthcare,True,570
31,Female,Delhi,General,219309.99,Farmer,Self-Employed,Secondary,6,6.7,True,True,PM Awas Yojana,Housing,True,570
31,Female,Delhi,General,219309.99,Farmer,Self-Employed,Secondary,6,6.7,True,True,Skill India,Employment,False,570
39,Female,Karnataka,SC,142974.1,Farmer,Self-Employed,Secondary,5,6.47,False,False,PM Kisan,Agriculture,True,571
39,Female,Karnataka,SC,142974.1,Farmer,Self-Employed,Secondary,5,6.47,False,False,Post Matric Scholarship,Education,False,571
39,Female,Karnataka,SC,142974.1,Farmer,Self-Employed,Secondary,5,6.47,False,False,Ayushman Bharat,Healthcare,False,571
39,Female,Karnataka,SC,142974.1,Farmer,Self-Employed,Secondary,5,6.47,False,False,PM Awas Yojana,Housing,False,571
39,Female,Karnataka,SC,142974.1,Farmer,Self-Employed,Secondary,5,6.47,False,False,Skill India,Employment,False,571
63,Other,Tamil Nadu,General,893788.18,Business,Self-Employed,Higher Secondary,3,3.13,False,True,PM Kisan,Agriculture,False,572
63,Other,Tamil Nadu,General,893788.18,Business,Self-Employed,Higher Secondary,3,3.13,False,True,Post Matric Scholarship,Education,False,572
63,Other,Tamil Nadu,General,893788.18,Business,Self-Employed,Higher Secondary,3,3.13,False,True,Ayushman Bharat,Healthcare,False,572
63,Other,Tamil Nadu,General,893788.18,Business,Self-Employed,Higher Secondary,3,3.13,False,True,PM Awas Yojana,Housing,False,572
63,Other,Tamil Nadu,General,893788.18,Business,Self-Employed,Higher Secondary,3,3.13,False,True,Skill India,Employment,False,572
22,Other,Maharashtra,General,37564.47,Student,Student,Higher Secondary,3,0.0,True,False,PM Kisan,Agriculture,False,573
22,Other,Maharashtra,General,37564.47,Student,Student,Higher Secondary,3,0.0,True,False,Post Matric Scholarship,Education,True,573
22,Other,Maharashtra,General,37564.47,Student,Student,Higher Secondary,3,0.0,True,False,Ayushman Bharat,Healthcare,True,573
22,Other,Maharashtra,General,37564.47,Student,Student,Higher Secondary,3,0.0,True,False,PM Awas Yojana,Housing,True,573
22,Other,Maharashtra,General,37564.47,Student,Student,Higher Secondary,3,0.0,True,False,Skill India,Employment,True,573
32,Other,Maharashtra,ST,1267054.45,Business,Self-Employed,Graduate,5,4.16,False,True,PM Kisan,Agriculture,False,574
32,Other,Maharashtra,ST,1267054.45,Business,Self-Employed,Graduate,5,4.16,False,True,Post Matric Scholarship,Education,False,574
32,Other,Maharashtra,ST,1267054.45,Business,Self-Employed,Graduate,5,4.16,False,True,Ayushman Bharat,Healthcare,False,574
32,Other,Maharashtra,ST,1267054.45,Business,Self-Employed,Graduate,5,4.16,False,True,PM Awas Yojana,Housing,False,574
32,Other,Maharashtra,ST,1267054.45,Business,Self-Employed,Graduate,5,4.16,False,True,Skill India,Employment,False,574
50,Other,Delhi,OBC,0.0,Homemaker,Unemployed,Higher Secondary,4,0.29,False,False,PM Kisan,Agriculture,False,575
50,Other,Delhi,OBC,0.0,Homemaker,Unemployed,Higher Secondary,4,0.29,False,False,Post Matric Scholarship,Education,False,575
50,Other,Delhi,OBC,0.0,Homemaker,Unemployed,Higher Secondary,4,0.29,False,False,Ayushman Bharat,Healthcare,False,575
50,Other,Delhi,OBC,0.0,Homemaker,Unemployed,Higher Secondary,4,0.29,False,False,PM Awas Yojana,Housing,False,575
50,Other,Delhi,OBC,0.0,Homemaker,Unemployed,Higher Secondary,4,0.29,False,False,Skill India,Employment,False,575
58,Other,Delhi,SC,0.0,Homemaker,Unemployed,Secondary,7,1.12,False,False,PM Kisan,Agriculture,False,576
58,Other,Delhi,SC,0.0,Homemaker,Unemployed,Secondary,7,1.12,False,False,Post Matric Scholarship,Education,False,576
58,Other,Delhi,SC,0.0,Homemaker,Unemployed,Secondary,7,1.12,False,False,Ayushman Bharat,Healthcare,False,576
58,Other,Delhi,SC,0.0,Homemaker,Unemployed,Secondary,7,1.12,False,False,PM Awas Yojana,Housing,False,576
58,Other,Delhi,SC,0.0,Homemaker,Unemployed,Secondary,7,1.12,False,False,Skill India,Employment,False,576
19,Male,Delhi,OBC,64529.6,Unemployed,Unemployed,Secondary,7,0.0,False,False,PM Kisan,Agriculture,False,577
19,Male,Delhi,OBC,64529.6,Unemployed,Unemployed,Secondary,7,0.0,False,False,Post Matric Scholarship,Education,False,577
19,Male,Delhi,OBC,64529.6,Unemployed,Unemployed,Secondary,7,0.0,False,False,Ayushman Bharat,Healthcare,False,577
19,Male,Delhi,OBC,64529.6,Unemployed,Unemployed,Secondary,7,0.0,False,False,PM Awas Yojana,Housing,False,577
19,Male,Delhi,OBC,64529.6,Unemployed,Unemployed,Secondary,7,0.0,False,False,Skill India,Employment,True,577
30,Other,Karnataka,OBC,0.0,Homemaker,Unemployed,Higher Secondary,5,1.32,True,True,PM Kisan,Agriculture,False,578
30,Other,Karnataka,OBC,0.0,Homemaker,Unemployed,Higher Secondary,5,1.32,True,True,Post Matric Scholarship,Education,False,578
30,Other,Karnataka,OBC,0.0,Homemaker,Unemployed,Higher Secondary,5,1.32,True,True,Ayushman Bharat,Healthcare,True,578
30,Other,Karnataka,OBC,0.0,Homemaker,Unemployed,Higher Secondary,5,1.32,True,True,PM Awas Yojana,Housing,True,578
30,Other,Karnataka,OBC,0.0,Homemaker,Unemployed,Higher Secondary,5,1.32,True,True,Skill India,Employment,False,578
21,Female,Tamil Nadu,ST,493970.85,Private Employee,Employed,Graduate,2,0.0,False,False,PM Kisan,Agriculture,False,579
21,Female,Tamil Nadu,ST,493970.85,Private Employee,Employed,Graduate,2,0.0,False,False,Post Matric Scholarship,Education,False,579
21,Female,Tamil Nadu,ST,493970.85,Private Employee,Employed,Graduate,2,0.0,False,False,Ayushman Bharat,Healthcare,False,579
21,Female,Tamil Nadu,ST,493970.85,Private Employee,Employed,Graduate,2,0.0,False,False,PM Awas Yojana,Housing,False,579
21,Female,Tamil Nadu,ST,493970.85,Private Employee,Employed,Graduate,2,0.0,False,False,Skill India,Employment,False,579
47,Male,Tamil Nadu,General,380420.8,Private Employee,Employed,Graduate,3,0.0,False,True,PM Kisan,Agriculture,False,580
47,Male,Tamil Nadu,General,380420.8,Private Employee,Employed,Graduate,3,0.0,False,True,Post Matric Scholarship,Education,False,580
47,Male,Tamil Nadu,General,380420.8,Private Employee,Employed,Graduate,3,0.0,False,True,Ayushman Bharat,Healthcare,False,580
47,Male,Tamil Nadu,General,380420.8,Private Employee,Employed,Graduate,3,0.0,False,True,PM Awas Yojana,Housing,False,580
47,Male,Tamil Nadu,General,380420.8,Private Employee,Employed,Graduate,3,0.0,False,True,Skill India,Employment,False,580
34,Male,Maharashtra,OBC,531772.04,Government Employee,Employed,Post Graduate,3,0.0,False,True,PM Kisan,Agriculture,False,581
34,Male,Maharashtra,OBC,531772.04,Government Employee,Employed,Post Graduate,3,0.0,False,True,Post Matric Scholarship,Education,False,581
34,Male,Maharashtra,OBC,531772.04,Government Employee,Employed,Post Graduate,3,0.0,False,True,Ayushman Bharat,Healthcare,False,581
34,Male,Maharashtra,OBC,531772.04,Government Employee,Employed,Post Graduate,3,0.0,False,True,PM Awas Yojana,Housing,False,581
34,Male,Maharashtra,OBC,531772.04,Government Employee,Employed,Post Graduate,3,0.0,False,True,Skill India,Employment,False,581
38,Female,Kerala,ST,901706.67,Government Employee,Employed,Graduate,5,0.0,False,False,PM Kisan,Agriculture,False,582
38,Female,Kerala,ST,901706.67,Government Employee,Employed,Graduate,5,0.0,False,False,Post Matric Scholarship,Education,False,582
38,Female,Kerala,ST,901706.67,Government Employee,Employed,Graduate,5,0.0,False,False,Ayushman Bharat,Healthcare,False,582
38,Female,Kerala,ST,901706.67,Government Employee,Employed,Graduate,5,0.0,False,False,PM Awas Yojana,Housing,False,582
38,Female,Kerala,ST,901706.67,Government Employee,Employed,Graduate,5,0.0,False,False,Skill India,Employment,False,582
38,Female,Maharashtra,ST,78757.18,Unemployed,Unemployed,Secondary,2,0.0,True,True,PM Kisan,Agriculture,False,583
38,Female,Maharashtra,ST,78757.18,Unemployed,Unemployed,Secondary,2,0.0,True,True,Post Matric Scholarship,Education,False,583
38,Female,Maharashtra,ST,78757.18,Unemployed,Unemployed,Secondary,2,0.0,True,True,Ayushman Bharat,Healthcare,True,583
38,Female,Maharashtra,ST,78757.18,Unemployed,Unemployed,Secondary,2,0.0,True,True,PM Awas Yojana,Housing,True,583
38,Female,Maharashtra,ST,78757.18,Unemployed,Unemployed,Secondary,2,0.0,True,True,Skill India,Employment,True,583
20,Female,Tamil Nadu,OBC,32027.19,Student,Student,Higher Secondary,4,0.0,False,False,PM Kisan,Agriculture,False,584
20,Female,Tamil Nadu,OBC,32027.19,Student,Student,Higher Secondary,4,0.0,False,False,Post Matric Scholarship,Education,True,584
20,Female,Tamil Nadu,OBC,32027.19,Student,Student,Higher Secondary,4,0.0,False,False,Ayushman Bharat,Healthcare,False,584
20,Female,Tamil Nadu,OBC,32027.19,Student,Student,Higher Secondary,4,0.0,False,False,PM Awas Yojana,Housing,False,584
20,Female,Tamil Nadu,OBC,32027.19,Student,Student,Higher Secondary,4,0.0,False,False,Skill India,Employment,True,584
39,Other,Kerala,General,856517.52,Private Employee,Employed,Graduate,6,0.0,False,False,PM Kisan,Agriculture,False,585
39,Other,Kerala,General,856517.52,Private Employee,Employed,Graduate,6,0.0,False,False,Post Matric Scholarship,Education,False,585
39,Other,Kerala,General,856517.52,Private Employee,Employed,Graduate,6,0.0,False,False,Ayushman Bharat,Healthcare,False,585
39,Other,Kerala,General,856517.52,Private Employee,Employed,Graduate,6,0.0,False,False,PM Awas Yojana,Housing,False,585
39,Other,Kerala,General,856517.52,Private Employee,Employed,Graduate,6,0.0,False,False,Skill India,Employment,False,585
39,Male,Delhi,SC,39817.6,Unemployed,Unemployed,Secondary,4,0.0,True,True,PM Kisan,Agriculture,False,586
39,Male,Delhi,SC,39817.6,Unemployed,Unemployed,Secondary,4,0.0,True,True,Post Matric Scholarship,Education,False,586
39,Male,Delhi,SC,39817.6,Unemployed,Unemployed,Secondary,4,0.0,True,True,Ayushman Bharat,Healthcare,True,586
39,Male,Delhi,SC,39817.6,Unemployed,Unemployed,Secondary,4,0.0,True,True,PM Awas Yojana,Housing,True,586
39,Male,Delhi,SC,39817.6,Unemployed,Unemployed,Secondary,4,0.0,True,True,Skill India,Employment,True,586
22,Female,Delhi,SC,29423.86,Student,Student,Graduate,6,0.0,False,False,PM Kisan,Agriculture,False,587
22,Female,Delhi,SC,29423.86,Student,Student,Graduate,6,0.0,False,False,Post Matric Scholarship,Education,True,587
22,Female,Delhi,SC,29423.86,Student,Student,Graduate,6,0.0,False,False,Ayushman Bharat,Healthcare,False,587
22,Female,Delhi,SC,29423.86,Student,Student,Graduate,6,0.0,False,False,PM Awas Yojana,Housing,False,587
22,Female,Delhi,SC,29423.86,Student,Student,Graduate,6,0.0,False,False,Skill India,Employment,True,587
47,Other,Delhi,OBC,306205.68,Government Employee,Employed,Graduate,2,0.0,False,True,PM Kisan,Agriculture,False,588
47,Other,Delhi,OBC,306205.68,Government Employee,Employed,Graduate,2,0.0,False,True,Post Matric Scholarship,Education,False,588
47,Other,Delhi,OBC,306205.68,Government Employee,Employed,Graduate,2,0.0,False,True,Ayushman Bharat,Healthcare,False,588
47,Other,Delhi,OBC,306205.68,Government Employee,Employed,Graduate,2,0.0,False,True,PM Awas Yojana,Housing,False,588
47,Other,Delhi,OBC,306205.68,Government Employee,Employed,Graduate,2,0.0,False,True,Skill India,Employment,False,588
50,Female,Kerala,General,628952.35,Business,Self-Employed,Graduate,6,3.92,False,True,PM Kisan,Agriculture,False,589
50,Female,Kerala,General,628952.35,Business,Self-Employed,Graduate,6,3.92,False,True,Post Matric Scholarship,Education,False,589
50,Female,Kerala,General,628952.35,Business,Self-Employed,Graduate,6,3.92,False,True,Ayushman Bharat,Healthcare,False,589
50,Female,Kerala,General,628952.35,Business,Self-Employed,Graduate,6,3.92,False,True,PM Awas Yojana,Housing,False,589
50,Female,Kerala,General,628952.35,Business,Self-Employed,Graduate,6,3.92,False,True,Skill India,Employment,False,589
44,Other,Delhi,General,1388669.83,Private Employee,Employed,Post Graduate,4,0.0,False,True,PM Kisan,Agriculture,False,590
44,Other,Delhi,General,1388669.83,Private Employee,Employed,Post Graduate,4,0.0,False,True,Post Matric Scholarship,Education,False,590
44,Other,Delhi,General,1388669.83,Private Employee,Employed,Post Graduate,4,0.0,False,True,Ayushman Bharat,Healthcare,False,590
44,Other,Delhi,General,1388669.83,Private Employee,Employed,Post Graduate,4,0.0,False,True,PM Awas Yojana,Housing,False,590
44,Other,Delhi,General,1388669.83,Private Employee,Employed,Post Graduate,4,0.0,False,True,Skill India,Employment,False,590
26,Female,Karnataka,ST,624941.14,Government Employee,Employed,Graduate,2,0.0,False,False,PM Kisan,Agriculture,False,591
26,Female,Karnataka,ST,624941.14,Government Employee,Employed,Graduate,2,0.0,False,False,Post Matric Scholarship,Education,False,591
26,Female,Karnataka,ST,624941.14,Government Employee,Employed,Graduate,2,0.0,False,False,Ayushman Bharat,Healthcare,False,591
26,Female,Karnataka,ST,624941.14,Government Employee,Employed,Graduate,2,0.0,False,False,PM Awas Yojana,Housing,False,591
26,Female,Karnataka,ST,624941.14,Government Employee,Employed,Graduate,2,0.0,False,False,Skill India,Employment,False,591
18,Other,Kerala,SC,61043.35,Student,Unemployed,Higher Secondary,6,0.0,True,False,PM Kisan,Agriculture,False,592
18,Other,Kerala,SC,61043.35,Student,Unemployed,Higher Secondary,6,0.0,True,False,Post Matric Scholarship,Education,False,592
18,Other,Kerala,SC,61043.35,Student,Unemployed,Higher Secondary,6,0.0,True,False,Ayushman Bharat,Healthcare,True,592
18,Other,Kerala,SC,61043.35,Student,Unemployed,Higher Secondary,6,0.0,True,False,PM Awas Yojana,Housing,True,592
18,Other,Kerala,SC,61043.35,Student,Unemployed,Higher Secondary,6,0.0,True,False,Skill India,Employment,True,592
51,Male,Maharashtra,OBC,10299.62,Unemployed,Unemployed,Higher Secondary,2,0.0,False,True,PM Kisan,Agriculture,False,593
51,Male,Maharashtra,OBC,10299.62,Unemployed,Unemployed,Higher Secondary,2,0.0,False,True,Post Matric Scholarship,Education,False,593
51,Male,Maharashtra,OBC,10299.62,Unemployed,Unemployed,Higher Secondary,2,0.0,False,True,Ayushman Bharat,Healthcare,False,593
51,Male,Maharashtra,OBC,10299.62,Unemployed,Unemployed,Higher Secondary,2,0.0,False,True,PM Awas Yojana,Housing,False,593
51,Male,Maharashtra,OBC,10299.62,Unemployed,Unemployed,Higher Secondary,2,0.0,False,True,Skill India,Employment,True,593
75,Female,Karnataka,ST,266399.89,Retired,Retired,Secondary,5,2.48,False,False,PM Kisan,Agriculture,False,594
75,Female,Karnataka,ST,266399.89,Retired,Retired,Secondary,5,2.48,False,False,Post Matric Scholarship,Education,False,594
75,Female,Karnataka,ST,266399.89,Retired,Retired,Secondary,5,2.48,False,False,Ayushman Bharat,Healthcare,False,594
75,Female,Karnataka,ST,266399.89,Retired,Retired,Secondary,5,2.48,False,False,PM Awas Yojana,Housing,False,594
75,Female,Karnataka,ST,266399.89,Retired,Retired,Secondary,5,2.48,False,False,Skill India,Employment,False,594
32,Other,Maharashtra,OBC,874655.5,Government Employee,Employed,Post Graduate,5,0.0,False,True,PM Kisan,Agriculture,False,595
32,Other,Maharashtra,OBC,874655.5,Government Employee,Employed,Post Graduate,5,0.0,False,True,Post Matric Scholarship,Education,False,595
32,Other,Maharashtra,OBC,874655.5,Government Employee,Employed,Post Graduate,5,0.0,False,True,Ayushman Bharat,Healthcare,False,595
32,Other,Maharashtra,OBC,874655.5,Government Employee,Employed,Post Graduate,5,0.0,False,True,PM Awas Yojana,Housing,False,595
32,Other,Maharashtra,OBC,874655.5,Government Employee,Employed,Post Graduate,5,0.0,False,True,Skill India,Employment,False,595
23,Male,Maharashtra,General,95191.57,Student,Student,Higher Secondary,4,0.0,True,False,PM Kisan,Agriculture,False,596
23,Male,Maharashtra,General,95191.57,Student,Student,Higher Secondary,4,0.0,True,False,Post Matric Scholarship,Education,True,596
23,Male,Maharashtra,General,95191.57,Student,Student,Higher Secondary,4,0.0,True,False,Ayushman Bharat,Healthcare,True,596
23,Male,Maharashtra,General,95191.57,Student,Student,Higher Secondary,4,0.0,True,False,PM Awas Yojana,Housing,True,596
23,Male,Maharashtra,General,95191.57,Student,Student,Higher Secondary,4,0.0,True,False,Skill India,Employment,True,596
72,Female,Karnataka,General,358489.7,Retired,Retired,Graduate,6,2.47,False,True,PM Kisan,Agriculture,False,597
72,Female,Karnataka,General,358489.7,Retired,Retired,Graduate,6,2.47,False,True,Post Matric Scholarship,Education,False,597
72,Female,Karnataka,General,358489.7,Retired,Retired,Graduate,6,2.47,False,True,Ayushman Bharat,Healthcare,False,597
72,Female,Karnataka,General,358489.7,Retired,Retired,Graduate,6,2.47,False,True,PM Awas Yojana,Housing,False,597
72,Female,Karnataka,General,358489.7,Retired,Retired,Graduate,6,2.47,False,True,Skill India,Employment,False,597
22,Other,Delhi,ST,942801.88,Private Employee,Employed,Graduate,5,0.0,False,False,PM Kisan,Agriculture,False,598
22,Other,Delhi,ST,942801.88,Private Employee,Employed,Graduate,5,0.0,False,False,Post Matric Scholarship,Education,False,598
22,Other,Delhi,ST,942801.88,Private Employee,Employed,Graduate,5,0.0,False,False,Ayushman Bharat,Healthcare,False,598
22,Other,Delhi,ST,942801.88,Private Employee,Employed,Graduate,5,0.0,False,False,PM Awas Yojana,Housing,False,598
22,Other,Delhi,ST,942801.88,Private Employee,Employed,Graduate,5,0.0,False,False,Skill India,Employment,False,598
53,Female,Karnataka,ST,1609854.66,Business,Self-Employed,Graduate,4,2.95,False,True,PM Kisan,Agriculture,False,599
53,Female,Karnataka,ST,1609854.66,Business,Self-Employed,Graduate,4,2.95,False,True,Post Matric Scholarship,Education,False,599
53,Female,Karnataka,ST,1609854.66,Business,Self-Employed,Graduate,4,2.95,False,True,Ayushman Bharat,Healthcare,False,599
53,Female,Karnataka,ST,1609854.66,Business,Self-Employed,Graduate,4,2.95,False,True,PM Awas Yojana,Housing,False,599
53,Female,Karnataka,ST,1609854.66,Business,Self-Employed,Graduate,4,2.95,False,True,Skill India,Employment,False,599
37,Female,Maharashtra,SC,558472.34,Private Employee,Employed,Post Graduate,6,0.0,False,True,PM Kisan,Agriculture,False,600
37,Female,Maharashtra,SC,558472.34,Private Employee,Employed,Post Graduate,6,0.0,False,True,Post Matric Scholarship,Education,False,600
37,Female,Maharashtra,SC,558472.34,Private Employee,Employed,Post Graduate,6,0.0,False,True,Ayushman Bharat,Healthcare,False,600
37,Female,Maharashtra,SC,558472.34,Private Employee,Employed,Post Graduate,6,0.0,False,True,PM Awas Yojana,Housing,False,600
37,Female,Maharashtra,SC,558472.34,Private Employee,Employed,Post Graduate,6,0.0,False,True,Skill India,Employment,False,600
50,Male,Tamil Nadu,SC,0.0,Homemaker,Unemployed,Primary,7,2.26,False,False,PM Kisan,Agriculture,False,601
50,Male,Tamil Nadu,SC,0.0,Homemaker,Unemployed,Primary,7,2.26,False,False,Post Matric Scholarship,Education,False,601
50,Male,Tamil Nadu,SC,0.0,Homemaker,Unemployed,Primary,7,2.26,False,False,Ayushman Bharat,Healthcare,False,601
50,Male,Tamil Nadu,SC,0.0,Homemaker,Unemployed,Primary,7,2.26,False,False,PM Awas Yojana,Housing,False,601
50,Male,Tamil Nadu,SC,0.0,Homemaker,Unemployed,Primary,7,2.26,False,False,Skill India,Employment,False,601
20,Other,Kerala,ST,13485.73,Student,Student,Graduate,6,0.0,False,False,PM Kisan,Agriculture,False,602
20,Other,Kerala,ST,13485.73,Student,Student,Graduate,6,0.0,False,False,Post Matric Scholarship,Education,True,602
20,Other,Kerala,ST,13485.73,Student,Student,Graduate,6,0.0,False,False,Ayushman Bharat,Healthcare,False,602
20,Other,Kerala,ST,13485.73,Student,Student,Graduate,6,0.0,False,False,PM Awas Yojana,Housing,False,602
20,Other,Kerala,ST,13485.73,Student,Student,Graduate,6,0.0,False,False,Skill India,Employment,True,602
42,Other,Delhi,ST,1444573.01,Private Employee,Employed,Diploma,6,0.0,False,False,PM Kisan,Agriculture,False,603
42,Other,Delhi,ST,1444573.01,Private Employee,Employed,Diploma,6,0.0,False,False,Post Matric Scholarship,Education,False,603
42,Other,Delhi,ST,1444573.01,Private Employee,Employed,Diploma,6,0.0,False,False,Ayushman Bharat,Healthcare,False,603
42,Other,Delhi,ST,1444573.01,Private Employee,Employed,Diploma,6,0.0,False,False,PM Awas Yojana,Housing,False,603
42,Other,Delhi,ST,1444573.01,Private Employee,Employed,Diploma,6,0.0,False,False,Skill India,Employment,False,603
39,Other,Kerala,ST,75115.13,Farmer,Self-Employed,Secondary,7,2.29,False,True,PM Kisan,Agriculture,True,604
39,Other,Kerala,ST,75115.13,Farmer,Self-Employed,Secondary,7,2.29,False,True,Post Matric Scholarship,Education,False,604
39,Other,Kerala,ST,75115.13,Farmer,Self-Employed,Secondary,7,2.29,False,True,Ayushman Bharat,Healthcare,False,604
39,Other,Kerala,ST,75115.13,Farmer,Self-Employed,Secondary,7,2.29,False,True,PM Awas Yojana,Housing,False,604
39,Other,Kerala,ST,75115.13,Farmer,Self-Employed,Secondary,7,2.29,False,True,Skill India,Employment,False,604
22,Male,Delhi,ST,15691.06,Student,Student,Higher Secondary,3,0.0,False,True,PM Kisan,Agriculture,False,605
22,Male,Delhi,ST,15691.06,Student,Student,Higher Secondary,3,0.0,False,True,Post Matric Scholarship,Education,True,605
22,Male,Delhi,ST,15691.06,Student,Student,Higher Secondary,3,0.0,False,True,Ayushman Bharat,Healthcare,False,605
22,Male,Delhi,ST,15691.06,Student,Student,Higher Secondary,3,0.0,False,True,PM Awas Yojana,Housing,False,605
22,Male,Delhi,ST,15691.06,Student,Student,Higher Secondary,3,0.0,False,True,Skill India,Employment,True,605
60,Male,Tamil Nadu,OBC,310046.52,Farmer,Self-Employed,Secondary,5,6.08,True,False,PM Kisan,Agriculture,False,606
60,Male,Tamil Nadu,OBC,310046.52,Farmer,Self-Employed,Secondary,5,6.08,True,False,Post Matric Scholarship,Education,False,606
60,Male,Tamil Nadu,OBC,310046.52,Farmer,Self-Employed,Secondary,5,6.08,True,False,Ayushman Bharat,Healthcare,False,606
60,Male,Tamil Nadu,OBC,310046.52,Farmer,Self-Employed,Secondary,5,6.08,True,False,PM Awas Yojana,Housing,False,606
60,Male,Tamil Nadu,OBC,310046.52,Farmer,Self-Employed,Secondary,5,6.08,True,False,Skill India,Employment,False,606
28,Other,Kerala,SC,122718.66,Farmer,Self-Employed,Primary,5,2.81,False,False,PM Kisan,Agriculture,True,607
28,Other,Kerala,SC,122718.66,Farmer,Self-Employed,Primary,5,2.81,False,False,Post Matric Scholarship,Education,False,607
28,Other,Kerala,SC,122718.66,Farmer,Self-Employed,Primary,5,2.81,False,False,Ayushman Bharat,Healthcare,False,607
28,Other,Kerala,SC,122718.66,Farmer,Self-Employed,Primary,5,2.81,False,False,PM Awas Yojana,Housing,False,607
28,Other,Kerala,SC,122718.66,Farmer,Self-Employed,Primary,5,2.81,False,False,Skill India,Employment,False,607
45,Female,Delhi,SC,1304346.18,Private Employee,Employed,Post Graduate,6,0.0,False,True,PM Kisan,Agriculture,False,608
45,Female,Delhi,SC,1304346.18,Private Employee,Employed,Post Graduate,6,0.0,False,True,Post Matric Scholarship,Education,False,608
45,Female,Delhi,SC,1304346.18,Private Employee,Employed,Post Graduate,6,0.0,False,True,Ayushman Bharat,Healthcare,False,608
45,Female,Delhi,SC,1304346.18,Private Employee,Employed,Post Graduate,6,0.0,False,True,PM Awas Yojana,Housing,False,608
45,Female,Delhi,SC,1304346.18,Private Employee,Employed,Post Graduate,6,0.0,False,True,Skill India,Employment,False,608
30,Other,Delhi,ST,1366081.79,Business,Self-Employed,Post Graduate,4,3.98,False,True,PM Kisan,Agriculture,False,609
30,Other,Delhi,ST,1366081.79,Business,Self-Employed,Post Graduate,4,3.98,False,True,Post Matric Scholarship,Education,False,609
30,Other,Delhi,ST,1366081.79,Business,Self-Employed,Post Graduate,4,3.98,False,True,Ayushman Bharat,Healthcare,False,609
30,Other,Delhi,ST,1366081.79,Business,Self-Employed,Post Graduate,4,3.98,False,True,PM Awas Yojana,Housing,False,609
30,Other,Delhi,ST,1366081.79,Business,Self-Employed,Post Graduate,4,3.98,False,True,Skill India,Employment,False,609
26,Male,Tamil Nadu,General,110417.34,Farmer,Self-Employed,Primary,5,2.9,True,True,PM Kisan,Agriculture,True,610
26,Male,Tamil Nadu,General,110417.34,Farmer,Self-Employed,Primary,5,2.9,True,True,Post Matric Scholarship,Education,False,610
26,Male,Tamil Nadu,General,110417.34,Farmer,Self-Employed,Primary,5,2.9,True,True,Ayushman Bharat,Healthcare,True,610
26,Male,Tamil Nadu,General,110417.34,Farmer,Self-Employed,Primary,5,2.9,True,True,PM Awas Yojana,Housing,True,610
26,Male,Tamil Nadu,General,110417.34,Farmer,Self-Employed,Primary,5,2.9,True,True,Skill India,Employment,False,610
41,Female,Karnataka,ST,328310.21,Farmer,Self-Employed,Higher Secondary,5,6.44,True,True,PM Kisan,Agriculture,False,611
41,Female,Karnataka,ST,328310.21,Farmer,Self-Employed,Higher Secondary,5,6.44,True,True,Post Matric Scholarship,Education,False,611
41,Female,Karnataka,ST,328310.21,Farmer,Self-Employed,Higher Secondary,5,6.44,True,True,Ayushman Bharat,Healthcare,False,611
41,Female,Karnataka,ST,328310.21,Farmer,Self-Employed,Higher Secondary,5,6.44,True,True,PM Awas Yojana,Housing,False,611
41,Female,Karnataka,ST,328310.21,Farmer,Self-Employed,Higher Secondary,5,6.44,True,True,Skill India,Employment,False,611
23,Other,Karnataka,OBC,868404.63,Private Employee,Employed,Post Graduate,2,0.0,False,False,PM Kisan,Agriculture,False,612
23,Other,Karnataka,OBC,868404.63,Private Employee,Employed,Post Graduate,2,0.0,False,False,Post Matric Scholarship,Education,False,612
23,Other,Karnataka,OBC,868404.63,Private Employee,Employed,Post Graduate,2,0.0,False,False,Ayushman Bharat,Healthcare,False,612
23,Other,Karnataka,OBC,868404.63,Private Employee,Employed,Post Graduate,2,0.0,False,False,PM Awas Yojana,Housing,False,612
23,Other,Karnataka,OBC,868404.63,Private Employee,Employed,Post Graduate,2,0.0,False,False,Skill India,Employment,False,612
38,Other,Karnataka,General,149405.63,Farmer,Self-Employed,Primary,6,7.22,False,False,PM Kisan,Agriculture,True,613
38,Other,Karnataka,General,149405.63,Farmer,Self-Employed,Primary,6,7.22,False,False,Post Matric Scholarship,Education,False,613
38,Other,Karnataka,General,149405.63,Farmer,Self-Employed,Primary,6,7.22,False,False,Ayushman Bharat,Healthcare,False,613
38,Other,Karnataka,General,149405.63,Farmer,Self-Employed,Primary,6,7.22,False,False,PM Awas Yojana,Housing,False,613
38,Other,Karnataka,General,149405.63,Farmer,Self-Employed,Primary,6,7.22,False,False,Skill India,Employment,False,613
64,Other,Karnataka,OBC,248525.65,Retired,Retired,Secondary,5,0.83,False,True,PM Kisan,Agriculture,False,614
64,Other,Karnataka,OBC,248525.65,Retired,Retired,Secondary,5,0.83,False,True,Post Matric Scholarship,Education,False,614
64,Other,Karnataka,OBC,248525.65,Retired,Retired,Secondary,5,0.83,False,True,Ayushman Bharat,Healthcare,False,614
64,Other,Karnataka,OBC,248525.65,Retired,Retired,Secondary,5,0.83,False,True,PM Awas Yojana,Housing,False,614
64,Other,Karnataka,OBC,248525.65,Retired,Retired,Secondary,5,0.83,False,True,Skill India,Employment,False,614
57,Female,Tamil Nadu,OBC,1404974.83,Private Employee,Employed,Diploma,5,0.0,False,False,PM Kisan,Agriculture,False,615
57,Female,Tamil Nadu,OBC,1404974.83,Private Employee,Employed,Diploma,5,0.0,False,False,Post Matric Scholarship,Education,False,615
57,Female,Tamil Nadu,OBC,1404974.83,Private Employee,Employed,Diploma,5,0.0,False,False,Ayushman Bharat,Healthcare,False,615
57,Female,Tamil Nadu,OBC,1404974.83,Private Employee,Employed,Diploma,5,0.0,False,False,PM Awas Yojana,Housing,False,615
57,Female,Tamil Nadu,OBC,1404974.83,Private Employee,Employed,Diploma,5,0.0,False,False,Skill India,Employment,False,615
31,Other,Karnataka,ST,96641.71,Unemployed,Unemployed,Primary,5,0.0,True,True,PM Kisan,Agriculture,False,616
31,Other,Karnataka,ST,96641.71,Unemployed,Unemployed,Primary,5,0.0,True,True,Post Matric Scholarship,Education,False,616
31,Other,Karnataka,ST,96641.71,Unemployed,Unemployed,Primary,5,0.0,True,True,Ayushman Bharat,Healthcare,True,616
31,Other,Karnataka,ST,96641.71,Unemployed,Unemployed,Primary,5,0.0,True,True,PM Awas Yojana,Housing,True,616
31,Other,Karnataka,ST,96641.71,Unemployed,Unemployed,Primary,5,0.0,True,True,Skill India,Employment,False,616
24,Female,Kerala,ST,427592.24,Private Employee,Employed,Diploma,3,0.0,False,False,PM Kisan,Agriculture,False,617
24,Female,Kerala,ST,427592.24,Private Employee,Employed,Diploma,3,0.0,False,False,Post Matric Scholarship,Education,False,617
24,Female,Kerala,ST,427592.24,Private Employee,Employed,Diploma,3,0.0,False,False,Ayushman Bharat,Healthcare,False,617
24,Female,Kerala,ST,427592.24,Private Employee,Employed,Diploma,3,0.0,False,False,PM Awas Yojana,Housing,False,617
24,Female,Kerala,ST,427592.24,Private Employee,Employed,Diploma,3,0.0,False,False,Skill India,Employment,False,617
56,Other,Maharashtra,ST,943969.75,Private Employee,Employed,Graduate,2,0.0,False,True,PM Kisan,Agriculture,False,618
56,Other,Maharashtra,ST,943969.75,Private Employee,Employed,Graduate,2,0.0,False,True,Post Matric Scholarship,Education,False,618
56,Other,Maharashtra,ST,943969.75,Private Employee,Employed,Graduate,2,0.0,False,True,Ayushman Bharat,Healthcare,False,618
56,Other,Maharashtra,ST,943969.75,Private Employee,Employed,Graduate,2,0.0,False,True,PM Awas Yojana,Housing,False,618
56,Other,Maharashtra,ST,943969.75,Private Employee,Employed,Graduate,2,0.0,False,True,Skill India,Employment,False,618
32,Male,Tamil Nadu,General,990365.18,Private Employee,Employed,Graduate,3,0.0,False,False,PM Kisan,Agriculture,False,619
32,Male,Tamil Nadu,General,990365.18,Private Employee,Employed,Graduate,3,0.0,False,False,Post Matric Scholarship,Education,False,619
32,Male,Tamil Nadu,General,990365.18,Private Employee,Employed,Graduate,3,0.0,False,False,Ayushman Bharat,Healthcare,False,619
32,Male,Tamil Nadu,General,990365.18,Private Employee,Employed,Graduate,3,0.0,False,False,PM Awas Yojana,Housing,False,619
32,Male,Tamil Nadu,General,990365.18,Private Employee,Employed,Graduate,3,0.0,False,False,Skill India,Employment,False,619
46,Other,Tamil Nadu,OBC,1043592.6,Private Employee,Employed,Post Graduate,6,0.0,False,True,PM Kisan,Agriculture,False,620
46,Other,Tamil Nadu,OBC,1043592.6,Private Employee,Employed,Post Graduate,6,0.0,False,True,Post Matric Scholarship,Education,False,620
46,Other,Tamil Nadu,OBC,1043592.6,Private Employee,Employed,Post Graduate,6,0.0,False,True,Ayushman Bharat,Healthcare,False,620
46,Other,Tamil Nadu,OBC,1043592.6,Private Employee,Employed,Post Graduate,6,0.0,False,True,PM Awas Yojana,Housing,False,620
46,Other,Tamil Nadu,OBC,1043592.6,Private Employee,Employed,Post Graduate,6,0.0,False,True,Skill India,Employment,False,620
59,Female,Karnataka,General,413875.79,Private Employee,Employed,Post Graduate,2,0.0,False,True,PM Kisan,Agriculture,False,621
59,Female,Karnataka,General,413875.79,Private Employee,Employed,Post Graduate,2,0.0,False,True,Post Matric Scholarship,Education,False,621
59,Female,Karnataka,General,413875.79,Private Employee,Employed,Post Graduate,2,0.0,False,True,Ayushman Bharat,Healthcare,False,621
59,Female,Karnataka,General,413875.79,Private Employee,Employed,Post Graduate,2,0.0,False,True,PM Awas Yojana,Housing,False,621
59,Female,Karnataka,General,413875.79,Private Employee,Employed,Post Graduate,2,0.0,False,True,Skill India,Employment,False,621
28,Male,Kerala,SC,93832.7,Farmer,Self-Employed,Secondary,6,5.62,True,True,PM Kisan,Agriculture,True,622
28,Male,Kerala,SC,93832.7,Farmer,Self-Employed,Secondary,6,5.62,True,True,Post Matric Scholarship,Education,False,622
28,Male,Kerala,SC,93832.7,Farmer,Self-Employed,Secondary,6,5.62,True,True,Ayushman Bharat,Healthcare,True,622
28,Male,Kerala,SC,93832.7,Farmer,Self-Employed,Secondary,6,5.62,True,True,PM Awas Yojana,Housing,True,622
28,Male,Kerala,SC,93832.7,Farmer,Self-Employed,Secondary,6,5.62,True,True,Skill India,Employment,False,622
50,Female,Delhi,SC,0.0,Homemaker,Unemployed,Secondary,7,1.99,False,False,PM Kisan,Agriculture,False,623
50,Female,Delhi,SC,0.0,Homemaker,Unemployed,Secondary,7,1.99,False,False,Post Matric Scholarship,Education,False,623
50,Female,Delhi,SC,0.0,Homemaker,Unemployed,Secondary,7,1.99,False,False,Ayushman Bharat,Healthcare,False,623
50,Female,Delhi,SC,0.0,Homemaker,Unemployed,Secondary,7,1.99,False,False,PM Awas Yojana,Housing,False,623
50,Female,Delhi,SC,0.0,Homemaker,Unemployed,Secondary,7,1.99,False,False,Skill India,Employment,False,623
44,Female,Tamil Nadu,OBC,435516.38,Farmer,Self-Employed,Primary,5,3.78,True,True,PM Kisan,Agriculture,False,624
44,Female,Tamil Nadu,OBC,435516.38,Farmer,Self-Employed,Primary,5,3.78,True,True,Post Matric Scholarship,Education,False,624
44,Female,Tamil Nadu,OBC,435516.38,Farmer,Self-Employed,Primary,5,3.78,True,True,Ayushman Bharat,Healthcare,False,624
44,Female,Tamil Nadu,OBC,435516.38,Farmer,Self-Employed,Primary,5,3.78,True,True,PM Awas Yojana,Housing,False,624
44,Female,Tamil Nadu,OBC,435516.38,Farmer,Self-Employed,Primary,5,3.78,True,True,Skill India,Employment,False,624
37,Male,Delhi,General,705274.75,Private Employee,Employed,Post Graduate,5,0.0,False,False,PM Kisan,Agriculture,False,625
37,Male,Delhi,General,705274.75,Private Employee,Employed,Post Graduate,5,0.0,False,False,Post Matric Scholarship,Education,False,625
37,Male,Delhi,General,705274.75,Private Employee,Employed,Post Graduate,5,0.0,False,False,Ayushman Bharat,Healthcare,False,625
37,Male,Delhi,General,705274.75,Private Employee,Employed,Post Graduate,5,0.0,False,False,PM Awas Yojana,Housing,False,625
37,Male,Delhi,General,705274.75,Private Employee,Employed,Post Graduate,5,0.0,False,False,Skill India,Employment,False,625
60,Other,Maharashtra,SC,152159.56,Farmer,Self-Employed,Secondary,5,7.75,False,True,PM Kisan,Agriculture,True,626
60,Other,Maharashtra,SC,152159.56,Farmer,Self-Employed,Secondary,5,7.75,False,True,Post Matric Scholarship,Education,False,626
60,Other,Maharashtra,SC,152159.56,Farmer,Self-Employed,Secondary,5,7.75,False,True,Ayushman Bharat,Healthcare,False,626
60,Other,Maharashtra,SC,152159.56,Farmer,Self-Employed,Secondary,5,7.75,False,True,PM Awas Yojana,Housing,False,626
60,Other,Maharashtra,SC,152159.56,Farmer,Self-Employed,Secondary,5,7.75,False,True,Skill India,Employment,False,626
38,Female,Maharashtra,ST,1979385.73,Business,Self-Employed,Post Graduate,7,1.56,False,True,PM Kisan,Agriculture,False,627
38,Female,Maharashtra,ST,1979385.73,Business,Self-Employed,Post Graduate,7,1.56,False,True,Post Matric Scholarship,Education,False,627
38,Female,Maharashtra,ST,1979385.73,Business,Self-Employed,Post Graduate,7,1.56,False,True,Ayushman Bharat,Healthcare,False,627
38,Female,Maharashtra,ST,1979385.73,Business,Self-Employed,Post Graduate,7,1.56,False,True,PM Awas Yojana,Housing,False,627
38,Female,Maharashtra,ST,1979385.73,Business,Self-Employed,Post Graduate,7,1.56,False,True,Skill India,Employment,False,627
21,Other,Delhi,SC,62828.82,Student,Student,Graduate,4,0.0,True,True,PM Kisan,Agriculture,False,628
21,Other,Delhi,SC,62828.82,Student,Student,Graduate,4,0.0,True,True,Post Matric Scholarship,Education,True,628
21,Other,Delhi,SC,62828.82,Student,Student,Graduate,4,0.0,True,True,Ayushman Bharat,Healthcare,True,628
21,Other,Delhi,SC,62828.82,Student,Student,Graduate,4,0.0,True,True,PM Awas Yojana,Housing,True,628
21,Other,Delhi,SC,62828.82,Student,Student,Graduate,4,0.0,True,True,Skill India,Employment,True,628
54,Other,Kerala,OBC,665124.88,Private Employee,Employed,Diploma,5,0.0,False,False,PM Kisan,Agriculture,False,629
54,Other,Kerala,OBC,665124.88,Private Employee,Employed,Diploma,5,0.0,False,False,Post Matric Scholarship,Education,False,629
54,Other,Kerala,OBC,665124.88,Private Employee,Employed,Diploma,5,0.0,False,False,Ayushman Bharat,Healthcare,False,629
54,Other,Kerala,OBC,665124.88,Private Employee,Employed,Diploma,5,0.0,False,False,PM Awas Yojana,Housing,False,629
54,Other,Kerala,OBC,665124.88,Private Employee,Employed,Diploma,5,0.0,False,False,Skill India,Employment,False,629
60,Male,Kerala,SC,838768.8,Private Employee,Employed,Post Graduate,5,0.0,False,True,PM Kisan,Agriculture,False,630
60,Male,Kerala,SC,838768.8,Private Employee,Employed,Post Graduate,5,0.0,False,True,Post Matric Scholarship,Education,False,630
60,Male,Kerala,SC,838768.8,Private Employee,Employed,Post Graduate,5,0.0,False,True,Ayushman Bharat,Healthcare,False,630
60,Male,Kerala,SC,838768.8,Private Employee,Employed,Post Graduate,5,0.0,False,True,PM Awas Yojana,Housing,False,630
60,Male,Kerala,SC,838768.8,Private Employee,Employed,Post Graduate,5,0.0,False,True,Skill India,Employment,False,630
61,Male,Maharashtra,OBC,453736.82,Retired,Retired,Post Graduate,5,2.82,False,True,PM Kisan,Agriculture,False,631
61,Male,Maharashtra,OBC,453736.82,Retired,Retired,Post Graduate,5,2.82,False,True,Post Matric Scholarship,Education,False,631
61,Male,Maharashtra,OBC,453736.82,Retired,Retired,Post Graduate,5,2.82,False,True,Ayushman Bharat,Healthcare,False,631
61,Male,Maharashtra,OBC,453736.82,Retired,Retired,Post Graduate,5,2.82,False,True,PM Awas Yojana,Housing,False,631
61,Male,Maharashtra,OBC,453736.82,Retired,Retired,Post Graduate,5,2.82,False,True,Skill India,Employment,False,631
32,Female,Kerala,ST,0.0,Homemaker,Unemployed,Secondary,5,2.03,False,False,PM Kisan,Agriculture,False,632
32,Female,Kerala,ST,0.0,Homemaker,Unemployed,Secondary,5,2.03,False,False,Post Matric Scholarship,Education,False,632
32,Female,Kerala,ST,0.0,Homemaker,Unemployed,Secondary,5,2.03,False,False,Ayushman Bharat,Healthcare,False,632
32,Female,Kerala,ST,0.0,Homemaker,Unemployed,Secondary,5,2.03,False,False,PM Awas Yojana,Housing,False,632
32,Female,Kerala,ST,0.0,Homemaker,Unemployed,Secondary,5,2.03,False,False,Skill India,Employment,False,632
33,Male,Maharashtra,SC,517066.82,Government Employee,Employed,Post Graduate,3,0.0,False,False,PM Kisan,Agriculture,False,633
33,Male,Maharashtra,SC,517066.82,Government Employee,Employed,Post Graduate,3,0.0,False,False,Post Matric Scholarship,Education,False,633
33,Male,Maharashtra,SC,517066.82,Government Employee,Employed,Post Graduate,3,0.0,False,False,Ayushman Bharat,Healthcare,False,633
33,Male,Maharashtra,SC,517066.82,Government Employee,Employed,Post Graduate,3,0.0,False,False,PM Awas Yojana,Housing,False,633
33,Male,Maharashtra,SC,517066.82,Government Employee,Employed,Post Graduate,3,0.0,False,False,Skill India,Employment,False,633
29,Female,Karnataka,OBC,8161.67,Unemployed,Unemployed,Primary,3,0.0,False,False,PM Kisan,Agriculture,False,634
29,Female,Karnataka,OBC,8161.67,Unemployed,Unemployed,Primary,3,0.0,False,False,Post Matric Scholarship,Education,False,634
29,Female,Karnataka,OBC,8161.67,Unemployed,Unemployed,Primary,3,0.0,False,False,Ayushman Bharat,Healthcare,False,634
29,Female,Karnataka,OBC,8161.67,Unemployed,Unemployed,Primary,3,0.0,False,False,PM Awas Yojana,Housing,False,634
29,Female,Karnataka,OBC,8161.67,Unemployed,Unemployed,Primary,3,0.0,False,False,Skill India,Employment,False,634
26,Other,Maharashtra,OBC,1078324.7,Government Employee,Employed,Post Graduate,4,0.0,False,False,PM Kisan,Agriculture,False,635
26,Other,Maharashtra,OBC,1078324.7,Government Employee,Employed,Post Graduate,4,0.0,False,False,Post Matric Scholarship,Education,False,635
26,Other,Maharashtra,OBC,1078324.7,Government Employee,Employed,Post Graduate,4,0.0,False,False,Ayushman Bharat,Healthcare,False,635
26,Other,Maharashtra,OBC,1078324.7,Government Employee,Employed,Post Graduate,4,0.0,False,False,PM Awas Yojana,Housing,False,635
26,Other,Maharashtra,OBC,1078324.7,Government Employee,Employed,Post Graduate,4,0.0,False,False,Skill India,Employment,False,635
56,Female,Maharashtra,General,0.0,Homemaker,Unemployed,Secondary,3,0.24,False,True,PM Kisan,Agriculture,False,636
56,Female,Maharashtra,General,0.0,Homemaker,Unemployed,Secondary,3,0.24,False,True,Post Matric Scholarship,Education,False,636
56,Female,Maharashtra,General,0.0,Homemaker,Unemployed,Secondary,3,0.24,False,True,Ayushman Bharat,Healthcare,False,636
56,Female,Maharashtra,General,0.0,Homemaker,Unemployed,Secondary,3,0.24,False,True,PM Awas Yojana,Housing,False,636
56,Female,Maharashtra,General,0.0,Homemaker,Unemployed,Secondary,3,0.24,False,True,Skill India,Employment,False,636
43,Female,Delhi,ST,143611.25,Farmer,Self-Employed,Secondary,5,7.21,False,False,PM Kisan,Agriculture,True,637
43,Female,Delhi,ST,143611.25,Farmer,Self-Employed,Secondary,5,7.21,False,False,Post Matric Scholarship,Education,False,637
43,Female,Delhi,ST,143611.25,Farmer,Self-Employed,Secondary,5,7.21,False,False,Ayushman Bharat,Healthcare,False,637
43,Female,Delhi,ST,143611.25,Farmer,Self-Employed,Secondary,5,7.21,False,False,PM Awas Yojana,Housing,False,637
43,Female,Delhi,ST,143611.25,Farmer,Self-Employed,Secondary,5,7.21,False,False,Skill India,Employment,False,637
30,Female,Delhi,General,147502.52,Farmer,Self-Employed,Higher Secondary,5,7.98,True,True,PM Kisan,Agriculture,True,638
30,Female,Delhi,General,147502.52,Farmer,Self-Employed,Higher Secondary,5,7.98,True,True,Post Matric Scholarship,Education,False,638
30,Female,Delhi,General,147502.52,Farmer,Self-Employed,Higher Secondary,5,7.98,True,True,Ayushman Bharat,Healthcare,True,638
30,Female,Delhi,General,147502.52,Farmer,Self-Employed,Higher Secondary,5,7.98,True,True,PM Awas Yojana,Housing,True,638
30,Female,Delhi,General,147502.52,Farmer,Self-Employed,Higher Secondary,5,7.98,True,True,Skill India,Employment,False,638
48,Male,Kerala,ST,998939.28,Government Employee,Employed,Post Graduate,3,0.0,False,False,PM Kisan,Agriculture,False,639
48,Male,Kerala,ST,998939.28,Government Employee,Employed,Post Graduate,3,0.0,False,False,Post Matric Scholarship,Education,False,639
48,Male,Kerala,ST,998939.28,Government Employee,Employed,Post Graduate,3,0.0,False,False,Ayushman Bharat,Healthcare,False,639
48,Male,Kerala,ST,998939.28,Government Employee,Employed,Post Graduate,3,0.0,False,False,PM Awas Yojana,Housing,False,639
48,Male,Kerala,ST,998939.28,Government Employee,Employed,Post Graduate,3,0.0,False,False,Skill India,Employment,False,639
18,Male,Karnataka,SC,144473.84,Student,Student,Higher Secondary,3,0.0,False,False,PM Kisan,Agriculture,False,640
18,Male,Karnataka,SC,144473.84,Student,Student,Higher Secondary,3,0.0,False,False,Post Matric Scholarship,Education,True,640
18,Male,Karnataka,SC,144473.84,Student,Student,Higher Secondary,3,0.0,False,False,Ayushman Bharat,Healthcare,False,640
18,Male,Karnataka,SC,144473.84,Student,Student,Higher Secondary,3,0.0,False,False,PM Awas Yojana,Housing,False,640
18,Male,Karnataka,SC,144473.84,Student,Student,Higher Secondary,3,0.0,False,False,Skill India,Employment,True,640
20,Female,Tamil Nadu,ST,7888.91,Unemployed,Unemployed,Higher Secondary,2,0.0,True,True,PM Kisan,Agriculture,False,641
20,Female,Tamil Nadu,ST,7888.91,Unemployed,Unemployed,Higher Secondary,2,0.0,True,True,Post Matric Scholarship,Education,False,641
20,Female,Tamil Nadu,ST,7888.91,Unemployed,Unemployed,Higher Secondary,2,0.0,True,True,Ayushman Bharat,Healthcare,True,641
20,Female,Tamil Nadu,ST,7888.91,Unemployed,Unemployed,Higher Secondary,2,0.0,True,True,PM Awas Yojana,Housing,True,641
20,Female,Tamil Nadu,ST,7888.91,Unemployed,Unemployed,Higher Secondary,2,0.0,True,True,Skill India,Employment,True,641
19,Other,Delhi,SC,47534.11,Student,Student,Higher Secondary,3,0.0,True,True,PM Kisan,Agriculture,False,642
19,Other,Delhi,SC,47534.11,Student,Student,Higher Secondary,3,0.0,True,True,Post Matric Scholarship,Education,True,642
19,Other,Delhi,SC,47534.11,Student,Student,Higher Secondary,3,0.0,True,True,Ayushman Bharat,Healthcare,True,642
19,Other,Delhi,SC,47534.11,Student,Student,Higher Secondary,3,0.0,True,True,PM Awas Yojana,Housing,True,642
19,Other,Delhi,SC,47534.11,Student,Student,Higher Secondary,3,0.0,True,True,Skill India,Employment,True,642
19,Female,Delhi,ST,95119.55,Student,Unemployed,Diploma,4,0.0,False,True,PM Kisan,Agriculture,False,643
19,Female,Delhi,ST,95119.55,Student,Unemployed,Diploma,4,0.0,False,True,Post Matric Scholarship,Education,False,643
19,Female,Delhi,ST,95119.55,Student,Unemployed,Diploma,4,0.0,False,True,Ayushman Bharat,Healthcare,False,643
19,Female,Delhi,ST,95119.55,Student,Unemployed,Diploma,4,0.0,False,True,PM Awas Yojana,Housing,False,643
19,Female,Delhi,ST,95119.55,Student,Unemployed,Diploma,4,0.0,False,True,Skill India,Employment,False,643
21,Female,Delhi,OBC,41845.02,Student,Student,Higher Secondary,4,0.0,True,False,PM Kisan,Agriculture,False,644
21,Female,Delhi,OBC,41845.02,Student,Student,Higher Secondary,4,0.0,True,False,Post Matric Scholarship,Education,True,644
21,Female,Delhi,OBC,41845.02,Student,Student,Higher Secondary,4,0.0,True,False,Ayushman Bharat,Healthcare,True,644
21,Female,Delhi,OBC,41845.02,Student,Student,Higher Secondary,4,0.0,True,False,PM Awas Yojana,Housing,True,644
21,Female,Delhi,OBC,41845.02,Student,Student,Higher Secondary,4,0.0,True,False,Skill India,Employment,True,644
29,Male,Maharashtra,OBC,94442.21,Unemployed,Unemployed,Secondary,6,0.0,True,False,PM Kisan,Agriculture,False,645
29,Male,Maharashtra,OBC,94442.21,Unemployed,Unemployed,Secondary,6,0.0,True,False,Post Matric Scholarship,Education,False,645
29,Male,Maharashtra,OBC,94442.21,Unemployed,Unemployed,Secondary,6,0.0,True,False,Ayushman Bharat,Healthcare,True,645
29,Male,Maharashtra,OBC,94442.21,Unemployed,Unemployed,Secondary,6,0.0,True,False,PM Awas Yojana,Housing,True,645
29,Male,Maharashtra,OBC,94442.21,Unemployed,Unemployed,Secondary,6,0.0,True,False,Skill India,Employment,True,645
40,Male,Karnataka,ST,395238.07,Farmer,Self-Employed,Secondary,7,1.9,False,False,PM Kisan,Agriculture,False,646
40,Male,Karnataka,ST,395238.07,Farmer,Self-Employed,Secondary,7,1.9,False,False,Post Matric Scholarship,Education,False,646
40,Male,Karnataka,ST,395238.07,Farmer,Self-Employed,Secondary,7,1.9,False,False,Ayushman Bharat,Healthcare,False,646
40,Male,Karnataka,ST,395238.07,Farmer,Self-Employed,Secondary,7,1.9,False,False,PM Awas Yojana,Housing,False,646
40,Male,Karnataka,ST,395238.07,Farmer,Self-Employed,Secondary,7,1.9,False,False,Skill India,Employment,False,646
37,Female,Delhi,General,762064.2,Government Employee,Employed,Post Graduate,3,0.0,False,False,PM Kisan,Agriculture,False,647
37,Female,Delhi,General,762064.2,Government Employee,Employed,Post Graduate,3,0.0,False,False,Post Matric Scholarship,Education,False,647
37,Female,Delhi,General,762064.2,Government Employee,Employed,Post Graduate,3,0.0,False,False,Ayushman Bharat,Healthcare,False,647
37,Female,Delhi,General,762064.2,Government Employee,Employed,Post Graduate,3,0.0,False,False,PM Awas Yojana,Housing,False,647
37,Female,Delhi,General,762064.2,Government Employee,Employed,Post Graduate,3,0.0,False,False,Skill India,Employment,False,647
37,Female,Kerala,OBC,1004840.58,Government Employee,Employed,Graduate,4,0.0,False,False,PM Kisan,Agriculture,False,648
37,Female,Kerala,OBC,1004840.58,Government Employee,Employed,Graduate,4,0.0,False,False,Post Matric Scholarship,Education,False,648
37,Female,Kerala,OBC,1004840.58,Government Employee,Employed,Graduate,4,0.0,False,False,Ayushman Bharat,Healthcare,False,648
37,Female,Kerala,OBC,1004840.58,Government Employee,Employed,Graduate,4,0.0,False,False,PM Awas Yojana,Housing,False,648
37,Female,Kerala,OBC,1004840.58,Government Employee,Employed,Graduate,4,0.0,False,False,Skill India,Employment,False,648
19,Other,Kerala,General,47193.53,Student,Student,Higher Secondary,5,0.0,True,False,PM Kisan,Agriculture,False,649
19,Other,Kerala,General,47193.53,Student,Student,Higher Secondary,5,0.0,True,False,Post Matric Scholarship,Education,True,649
19,Other,Kerala,General,47193.53,Student,Student,Higher Secondary,5,0.0,True,False,Ayushman Bharat,Healthcare,True,649
19,Other,Kerala,General,47193.53,Student,Student,Higher Secondary,5,0.0,True,False,PM Awas Yojana,Housing,True,649
19,Other,Kerala,General,47193.53,Student,Student,Higher Secondary,5,0.0,True,False,Skill India,Employment,True,649
24,Male,Maharashtra,ST,55288.88,Student,Student,Graduate,3,0.0,False,True,PM Kisan,Agriculture,False,650
24,Male,Maharashtra,ST,55288.88,Student,Student,Graduate,3,0.0,False,True,Post Matric Scholarship,Education,True,650
24,Male,Maharashtra,ST,55288.88,Student,Student,Graduate,3,0.0,False,True,Ayushman Bharat,Healthcare,False,650
24,Male,Maharashtra,ST,55288.88,Student,Student,Graduate,3,0.0,False,True,PM Awas Yojana,Housing,False,650
24,Male,Maharashtra,ST,55288.88,Student,Student,Graduate,3,0.0,False,True,Skill India,Employment,True,650
32,Male,Maharashtra,OBC,0.0,Homemaker,Unemployed,Secondary,4,1.33,True,True,PM Kisan,Agriculture,False,651
32,Male,Maharashtra,OBC,0.0,Homemaker,Unemployed,Secondary,4,1.33,True,True,Post Matric Scholarship,Education,False,651
32,Male,Maharashtra,OBC,0.0,Homemaker,Unemployed,Secondary,4,1.33,True,True,Ayushman Bharat,Healthcare,True,651
32,Male,Maharashtra,OBC,0.0,Homemaker,Unemployed,Secondary,4,1.33,True,True,PM Awas Yojana,Housing,True,651
32,Male,Maharashtra,OBC,0.0,Homemaker,Unemployed,Secondary,4,1.33,True,True,Skill India,Employment,False,651
37,Male,Maharashtra,SC,109387.6,Farmer,Self-Employed,Secondary,7,1.49,True,False,PM Kisan,Agriculture,True,652
37,Male,Maharashtra,SC,109387.6,Farmer,Self-Employed,Secondary,7,1.49,True,False,Post Matric Scholarship,Education,False,652
37,Male,Maharashtra,SC,109387.6,Farmer,Self-Employed,Secondary,7,1.49,True,False,Ayushman Bharat,Healthcare,True,652
37,Male,Maharashtra,SC,109387.6,Farmer,Self-Employed,Secondary,7,1.49,True,False,PM Awas Yojana,Housing,True,652
37,Male,Maharashtra,SC,109387.6,Farmer,Self-Employed,Secondary,7,1.49,True,False,Skill India,Employment,False,652
52,Other,Delhi,ST,1385908.21,Private Employee,Employed,Graduate,6,0.0,False,False,PM Kisan,Agriculture,False,653
52,Other,Delhi,ST,1385908.21,Private Employee,Employed,Graduate,6,0.0,False,False,Post Matric Scholarship,Education,False,653
52,Other,Delhi,ST,1385908.21,Private Employee,Employed,Graduate,6,0.0,False,False,Ayushman Bharat,Healthcare,False,653
52,Other,Delhi,ST,1385908.21,Private Employee,Employed,Graduate,6,0.0,False,False,PM Awas Yojana,Housing,False,653
52,Other,Delhi,ST,1385908.21,Private Employee,Employed,Graduate,6,0.0,False,False,Skill India,Employment,False,653
25,Other,Maharashtra,ST,61598.39,Unemployed,Unemployed,Primary,2,0.0,False,False,PM Kisan,Agriculture,False,654
25,Other,Maharashtra,ST,61598.39,Unemployed,Unemployed,Primary,2,0.0,False,False,Post Matric Scholarship,Education,False,654
25,Other,Maharashtra,ST,61598.39,Unemployed,Unemployed,Primary,2,0.0,False,False,Ayushman Bharat,Healthcare,False,654
25,Other,Maharashtra,ST,61598.39,Unemployed,Unemployed,Primary,2,0.0,False,False,PM Awas Yojana,Housing,False,654
25,Other,Maharashtra,ST,61598.39,Unemployed,Unemployed,Primary,2,0.0,False,False,Skill India,Employment,False,654
38,Female,Delhi,General,1069921.28,Private Employee,Employed,Post Graduate,4,0.0,False,False,PM Kisan,Agriculture,False,655
38,Female,Delhi,General,1069921.28,Private Employee,Employed,Post Graduate,4,0.0,False,False,Post Matric Scholarship,Education,False,655
38,Female,Delhi,General,1069921.28,Private Employee,Employed,Post Graduate,4,0.0,False,False,Ayushman Bharat,Healthcare,False,655
38,Female,Delhi,General,1069921.28,Private Employee,Employed,Post Graduate,4,0.0,False,False,PM Awas Yojana,Housing,False,655
38,Female,Delhi,General,1069921.28,Private Employee,Employed,Post Graduate,4,0.0,False,False,Skill India,Employment,False,655
43,Female,Kerala,SC,155631.19,Farmer,Self-Employed,Higher Secondary,6,5.01,True,True,PM Kisan,Agriculture,True,656
43,Female,Kerala,SC,155631.19,Farmer,Self-Employed,Higher Secondary,6,5.01,True,True,Post Matric Scholarship,Education,False,656
43,Female,Kerala,SC,155631.19,Farmer,Self-Employed,Higher Secondary,6,5.01,True,True,Ayushman Bharat,Healthcare,True,656
43,Female,Kerala,SC,155631.19,Farmer,Self-Employed,Higher Secondary,6,5.01,True,True,PM Awas Yojana,Housing,True,656
43,Female,Kerala,SC,155631.19,Farmer,Self-Employed,Higher Secondary,6,5.01,True,True,Skill India,Employment,False,656
53,Other,Delhi,ST,1441966.24,Private Employee,Employed,Graduate,4,0.0,False,False,PM Kisan,Agriculture,False,657
53,Other,Delhi,ST,1441966.24,Private Employee,Employed,Graduate,4,0.0,False,False,Post Matric Scholarship,Education,False,657
53,Other,Delhi,ST,1441966.24,Private Employee,Employed,Graduate,4,0.0,False,False,Ayushman Bharat,Healthcare,False,657
53,Other,Delhi,ST,1441966.24,Private Employee,Employed,Graduate,4,0.0,False,False,PM Awas Yojana,Housing,False,657
53,Other,Delhi,ST,1441966.24,Private Employee,Employed,Graduate,4,0.0,False,False,Skill India,Employment,False,657
60,Female,Delhi,SC,180456.15,Farmer,Self-Employed,Primary,5,2.1,False,True,PM Kisan,Agriculture,True,658
60,Female,Delhi,SC,180456.15,Farmer,Self-Employed,Primary,5,2.1,False,True,Post Matric Scholarship,Education,False,658
60,Female,Delhi,SC,180456.15,Farmer,Self-Employed,Primary,5,2.1,False,True,Ayushman Bharat,Healthcare,False,658
60,Female,Delhi,SC,180456.15,Farmer,Self-Employed,Primary,5,2.1,False,True,PM Awas Yojana,Housing,False,658
60,Female,Delhi,SC,180456.15,Farmer,Self-Employed,Primary,5,2.1,False,True,Skill India,Employment,False,658
41,Male,Maharashtra,General,2285675.15,Business,Self-Employed,Higher Secondary,2,0.36,False,False,PM Kisan,Agriculture,False,659
41,Male,Maharashtra,General,2285675.15,Business,Self-Employed,Higher Secondary,2,0.36,False,False,Post Matric Scholarship,Education,False,659
41,Male,Maharashtra,General,2285675.15,Business,Self-Employed,Higher Secondary,2,0.36,False,False,Ayushman Bharat,Healthcare,False,659
41,Male,Maharashtra,General,2285675.15,Business,Self-Employed,Higher Secondary,2,0.36,False,False,PM Awas Yojana,Housing,False,659
41,Male,Maharashtra,General,2285675.15,Business,Self-Employed,Higher Secondary,2,0.36,False,False,Skill India,Employment,False,659
22,Female,Karnataka,SC,77948.29,Student,Unemployed,Higher Secondary,4,0.0,False,True,PM Kisan,Agriculture,False,660
22,Female,Karnataka,SC,77948.29,Student,Unemployed,Higher Secondary,4,0.0,False,True,Post Matric Scholarship,Education,False,660
22,Female,Karnataka,SC,77948.29,Student,Unemployed,Higher Secondary,4,0.0,False,True,Ayushman Bharat,Healthcare,False,660
22,Female,Karnataka,SC,77948.29,Student,Unemployed,Higher Secondary,4,0.0,False,True,PM Awas Yojana,Housing,False,660
22,Female,Karnataka,SC,77948.29,Student,Unemployed,Higher Secondary,4,0.0,False,True,Skill India,Employment,True,660
41,Female,Tamil Nadu,OBC,0.0,Homemaker,Unemployed,Graduate,3,0.98,False,True,PM Kisan,Agriculture,False,661
41,Female,Tamil Nadu,OBC,0.0,Homemaker,Unemployed,Graduate,3,0.98,False,True,Post Matric Scholarship,Education,False,661
41,Female,Tamil Nadu,OBC,0.0,Homemaker,Unemployed,Graduate,3,0.98,False,True,Ayushman Bharat,Healthcare,False,661
41,Female,Tamil Nadu,OBC,0.0,Homemaker,Unemployed,Graduate,3,0.98,False,True,PM Awas Yojana,Housing,False,661
41,Female,Tamil Nadu,OBC,0.0,Homemaker,Unemployed,Graduate,3,0.98,False,True,Skill India,Employment,False,661
44,Male,Delhi,ST,364385.93,Government Employee,Employed,Post Graduate,4,0.0,False,True,PM Kisan,Agriculture,False,662
44,Male,Delhi,ST,364385.93,Government Employee,Employed,Post Graduate,4,0.0,False,True,Post Matric Scholarship,Education,False,662
44,Male,Delhi,ST,364385.93,Government Employee,Employed,Post Graduate,4,0.0,False,True,Ayushman Bharat,Healthcare,False,662
44,Male,Delhi,ST,364385.93,Government Employee,Employed,Post Graduate,4,0.0,False,True,PM Awas Yojana,Housing,False,662
44,Male,Delhi,ST,364385.93,Government Employee,Employed,Post Graduate,4,0.0,False,True,Skill India,Employment,False,662
41,Other,Tamil Nadu,General,497723.2,Private Employee,Employed,Graduate,3,0.0,False,False,PM Kisan,Agriculture,False,663
41,Other,Tamil Nadu,General,497723.2,Private Employee,Employed,Graduate,3,0.0,False,False,Post Matric Scholarship,Education,False,663
41,Other,Tamil Nadu,General,497723.2,Private Employee,Employed,Graduate,3,0.0,False,False,Ayushman Bharat,Healthcare,False,663
41,Other,Tamil Nadu,General,497723.2,Private Employee,Employed,Graduate,3,0.0,False,False,PM Awas Yojana,Housing,False,663
41,Other,Tamil Nadu,General,497723.2,Private Employee,Employed,Graduate,3,0.0,False,False,Skill India,Employment,False,663
24,Other,Maharashtra,SC,59103.49,Unemployed,Unemployed,Primary,5,0.0,True,True,PM Kisan,Agriculture,False,664
24,Other,Maharashtra,SC,59103.49,Unemployed,Unemployed,Primary,5,0.0,True,True,Post Matric Scholarship,Education,False,664
24,Other,Maharashtra,SC,59103.49,Unemployed,Unemployed,Primary,5,0.0,True,True,Ayushman Bharat,Healthcare,True,664
24,Other,Maharashtra,SC,59103.49,Unemployed,Unemployed,Primary,5,0.0,True,True,PM Awas Yojana,Housing,True,664
24,Other,Maharashtra,SC,59103.49,Unemployed,Unemployed,Primary,5,0.0,True,True,Skill India,Employment,False,664
55,Other,Tamil Nadu,General,5124.75,Unemployed,Unemployed,Secondary,4,0.0,False,False,PM Kisan,Agriculture,False,665
55,Other,Tamil Nadu,General,5124.75,Unemployed,Unemployed,Secondary,4,0.0,False,False,Post Matric Scholarship,Education,False,665
55,Other,Tamil Nadu,General,5124.75,Unemployed,Unemployed,Secondary,4,0.0,False,False,Ayushman Bharat,Healthcare,False,665
55,Other,Tamil Nadu,General,5124.75,Unemployed,Unemployed,Secondary,4,0.0,False,False,PM Awas Yojana,Housing,False,665
55,Other,Tamil Nadu,General,5124.75,Unemployed,Unemployed,Secondary,4,0.0,False,False,Skill India,Employment,True,665
53,Male,Tamil Nadu,ST,286895.27,Private Employee,Employed,Diploma,2,0.0,False,True,PM Kisan,Agriculture,False,666
53,Male,Tamil Nadu,ST,286895.27,Private Employee,Employed,Diploma,2,0.0,False,True,Post Matric Scholarship,Education,False,666
53,Male,Tamil Nadu,ST,286895.27,Private Employee,Employed,Diploma,2,0.0,False,True,Ayushman Bharat,Healthcare,False,666
53,Male,Tamil Nadu,ST,286895.27,Private Employee,Employed,Diploma,2,0.0,False,True,PM Awas Yojana,Housing,False,666
53,Male,Tamil Nadu,ST,286895.27,Private Employee,Employed,Diploma,2,0.0,False,True,Skill India,Employment,False,666
27,Other,Tamil Nadu,SC,1881032.2,Business,Self-Employed,Post Graduate,5,1.1,False,False,PM Kisan,Agriculture,False,667
27,Other,Tamil Nadu,SC,1881032.2,Business,Self-Employed,Post Graduate,5,1.1,False,False,Post Matric Scholarship,Education,False,667
27,Other,Tamil Nadu,SC,1881032.2,Business,Self-Employed,Post Graduate,5,1.1,False,False,Ayushman Bharat,Healthcare,False,667
27,Other,Tamil Nadu,SC,1881032.2,Business,Self-Employed,Post Graduate,5,1.1,False,False,PM Awas Yojana,Housing,False,667
27,Other,Tamil Nadu,SC,1881032.2,Business,Self-Employed,Post Graduate,5,1.1,False,False,Skill India,Employment,False,667
80,Female,Delhi,General,157691.06,Retired,Retired,Secondary,4,0.89,False,False,PM Kisan,Agriculture,False,668
80,Female,Delhi,General,157691.06,Retired,Retired,Secondary,4,0.89,False,False,Post Matric Scholarship,Education,False,668
80,Female,Delhi,General,157691.06,Retired,Retired,Secondary,4,0.89,False,False,Ayushman Bharat,Healthcare,False,668
80,Female,Delhi,General,157691.06,Retired,Retired,Secondary,4,0.89,False,False,PM Awas Yojana,Housing,False,668
80,Female,Delhi,General,157691.06,Retired,Retired,Secondary,4,0.89,False,False,Skill India,Employment,False,668
21,Male,Kerala,OBC,12190.76,Student,Student,Diploma,4,0.0,False,True,PM Kisan,Agriculture,False,669
21,Male,Kerala,OBC,12190.76,Student,Student,Diploma,4,0.0,False,True,Post Matric Scholarship,Education,False,669
21,Male,Kerala,OBC,12190.76,Student,Student,Diploma,4,0.0,False,True,Ayushman Bharat,Healthcare,False,669
21,Male,Kerala,OBC,12190.76,Student,Student,Diploma,4,0.0,False,True,PM Awas Yojana,Housing,False,669
21,Male,Kerala,OBC,12190.76,Student,Student,Diploma,4,0.0,False,True,Skill India,Employment,False,669
28,Other,Delhi,SC,178181.35,Farmer,Self-Employed,Primary,5,5.05,True,False,PM Kisan,Agriculture,True,670
28,Other,Delhi,SC,178181.35,Farmer,Self-Employed,Primary,5,5.05,True,False,Post Matric Scholarship,Education,False,670
28,Other,Delhi,SC,178181.35,Farmer,Self-Employed,Primary,5,5.05,True,False,Ayushman Bharat,Healthcare,True,670
28,Other,Delhi,SC,178181.35,Farmer,Self-Employed,Primary,5,5.05,True,False,PM Awas Yojana,Housing,True,670
28,Other,Delhi,SC,178181.35,Farmer,Self-Employed,Primary,5,5.05,True,False,Skill India,Employment,False,670
42,Other,Tamil Nadu,General,660038.51,Government Employee,Employed,Post Graduate,3,0.0,False,True,PM Kisan,Agriculture,False,671
42,Other,Tamil Nadu,General,660038.51,Government Employee,Employed,Post Graduate,3,0.0,False,True,Post Matric Scholarship,Education,False,671
42,Other,Tamil Nadu,General,660038.51,Government Employee,Employed,Post Graduate,3,0.0,False,True,Ayushman Bharat,Healthcare,False,671
42,Other,Tamil Nadu,General,660038.51,Government Employee,Employed,Post Graduate,3,0.0,False,True,PM Awas Yojana,Housing,False,671
42,Other,Tamil Nadu,General,660038.51,Government Employee,Employed,Post Graduate,3,0.0,False,True,Skill India,Employment,False,671
61,Male,Karnataka,OBC,299289.9,Farmer,Self-Employed,Secondary,7,7.65,False,False,PM Kisan,Agriculture,False,672
61,Male,Karnataka,OBC,299289.9,Farmer,Self-Employed,Secondary,7,7.65,False,False,Post Matric Scholarship,Education,False,672
61,Male,Karnataka,OBC,299289.9,Farmer,Self-Employed,Secondary,7,7.65,False,False,Ayushman Bharat,Healthcare,False,672
61,Male,Karnataka,OBC,299289.9,Farmer,Self-Employed,Secondary,7,7.65,False,False,PM Awas Yojana,Housing,False,672
61,Male,Karnataka,OBC,299289.9,Farmer,Self-Employed,Secondary,7,7.65,False,False,Skill India,Employment,False,672
42,Female,Maharashtra,SC,89995.28,Farmer,Self-Employed,Secondary,7,7.72,False,False,PM Kisan,Agriculture,True,673
42,Female,Maharashtra,SC,89995.28,Farmer,Self-Employed,Secondary,7,7.72,False,False,Post Matric Scholarship,Education,False,673
42,Female,Maharashtra,SC,89995.28,Farmer,Self-Employed,Secondary,7,7.72,False,False,Ayushman Bharat,Healthcare,False,673
42,Female,Maharashtra,SC,89995.28,Farmer,Self-Employed,Secondary,7,7.72,False,False,PM Awas Yojana,Housing,False,673
42,Female,Maharashtra,SC,89995.28,Farmer,Self-Employed,Secondary,7,7.72,False,False,Skill India,Employment,False,673
55,Other,Karnataka,ST,497731.32,Government Employee,Employed,Post Graduate,5,0.0,False,True,PM Kisan,Agriculture,False,674
55,Other,Karnataka,ST,497731.32,Government Employee,Employed,Post Graduate,5,0.0,False,True,Post Matric Scholarship,Education,False,674
55,Other,Karnataka,ST,497731.32,Government Employee,Employed,Post Graduate,5,0.0,False,True,Ayushman Bharat,Healthcare,False,674
55,Other,Karnataka,ST,497731.32,Government Employee,Employed,Post Graduate,5,0.0,False,True,PM Awas Yojana,Housing,False,674
55,Other,Karnataka,ST,497731.32,Government Employee,Employed,Post Graduate,5,0.0,False,True,Skill India,Employment,False,674
48,Male,Maharashtra,ST,2499532.71,Business,Self-Employed,Graduate,5,1.32,False,True,PM Kisan,Agriculture,False,675
48,Male,Maharashtra,ST,2499532.71,Business,Self-Employed,Graduate,5,1.32,False,True,Post Matric Scholarship,Education,False,675
48,Male,Maharashtra,ST,2499532.71,Business,Self-Employed,Graduate,5,1.32,False,True,Ayushman Bharat,Healthcare,False,675
48,Male,Maharashtra,ST,2499532.71,Business,Self-Employed,Graduate,5,1.32,False,True,PM Awas Yojana,Housing,False,675
48,Male,Maharashtra,ST,2499532.71,Business,Self-Employed,Graduate,5,1.32,False,True,Skill India,Employment,False,675
23,Female,Delhi,SC,15494.39,Student,Student,Higher Secondary,6,0.0,True,False,PM Kisan,Agriculture,False,676
23,Female,Delhi,SC,15494.39,Student,Student,Higher Secondary,6,0.0,True,False,Post Matric Scholarship,Education,True,676
23,Female,Delhi,SC,15494.39,Student,Student,Higher Secondary,6,0.0,True,False,Ayushman Bharat,Healthcare,True,676
23,Female,Delhi,SC,15494.39,Student,Student,Higher Secondary,6,0.0,True,False,PM Awas Yojana,Housing,True,676
23,Female,Delhi,SC,15494.39,Student,Student,Higher Secondary,6,0.0,True,False,Skill India,Employment,True,676
52,Other,Maharashtra,ST,53692.42,Farmer,Self-Employed,Primary,6,3.24,True,False,PM Kisan,Agriculture,True,677
52,Other,Maharashtra,ST,53692.42,Farmer,Self-Employed,Primary,6,3.24,True,False,Post Matric Scholarship,Education,False,677
52,Other,Maharashtra,ST,53692.42,Farmer,Self-Employed,Primary,6,3.24,True,False,Ayushman Bharat,Healthcare,True,677
52,Other,Maharashtra,ST,53692.42,Farmer,Self-Employed,Primary,6,3.24,True,False,PM Awas Yojana,Housing,True,677
52,Other,Maharashtra,ST,53692.42,Farmer,Self-Employed,Primary,6,3.24,True,False,Skill India,Employment,False,677
65,Male,Tamil Nadu,SC,741368.67,Business,Self-Employed,Higher Secondary,4,1.53,False,False,PM Kisan,Agriculture,False,678
65,Male,Tamil Nadu,SC,741368.67,Business,Self-Employed,Higher Secondary,4,1.53,False,False,Post Matric Scholarship,Education,False,678
65,Male,Tamil Nadu,SC,741368.67,Business,Self-Employed,Higher Secondary,4,1.53,False,False,Ayushman Bharat,Healthcare,False,678
65,Male,Tamil Nadu,SC,741368.67,Business,Self-Employed,Higher Secondary,4,1.53,False,False,PM Awas Yojana,Housing,False,678
65,Male,Tamil Nadu,SC,741368.67,Business,Self-Employed,Higher Secondary,4,1.53,False,False,Skill India,Employment,False,678
41,Male,Karnataka,SC,376418.49,Private Employee,Employed,Diploma,5,0.0,False,False,PM Kisan,Agriculture,False,679
41,Male,Karnataka,SC,376418.49,Private Employee,Employed,Diploma,5,0.0,False,False,Post Matric Scholarship,Education,False,679
41,Male,Karnataka,SC,376418.49,Private Employee,Employed,Diploma,5,0.0,False,False,Ayushman Bharat,Healthcare,False,679
41,Male,Karnataka,SC,376418.49,Private Employee,Employed,Diploma,5,0.0,False,False,PM Awas Yojana,Housing,False,679
41,Male,Karnataka,SC,376418.49,Private Employee,Employed,Diploma,5,0.0,False,False,Skill India,Employment,False,679
22,Female,Karnataka,General,1143335.81,Private Employee,Employed,Diploma,6,0.0,False,True,PM Kisan,Agriculture,False,680
22,Female,Karnataka,General,1143335.81,Private Employee,Employed,Diploma,6,0.0,False,True,Post Matric Scholarship,Education,False,680
22,Female,Karnataka,General,1143335.81,Private Employee,Employed,Diploma,6,0.0,False,True,Ayushman Bharat,Healthcare,False,680
22,Female,Karnataka,General,1143335.81,Private Employee,Employed,Diploma,6,0.0,False,True,PM Awas Yojana,Housing,False,680
22,Female,Karnataka,General,1143335.81,Private Employee,Employed,Diploma,6,0.0,False,True,Skill India,Employment,False,680
24,Male,Tamil Nadu,ST,31539.51,Student,Student,Diploma,3,0.0,False,False,PM Kisan,Agriculture,False,681
24,Male,Tamil Nadu,ST,31539.51,Student,Student,Diploma,3,0.0,False,False,Post Matric Scholarship,Education,False,681
24,Male,Tamil Nadu,ST,31539.51,Student,Student,Diploma,3,0.0,False,False,Ayushman Bharat,Healthcare,False,681
24,Male,Tamil Nadu,ST,31539.51,Student,Student,Diploma,3,0.0,False,False,PM Awas Yojana,Housing,False,681
24,Male,Tamil Nadu,ST,31539.51,Student,Student,Diploma,3,0.0,False,False,Skill India,Employment,False,681
20,Female,Delhi,OBC,2950.64,Unemployed,Unemployed,Graduate,3,0.0,False,False,PM Kisan,Agriculture,False,682
20,Female,Delhi,OBC,2950.64,Unemployed,Unemployed,Graduate,3,0.0,False,False,Post Matric Scholarship,Education,False,682
20,Female,Delhi,OBC,2950.64,Unemployed,Unemployed,Graduate,3,0.0,False,False,Ayushman Bharat,Healthcare,False,682
20,Female,Delhi,OBC,2950.64,Unemployed,Unemployed,Graduate,3,0.0,False,False,PM Awas Yojana,Housing,False,682
20,Female,Delhi,OBC,2950.64,Unemployed,Unemployed,Graduate,3,0.0,False,False,Skill India,Employment,True,682
60,Female,Tamil Nadu,ST,237324.04,Retired,Retired,Graduate,4,2.69,False,False,PM Kisan,Agriculture,False,683
60,Female,Tamil Nadu,ST,237324.04,Retired,Retired,Graduate,4,2.69,False,False,Post Matric Scholarship,Education,False,683
60,Female,Tamil Nadu,ST,237324.04,Retired,Retired,Graduate,4,2.69,False,False,Ayushman Bharat,Healthcare,False,683
60,Female,Tamil Nadu,ST,237324.04,Retired,Retired,Graduate,4,2.69,False,False,PM Awas Yojana,Housing,False,683
60,Female,Tamil Nadu,ST,237324.04,Retired,Retired,Graduate,4,2.69,False,False,Skill India,Employment,False,683
55,Male,Maharashtra,ST,1515999.77,Business,Self-Employed,Higher Secondary,5,4.6,False,False,PM Kisan,Agriculture,False,684
55,Male,Maharashtra,ST,1515999.77,Business,Self-Employed,Higher Secondary,5,4.6,False,False,Post Matric Scholarship,Education,False,684
55,Male,Maharashtra,ST,1515999.77,Business,Self-Employed,Higher Secondary,5,4.6,False,False,Ayushman Bharat,Healthcare,False,684
55,Male,Maharashtra,ST,1515999.77,Business,Self-Employed,Higher Secondary,5,4.6,False,False,PM Awas Yojana,Housing,False,684
55,Male,Maharashtra,ST,1515999.77,Business,Self-Employed,Higher Secondary,5,4.6,False,False,Skill India,Employment,False,684
28,Other,Delhi,SC,793669.92,Private Employee,Employed,Diploma,3,0.0,False,True,PM Kisan,Agriculture,False,685
28,Other,Delhi,SC,793669.92,Private Employee,Employed,Diploma,3,0.0,False,True,Post Matric Scholarship,Education,False,685
28,Other,Delhi,SC,793669.92,Private Employee,Employed,Diploma,3,0.0,False,True,Ayushman Bharat,Healthcare,False,685
28,Other,Delhi,SC,793669.92,Private Employee,Employed,Diploma,3,0.0,False,True,PM Awas Yojana,Housing,False,685
28,Other,Delhi,SC,793669.92,Private Employee,Employed,Diploma,3,0.0,False,True,Skill India,Employment,False,685
20,Male,Maharashtra,SC,3987.59,Student,Student,Higher Secondary,5,0.0,True,True,PM Kisan,Agriculture,False,686
20,Male,Maharashtra,SC,3987.59,Student,Student,Higher Secondary,5,0.0,True,True,Post Matric Scholarship,Education,True,686
20,Male,Maharashtra,SC,3987.59,Student,Student,Higher Secondary,5,0.0,True,True,Ayushman Bharat,Healthcare,True,686
20,Male,Maharashtra,SC,3987.59,Student,Student,Higher Secondary,5,0.0,True,True,PM Awas Yojana,Housing,True,686
20,Male,Maharashtra,SC,3987.59,Student,Student,Higher Secondary,5,0.0,True,True,Skill India,Employment,True,686
45,Female,Kerala,ST,427134.34,Farmer,Self-Employed,Higher Secondary,5,2.71,True,True,PM Kisan,Agriculture,False,687
45,Female,Kerala,ST,427134.34,Farmer,Self-Employed,Higher Secondary,5,2.71,True,True,Post Matric Scholarship,Education,False,687
45,Female,Kerala,ST,427134.34,Farmer,Self-Employed,Higher Secondary,5,2.71,True,True,Ayushman Bharat,Healthcare,False,687
45,Female,Kerala,ST,427134.34,Farmer,Self-Employed,Higher Secondary,5,2.71,True,True,PM Awas Yojana,Housing,False,687
45,Female,Kerala,ST,427134.34,Farmer,Self-Employed,Higher Secondary,5,2.71,True,True,Skill India,Employment,False,687
44,Male,Kerala,ST,667525.44,Government Employee,Employed,Graduate,4,0.0,False,True,PM Kisan,Agriculture,False,688
44,Male,Kerala,ST,667525.44,Government Employee,Employed,Graduate,4,0.0,False,True,Post Matric Scholarship,Education,False,688
44,Male,Kerala,ST,667525.44,Government Employee,Employed,Graduate,4,0.0,False,True,Ayushman Bharat,Healthcare,False,688
44,Male,Kerala,ST,667525.44,Government Employee,Employed,Graduate,4,0.0,False,True,PM Awas Yojana,Housing,False,688
44,Male,Kerala,ST,667525.44,Government Employee,Employed,Graduate,4,0.0,False,True,Skill India,Employment,False,688
60,Other,Kerala,ST,223213.54,Retired,Retired,Graduate,3,1.62,False,False,PM Kisan,Agriculture,False,689
60,Other,Kerala,ST,223213.54,Retired,Retired,Graduate,3,1.62,False,False,Post Matric Scholarship,Education,False,689
60,Other,Kerala,ST,223213.54,Retired,Retired,Graduate,3,1.62,False,False,Ayushman Bharat,Healthcare,False,689
60,Other,Kerala,ST,223213.54,Retired,Retired,Graduate,3,1.62,False,False,PM Awas Yojana,Housing,False,689
60,Other,Kerala,ST,223213.54,Retired,Retired,Graduate,3,1.62,False,False,Skill India,Employment,False,689
54,Male,Maharashtra,ST,0.0,Homemaker,Unemployed,Graduate,8,0.01,True,True,PM Kisan,Agriculture,False,690
54,Male,Maharashtra,ST,0.0,Homemaker,Unemployed,Graduate,8,0.01,True,True,Post Matric Scholarship,Education,False,690
54,Male,Maharashtra,ST,0.0,Homemaker,Unemployed,Graduate,8,0.01,True,True,Ayushman Bharat,Healthcare,True,690
54,Male,Maharashtra,ST,0.0,Homemaker,Unemployed,Graduate,8,0.01,True,True,PM Awas Yojana,Housing,True,690
54,Male,Maharashtra,ST,0.0,Homemaker,Unemployed,Graduate,8,0.01,True,True,Skill India,Employment,False,690
71,Female,Delhi,General,311030.01,Retired,Retired,Post Graduate,4,3.59,False,True,PM Kisan,Agriculture,False,691
71,Female,Delhi,General,311030.01,Retired,Retired,Post Graduate,4,3.59,False,True,Post Matric Scholarship,Education,False,691
71,Female,Delhi,General,311030.01,Retired,Retired,Post Graduate,4,3.59,False,True,Ayushman Bharat,Healthcare,False,691
71,Female,Delhi,General,311030.01,Retired,Retired,Post Graduate,4,3.59,False,True,PM Awas Yojana,Housing,False,691
71,Female,Delhi,General,311030.01,Retired,Retired,Post Graduate,4,3.59,False,True,Skill India,Employment,False,691
75,Female,Maharashtra,ST,453176.49,Retired,Retired,Graduate,6,3.91,False,False,PM Kisan,Agriculture,False,692
75,Female,Maharashtra,ST,453176.49,Retired,Retired,Graduate,6,3.91,False,False,Post Matric Scholarship,Education,False,692
75,Female,Maharashtra,ST,453176.49,Retired,Retired,Graduate,6,3.91,False,False,Ayushman Bharat,Healthcare,False,692
75,Female,Maharashtra,ST,453176.49,Retired,Retired,Graduate,6,3.91,False,False,PM Awas Yojana,Housing,False,692
75,Female,Maharashtra,ST,453176.49,Retired,Retired,Graduate,6,3.91,False,False,Skill India,Employment,False,692
47,Other,Tamil Nadu,ST,972039.14,Government Employee,Employed,Post Graduate,5,0.0,False,True,PM Kisan,Agriculture,False,693
47,Other,Tamil Nadu,ST,972039.14,Government Employee,Employed,Post Graduate,5,0.0,False,True,Post Matric Scholarship,Education,False,693
47,Other,Tamil Nadu,ST,972039.14,Government Employee,Employed,Post Graduate,5,0.0,False,True,Ayushman Bharat,Healthcare,False,693
47,Other,Tamil Nadu,ST,972039.14,Government Employee,Employed,Post Graduate,5,0.0,False,True,PM Awas Yojana,Housing,False,693
47,Other,Tamil Nadu,ST,972039.14,Government Employee,Employed,Post Graduate,5,0.0,False,True,Skill India,Employment,False,693
29,Other,Delhi,General,2071553.59,Business,Self-Employed,Higher Secondary,2,2.36,False,True,PM Kisan,Agriculture,False,694
29,Other,Delhi,General,2071553.59,Business,Self-Employed,Higher Secondary,2,2.36,False,True,Post Matric Scholarship,Education,False,694
29,Other,Delhi,General,2071553.59,Business,Self-Employed,Higher Secondary,2,2.36,False,True,Ayushman Bharat,Healthcare,False,694
29,Other,Delhi,General,2071553.59,Business,Self-Employed,Higher Secondary,2,2.36,False,True,PM Awas Yojana,Housing,False,694
29,Other,Delhi,General,2071553.59,Business,Self-Employed,Higher Secondary,2,2.36,False,True,Skill India,Employment,False,694
22,Male,Tamil Nadu,OBC,491055.74,Government Employee,Employed,Post Graduate,3,0.0,False,False,PM Kisan,Agriculture,False,695
22,Male,Tamil Nadu,OBC,491055.74,Government Employee,Employed,Post Graduate,3,0.0,False,False,Post Matric Scholarship,Education,False,695
22,Male,Tamil Nadu,OBC,491055.74,Government Employee,Employed,Post Graduate,3,0.0,False,False,Ayushman Bharat,Healthcare,False,695
22,Male,Tamil Nadu,OBC,491055.74,Government Employee,Employed,Post Graduate,3,0.0,False,False,PM Awas Yojana,Housing,False,695
22,Male,Tamil Nadu,OBC,491055.74,Government Employee,Employed,Post Graduate,3,0.0,False,False,Skill India,Employment,False,695
25,Female,Delhi,SC,46002.67,Unemployed,Unemployed,Primary,4,0.0,False,True,PM Kisan,Agriculture,False,696
25,Female,Delhi,SC,46002.67,Unemployed,Unemployed,Primary,4,0.0,False,True,Post Matric Scholarship,Education,False,696
25,Female,Delhi,SC,46002.67,Unemployed,Unemployed,Primary,4,0.0,False,True,Ayushman Bharat,Healthcare,False,696
25,Female,Delhi,SC,46002.67,Unemployed,Unemployed,Primary,4,0.0,False,True,PM Awas Yojana,Housing,False,696
25,Female,Delhi,SC,46002.67,Unemployed,Unemployed,Primary,4,0.0,False,True,Skill India,Employment,False,696
45,Male,Karnataka,SC,0.0,Homemaker,Unemployed,Graduate,5,1.84,True,True,PM Kisan,Agriculture,False,697
45,Male,Karnataka,SC,0.0,Homemaker,Unemployed,Graduate,5,1.84,True,True,Post Matric Scholarship,Education,False,697
45,Male,Karnataka,SC,0.0,Homemaker,Unemployed,Graduate,5,1.84,True,True,Ayushman Bharat,Healthcare,True,697
45,Male,Karnataka,SC,0.0,Homemaker,Unemployed,Graduate,5,1.84,True,True,PM Awas Yojana,Housing,True,697
45,Male,Karnataka,SC,0.0,Homemaker,Unemployed,Graduate,5,1.84,True,True,Skill India,Employment,False,697
18,Female,Karnataka,SC,27776.97,Unemployed,Unemployed,Primary,2,0.0,True,False,PM Kisan,Agriculture,False,698
18,Female,Karnataka,SC,27776.97,Unemployed,Unemployed,Primary,2,0.0,True,False,Post Matric Scholarship,Education,False,698
18,Female,Karnataka,SC,27776.97,Unemployed,Unemployed,Primary,2,0.0,True,False,Ayushman Bharat,Healthcare,True,698
18,Female,Karnataka,SC,27776.97,Unemployed,Unemployed,Primary,2,0.0,True,False,PM Awas Yojana,Housing,True,698
18,Female,Karnataka,SC,27776.97,Unemployed,Unemployed,Primary,2,0.0,True,False,Skill India,Employment,False,698
64,Male,Delhi,ST,751795.72,Business,Self-Employed,Higher Secondary,2,2.98,False,True,PM Kisan,Agriculture,False,699
64,Male,Delhi,ST,751795.72,Business,Self-Employed,Higher Secondary,2,2.98,False,True,Post Matric Scholarship,Education,False,699
64,Male,Delhi,ST,751795.72,Business,Self-Employed,Higher Secondary,2,2.98,False,True,Ayushman Bharat,Healthcare,False,699
64,Male,Delhi,ST,751795.72,Business,Self-Employed,Higher Secondary,2,2.98,False,True,PM Awas Yojana,Housing,False,699
64,Male,Delhi,ST,751795.72,Business,Self-Employed,Higher Secondary,2,2.98,False,True,Skill India,Employment,False,699
33,Other,Delhi,ST,480660.67,Government Employee,Employed,Post Graduate,3,0.0,False,True,PM Kisan,Agriculture,False,700
33,Other,Delhi,ST,480660.67,Government Employee,Employed,Post Graduate,3,0.0,False,True,Post Matric Scholarship,Education,False,700
33,Other,Delhi,ST,480660.67,Government Employee,Employed,Post Graduate,3,0.0,False,True,Ayushman Bharat,Healthcare,False,700
33,Other,Delhi,ST,480660.67,Government Employee,Employed,Post Graduate,3,0.0,False,True,PM Awas Yojana,Housing,False,700
33,Other,Delhi,ST,480660.67,Government Employee,Employed,Post Graduate,3,0.0,False,True,Skill India,Employment,False,700
35,Male,Maharashtra,OBC,0.0,Homemaker,Unemployed,Higher Secondary,4,1.5,False,True,PM Kisan,Agriculture,False,701
35,Male,Maharashtra,OBC,0.0,Homemaker,Unemployed,Higher Secondary,4,1.5,False,True,Post Matric Scholarship,Education,False,701
35,Male,Maharashtra,OBC,0.0,Homemaker,Unemployed,Higher Secondary,4,1.5,False,True,Ayushman Bharat,Healthcare,False,701
35,Male,Maharashtra,OBC,0.0,Homemaker,Unemployed,Higher Secondary,4,1.5,False,True,PM Awas Yojana,Housing,False,701
35,Male,Maharashtra,OBC,0.0,Homemaker,Unemployed,Higher Secondary,4,1.5,False,True,Skill India,Employment,False,701
57,Female,Karnataka,SC,716152.78,Government Employee,Employed,Graduate,3,0.0,False,False,PM Kisan,Agriculture,False,702
57,Female,Karnataka,SC,716152.78,Government Employee,Employed,Graduate,3,0.0,False,False,Post Matric Scholarship,Education,False,702
57,Female,Karnataka,SC,716152.78,Government Employee,Employed,Graduate,3,0.0,False,False,Ayushman Bharat,Healthcare,False,702
57,Female,Karnataka,SC,716152.78,Government Employee,Employed,Graduate,3,0.0,False,False,PM Awas Yojana,Housing,False,702
57,Female,Karnataka,SC,716152.78,Government Employee,Employed,Graduate,3,0.0,False,False,Skill India,Employment,False,702
37,Male,Tamil Nadu,General,1092018.62,Private Employee,Employed,Post Graduate,3,0.0,False,True,PM Kisan,Agriculture,False,703
37,Male,Tamil Nadu,General,1092018.62,Private Employee,Employed,Post Graduate,3,0.0,False,True,Post Matric Scholarship,Education,False,703
37,Male,Tamil Nadu,General,1092018.62,Private Employee,Employed,Post Graduate,3,0.0,False,True,Ayushman Bharat,Healthcare,False,703
37,Male,Tamil Nadu,General,1092018.62,Private Employee,Employed,Post Graduate,3,0.0,False,True,PM Awas Yojana,Housing,False,703
37,Male,Tamil Nadu,General,1092018.62,Private Employee,Employed,Post Graduate,3,0.0,False,True,Skill India,Employment,False,703
38,Male,Karnataka,General,210636.01,Farmer,Self-Employed,Secondary,6,5.32,True,False,PM Kisan,Agriculture,False,704
38,Male,Karnataka,General,210636.01,Farmer,Self-Employed,Secondary,6,5.32,True,False,Post Matric Scholarship,Education,False,704
38,Male,Karnataka,General,210636.01,Farmer,Self-Employed,Secondary,6,5.32,True,False,Ayushman Bharat,Healthcare,True,704
38,Male,Karnataka,General,210636.01,Farmer,Self-Employed,Secondary,6,5.32,True,False,PM Awas Yojana,Housing,True,704
38,Male,Karnataka,General,210636.01,Farmer,Self-Employed,Secondary,6,5.32,True,False,Skill India,Employment,False,704
40,Other,Delhi,General,31396.55,Unemployed,Unemployed,Primary,6,0.0,False,True,PM Kisan,Agriculture,False,705
40,Other,Delhi,General,31396.55,Unemployed,Unemployed,Primary,6,0.0,False,True,Post Matric Scholarship,Education,False,705
40,Other,Delhi,General,31396.55,Unemployed,Unemployed,Primary,6,0.0,False,True,Ayushman Bharat,Healthcare,False,705
40,Other,Delhi,General,31396.55,Unemployed,Unemployed,Primary,6,0.0,False,True,PM Awas Yojana,Housing,False,705
40,Other,Delhi,General,31396.55,Unemployed,Unemployed,Primary,6,0.0,False,True,Skill India,Employment,False,705
22,Other,Kerala,SC,1054498.43,Government Employee,Employed,Graduate,5,0.0,False,True,PM Kisan,Agriculture,False,706
22,Other,Kerala,SC,1054498.43,Government Employee,Employed,Graduate,5,0.0,False,True,Post Matric Scholarship,Education,False,706
22,Other,Kerala,SC,1054498.43,Government Employee,Employed,Graduate,5,0.0,False,True,Ayushman Bharat,Healthcare,False,706
22,Other,Kerala,SC,1054498.43,Government Employee,Employed,Graduate,5,0.0,False,True,PM Awas Yojana,Housing,False,706
22,Other,Kerala,SC,1054498.43,Government Employee,Employed,Graduate,5,0.0,False,True,Skill India,Employment,False,706
59,Other,Maharashtra,SC,1129638.27,Business,Self-Employed,Post Graduate,7,0.42,False,False,PM Kisan,Agriculture,False,707
59,Other,Maharashtra,SC,1129638.27,Business,Self-Employed,Post Graduate,7,0.42,False,False,Post Matric Scholarship,Education,False,707
59,Other,Maharashtra,SC,1129638.27,Business,Self-Employed,Post Graduate,7,0.42,False,False,Ayushman Bharat,Healthcare,False,707
59,Other,Maharashtra,SC,1129638.27,Business,Self-Employed,Post Graduate,7,0.42,False,False,PM Awas Yojana,Housing,False,707
59,Other,Maharashtra,SC,1129638.27,Business,Self-Employed,Post Graduate,7,0.42,False,False,Skill India,Employment,False,707
21,Male,Kerala,General,506302.88,Private Employee,Employed,Graduate,2,0.0,False,True,PM Kisan,Agriculture,False,708
21,Male,Kerala,General,506302.88,Private Employee,Employed,Graduate,2,0.0,False,True,Post Matric Scholarship,Education,False,708
21,Male,Kerala,General,506302.88,Private Employee,Employed,Graduate,2,0.0,False,True,Ayushman Bharat,Healthcare,False,708
21,Male,Kerala,General,506302.88,Private Employee,Employed,Graduate,2,0.0,False,True,PM Awas Yojana,Housing,False,708
21,Male,Kerala,General,506302.88,Private Employee,Employed,Graduate,2,0.0,False,True,Skill India,Employment,False,708
30,Male,Karnataka,SC,0.0,Homemaker,Unemployed,Graduate,4,1.52,True,False,PM Kisan,Agriculture,False,709
30,Male,Karnataka,SC,0.0,Homemaker,Unemployed,Graduate,4,1.52,True,False,Post Matric Scholarship,Education,False,709
30,Male,Karnataka,SC,0.0,Homemaker,Unemployed,Graduate,4,1.52,True,False,Ayushman Bharat,Healthcare,True,709
30,Male,Karnataka,SC,0.0,Homemaker,Unemployed,Graduate,4,1.52,True,False,PM Awas Yojana,Housing,True,709
30,Male,Karnataka,SC,0.0,Homemaker,Unemployed,Graduate,4,1.52,True,False,Skill India,Employment,False,709
22,Female,Tamil Nadu,General,930699.36,Government Employee,Employed,Post Graduate,5,0.0,False,True,PM Kisan,Agriculture,False,710
22,Female,Tamil Nadu,General,930699.36,Government Employee,Employed,Post Graduate,5,0.0,False,True,Post Matric Scholarship,Education,False,710
22,Female,Tamil Nadu,General,930699.36,Government Employee,Employed,Post Graduate,5,0.0,False,True,Ayushman Bharat,Healthcare,False,710
22,Female,Tamil Nadu,General,930699.36,Government Employee,Employed,Post Graduate,5,0.0,False,True,PM Awas Yojana,Housing,False,710
22,Female,Tamil Nadu,General,930699.36,Government Employee,Employed,Post Graduate,5,0.0,False,True,Skill India,Employment,False,710
20,Male,Karnataka,General,134550.69,Student,Student,Graduate,5,0.0,True,True,PM Kisan,Agriculture,False,711
20,Male,Karnataka,General,134550.69,Student,Student,Graduate,5,0.0,True,True,Post Matric Scholarship,Education,True,711
20,Male,Karnataka,General,134550.69,Student,Student,Graduate,5,0.0,True,True,Ayushman Bharat,Healthcare,True,711
20,Male,Karnataka,General,134550.69,Student,Student,Graduate,5,0.0,True,True,PM Awas Yojana,Housing,True,711
20,Male,Karnataka,General,134550.69,Student,Student,Graduate,5,0.0,True,True,Skill India,Employment,True,711
35,Female,Tamil Nadu,ST,542917.4,Private Employee,Employed,Diploma,4,0.0,False,False,PM Kisan,Agriculture,False,712
35,Female,Tamil Nadu,ST,542917.4,Private Employee,Employed,Diploma,4,0.0,False,False,Post Matric Scholarship,Education,False,712
35,Female,Tamil Nadu,ST,542917.4,Private Employee,Employed,Diploma,4,0.0,False,False,Ayushman Bharat,Healthcare,False,712
35,Female,Tamil Nadu,ST,542917.4,Private Employee,Employed,Diploma,4,0.0,False,False,PM Awas Yojana,Housing,False,712
35,Female,Tamil Nadu,ST,542917.4,Private Employee,Employed,Diploma,4,0.0,False,False,Skill India,Employment,False,712
53,Female,Tamil Nadu,ST,100337.46,Farmer,Self-Employed,Primary,6,5.08,True,False,PM Kisan,Agriculture,True,713
53,Female,Tamil Nadu,ST,100337.46,Farmer,Self-Employed,Primary,6,5.08,True,False,Post Matric Scholarship,Education,False,713
53,Female,Tamil Nadu,ST,100337.46,Farmer,Self-Employed,Primary,6,5.08,True,False,Ayushman Bharat,Healthcare,True,713
53,Female,Tamil Nadu,ST,100337.46,Farmer,Self-Employed,Primary,6,5.08,True,False,PM Awas Yojana,Housing,True,713
53,Female,Tamil Nadu,ST,100337.46,Farmer,Self-Employed,Primary,6,5.08,True,False,Skill India,Employment,False,713
28,Other,Kerala,OBC,285113.91,Private Employee,Employed,Post Graduate,6,0.0,False,True,PM Kisan,Agriculture,False,714
28,Other,Kerala,OBC,285113.91,Private Employee,Employed,Post Graduate,6,0.0,False,True,Post Matric Scholarship,Education,False,714
28,Other,Kerala,OBC,285113.91,Private Employee,Employed,Post Graduate,6,0.0,False,True,Ayushman Bharat,Healthcare,False,714
28,Other,Kerala,OBC,285113.91,Private Employee,Employed,Post Graduate,6,0.0,False,True,PM Awas Yojana,Housing,False,714
28,Other,Kerala,OBC,285113.91,Private Employee,Employed,Post Graduate,6,0.0,False,True,Skill India,Employment,False,714
53,Other,Delhi,SC,0.0,Homemaker,Unemployed,Higher Secondary,7,1.77,True,False,PM Kisan,Agriculture,False,715
53,Other,Delhi,SC,0.0,Homemaker,Unemployed,Higher Secondary,7,1.77,True,False,Post Matric Scholarship,Education,False,715
53,Other,Delhi,SC,0.0,Homemaker,Unemployed,Higher Secondary,7,1.77,True,False,Ayushman Bharat,Healthcare,True,715
53,Other,Delhi,SC,0.0,Homemaker,Unemployed,Higher Secondary,7,1.77,True,False,PM Awas Yojana,Housing,True,715
53,Other,Delhi,SC,0.0,Homemaker,Unemployed,Higher Secondary,7,1.77,True,False,Skill India,Employment,False,715
23,Female,Delhi,SC,13480.69,Student,Unemployed,Higher Secondary,4,0.0,False,False,PM Kisan,Agriculture,False,716
23,Female,Delhi,SC,13480.69,Student,Unemployed,Higher Secondary,4,0.0,False,False,Post Matric Scholarship,Education,False,716
23,Female,Delhi,SC,13480.69,Student,Unemployed,Higher Secondary,4,0.0,False,False,Ayushman Bharat,Healthcare,False,716
23,Female,Delhi,SC,13480.69,Student,Unemployed,Higher Secondary,4,0.0,False,False,PM Awas Yojana,Housing,False,716
23,Female,Delhi,SC,13480.69,Student,Unemployed,Higher Secondary,4,0.0,False,False,Skill India,Employment,True,716
25,Other,Delhi,ST,24326.61,Unemployed,Unemployed,Graduate,2,0.0,True,False,PM Kisan,Agriculture,False,717
25,Other,Delhi,ST,24326.61,Unemployed,Unemployed,Graduate,2,0.0,True,False,Post Matric Scholarship,Education,False,717
25,Other,Delhi,ST,24326.61,Unemployed,Unemployed,Graduate,2,0.0,True,False,Ayushman Bharat,Healthcare,True,717
25,Other,Delhi,ST,24326.61,Unemployed,Unemployed,Graduate,2,0.0,True,False,PM Awas Yojana,Housing,True,717
25,Other,Delhi,ST,24326.61,Unemployed,Unemployed,Graduate,2,0.0,True,False,Skill India,Employment,True,717
54,Other,Karnataka,General,1216952.45,Private Employee,Employed,Diploma,6,0.0,False,True,PM Kisan,Agriculture,False,718
54,Other,Karnataka,General,1216952.45,Private Employee,Employed,Diploma,6,0.0,False,True,Post Matric Scholarship,Education,False,718
54,Other,Karnataka,General,1216952.45,Private Employee,Employed,Diploma,6,0.0,False,True,Ayushman Bharat,Healthcare,False,718
54,Other,Karnataka,General,1216952.45,Private Employee,Employed,Diploma,6,0.0,False,True,PM Awas Yojana,Housing,False,718
54,Other,Karnataka,General,1216952.45,Private Employee,Employed,Diploma,6,0.0,False,True,Skill India,Employment,False,718
28,Male,Tamil Nadu,OBC,0.0,Homemaker,Unemployed,Higher Secondary,7,1.07,False,True,PM Kisan,Agriculture,False,719
28,Male,Tamil Nadu,OBC,0.0,Homemaker,Unemployed,Higher Secondary,7,1.07,False,True,Post Matric Scholarship,Education,False,719
28,Male,Tamil Nadu,OBC,0.0,Homemaker,Unemployed,Higher Secondary,7,1.07,False,True,Ayushman Bharat,Healthcare,False,719
28,Male,Tamil Nadu,OBC,0.0,Homemaker,Unemployed,Higher Secondary,7,1.07,False,True,PM Awas Yojana,Housing,False,719
28,Male,Tamil Nadu,OBC,0.0,Homemaker,Unemployed,Higher Secondary,7,1.07,False,True,Skill India,Employment,False,719
24,Female,Karnataka,OBC,0.0,Homemaker,Unemployed,Higher Secondary,4,2.8,False,False,PM Kisan,Agriculture,False,720
24,Female,Karnataka,OBC,0.0,Homemaker,Unemployed,Higher Secondary,4,2.8,False,False,Post Matric Scholarship,Education,False,720
24,Female,Karnataka,OBC,0.0,Homemaker,Unemployed,Higher Secondary,4,2.8,False,False,Ayushman Bharat,Healthcare,False,720
24,Female,Karnataka,OBC,0.0,Homemaker,Unemployed,Higher Secondary,4,2.8,False,False,PM Awas Yojana,Housing,False,720
24,Female,Karnataka,OBC,0.0,Homemaker,Unemployed,Higher Secondary,4,2.8,False,False,Skill India,Employment,False,720
40,Female,Delhi,SC,477451.1,Private Employee,Employed,Graduate,5,0.0,False,True,PM Kisan,Agriculture,False,721
40,Female,Delhi,SC,477451.1,Private Employee,Employed,Graduate,5,0.0,False,True,Post Matric Scholarship,Education,False,721
40,Female,Delhi,SC,477451.1,Private Employee,Employed,Graduate,5,0.0,False,True,Ayushman Bharat,Healthcare,False,721
40,Female,Delhi,SC,477451.1,Private Employee,Employed,Graduate,5,0.0,False,True,PM Awas Yojana,Housing,False,721
40,Female,Delhi,SC,477451.1,Private Employee,Employed,Graduate,5,0.0,False,True,Skill India,Employment,False,721
38,Other,Karnataka,General,613795.35,Private Employee,Employed,Graduate,4,0.0,False,False,PM Kisan,Agriculture,False,722
38,Other,Karnataka,General,613795.35,Private Employee,Employed,Graduate,4,0.0,False,False,Post Matric Scholarship,Education,False,722
38,Other,Karnataka,General,613795.35,Private Employee,Employed,Graduate,4,0.0,False,False,Ayushman Bharat,Healthcare,False,722
38,Other,Karnataka,General,613795.35,Private Employee,Employed,Graduate,4,0.0,False,False,PM Awas Yojana,Housing,False,722
38,Other,Karnataka,General,613795.35,Private Employee,Employed,Graduate,4,0.0,False,False,Skill India,Employment,False,722
19,Female,Maharashtra,OBC,7059.14,Student,Student,Higher Secondary,4,0.0,False,False,PM Kisan,Agriculture,False,723
19,Female,Maharashtra,OBC,7059.14,Student,Student,Higher Secondary,4,0.0,False,False,Post Matric Scholarship,Education,True,723
19,Female,Maharashtra,OBC,7059.14,Student,Student,Higher Secondary,4,0.0,False,False,Ayushman Bharat,Healthcare,False,723
19,Female,Maharashtra,OBC,7059.14,Student,Student,Higher Secondary,4,0.0,False,False,PM Awas Yojana,Housing,False,723
19,Female,Maharashtra,OBC,7059.14,Student,Student,Higher Secondary,4,0.0,False,False,Skill India,Employment,True,723
27,Female,Tamil Nadu,General,2130884.31,Business,Self-Employed,Post Graduate,2,4.02,False,True,PM Kisan,Agriculture,False,724
27,Female,Tamil Nadu,General,2130884.31,Business,Self-Employed,Post Graduate,2,4.02,False,True,Post Matric Scholarship,Education,False,724
27,Female,Tamil Nadu,General,2130884.31,Business,Self-Employed,Post Graduate,2,4.02,False,True,Ayushman Bharat,Healthcare,False,724
27,Female,Tamil Nadu,General,2130884.31,Business,Self-Employed,Post Graduate,2,4.02,False,True,PM Awas Yojana,Housing,False,724
27,Female,Tamil Nadu,General,2130884.31,Business,Self-Employed,Post Graduate,2,4.02,False,True,Skill India,Employment,False,724
80,Other,Maharashtra,ST,458300.65,Retired,Retired,Graduate,5,2.19,False,False,PM Kisan,Agriculture,False,725
80,Other,Maharashtra,ST,458300.65,Retired,Retired,Graduate,5,2.19,False,False,Post Matric Scholarship,Education,False,725
80,Other,Maharashtra,ST,458300.65,Retired,Retired,Graduate,5,2.19,False,False,Ayushman Bharat,Healthcare,False,725
80,Other,Maharashtra,ST,458300.65,Retired,Retired,Graduate,5,2.19,False,False,PM Awas Yojana,Housing,False,725
80,Other,Maharashtra,ST,458300.65,Retired,Retired,Graduate,5,2.19,False,False,Skill India,Employment,False,725
55,Female,Karnataka,General,314808.91,Farmer,Self-Employed,Primary,4,6.79,True,False,PM Kisan,Agriculture,False,726
55,Female,Karnataka,General,314808.91,Farmer,Self-Employed,Primary,4,6.79,True,False,Post Matric Scholarship,Education,False,726
55,Female,Karnataka,General,314808.91,Farmer,Self-Employed,Primary,4,6.79,True,False,Ayushman Bharat,Healthcare,False,726
55,Female,Karnataka,General,314808.91,Farmer,Self-Employed,Primary,4,6.79,True,False,PM Awas Yojana,Housing,False,726
55,Female,Karnataka,General,314808.91,Farmer,Self-Employed,Primary,4,6.79,True,False,Skill India,Employment,False,726
28,Male,Tamil Nadu,OBC,10073.4,Unemployed,Unemployed,Primary,2,0.0,False,False,PM Kisan,Agriculture,False,727
28,Male,Tamil Nadu,OBC,10073.4,Unemployed,Unemployed,Primary,2,0.0,False,False,Post Matric Scholarship,Education,False,727
28,Male,Tamil Nadu,OBC,10073.4,Unemployed,Unemployed,Primary,2,0.0,False,False,Ayushman Bharat,Healthcare,False,727
28,Male,Tamil Nadu,OBC,10073.4,Unemployed,Unemployed,Primary,2,0.0,False,False,PM Awas Yojana,Housing,False,727
28,Male,Tamil Nadu,OBC,10073.4,Unemployed,Unemployed,Primary,2,0.0,False,False,Skill India,Employment,False,727
61,Female,Tamil Nadu,General,217993.09,Farmer,Self-Employed,Secondary,7,7.5,False,False,PM Kisan,Agriculture,False,728
61,Female,Tamil Nadu,General,217993.09,Farmer,Self-Employed,Secondary,7,7.5,False,False,Post Matric Scholarship,Education,False,728
61,Female,Tamil Nadu,General,217993.09,Farmer,Self-Employed,Secondary,7,7.5,False,False,Ayushman Bharat,Healthcare,False,728
61,Female,Tamil Nadu,General,217993.09,Farmer,Self-Employed,Secondary,7,7.5,False,False,PM Awas Yojana,Housing,False,728
61,Female,Tamil Nadu,General,217993.09,Farmer,Self-Employed,Secondary,7,7.5,False,False,Skill India,Employment,False,728
59,Female,Kerala,SC,549998.17,Private Employee,Employed,Diploma,5,0.0,False,False,PM Kisan,Agriculture,False,729
59,Female,Kerala,SC,549998.17,Private Employee,Employed,Diploma,5,0.0,False,False,Post Matric Scholarship,Education,False,729
59,Female,Kerala,SC,549998.17,Private Employee,Employed,Diploma,5,0.0,False,False,Ayushman Bharat,Healthcare,False,729
59,Female,Kerala,SC,549998.17,Private Employee,Employed,Diploma,5,0.0,False,False,PM Awas Yojana,Housing,False,729
59,Female,Kerala,SC,549998.17,Private Employee,Employed,Diploma,5,0.0,False,False,Skill India,Employment,False,729
60,Female,Kerala,General,103169.74,Farmer,Self-Employed,Higher Secondary,6,5.98,False,False,PM Kisan,Agriculture,True,730
60,Female,Kerala,General,103169.74,Farmer,Self-Employed,Higher Secondary,6,5.98,False,False,Post Matric Scholarship,Education,False,730
60,Female,Kerala,General,103169.74,Farmer,Self-Employed,Higher Secondary,6,5.98,False,False,Ayushman Bharat,Healthcare,False,730
60,Female,Kerala,General,103169.74,Farmer,Self-Employed,Higher Secondary,6,5.98,False,False,PM Awas Yojana,Housing,False,730
60,Female,Kerala,General,103169.74,Farmer,Self-Employed,Higher Secondary,6,5.98,False,False,Skill India,Employment,False,730
55,Other,Delhi,ST,365485.21,Government Employee,Employed,Post Graduate,4,0.0,False,True,PM Kisan,Agriculture,False,731
55,Other,Delhi,ST,365485.21,Government Employee,Employed,Post Graduate,4,0.0,False,True,Post Matric Scholarship,Education,False,731
55,Other,Delhi,ST,365485.21,Government Employee,Employed,Post Graduate,4,0.0,False,True,Ayushman Bharat,Healthcare,False,731
55,Other,Delhi,ST,365485.21,Government Employee,Employed,Post Graduate,4,0.0,False,True,PM Awas Yojana,Housing,False,731
55,Other,Delhi,ST,365485.21,Government Employee,Employed,Post Graduate,4,0.0,False,True,Skill India,Employment,False,731
21,Male,Maharashtra,SC,1229618.54,Private Employee,Employed,Post Graduate,5,0.0,False,False,PM Kisan,Agriculture,False,732
21,Male,Maharashtra,SC,1229618.54,Private Employee,Employed,Post Graduate,5,0.0,False,False,Post Matric Scholarship,Education,False,732
21,Male,Maharashtra,SC,1229618.54,Private Employee,Employed,Post Graduate,5,0.0,False,False,Ayushman Bharat,Healthcare,False,732
21,Male,Maharashtra,SC,1229618.54,Private Employee,Employed,Post Graduate,5,0.0,False,False,PM Awas Yojana,Housing,False,732
21,Male,Maharashtra,SC,1229618.54,Private Employee,Employed,Post Graduate,5,0.0,False,False,Skill India,Employment,False,732
37,Male,Maharashtra,OBC,87488.32,Unemployed,Unemployed,Secondary,3,0.0,True,False,PM Kisan,Agriculture,False,733
37,Male,Maharashtra,OBC,87488.32,Unemployed,Unemployed,Secondary,3,0.0,True,False,Post Matric Scholarship,Education,False,733
37,Male,Maharashtra,OBC,87488.32,Unemployed,Unemployed,Secondary,3,0.0,True,False,Ayushman Bharat,Healthcare,True,733
37,Male,Maharashtra,OBC,87488.32,Unemployed,Unemployed,Secondary,3,0.0,True,False,PM Awas Yojana,Housing,True,733
37,Male,Maharashtra,OBC,87488.32,Unemployed,Unemployed,Secondary,3,0.0,True,False,Skill India,Employment,True,733
54,Male,Delhi,ST,1212444.38,Private Employee,Employed,Post Graduate,4,0.0,False,False,PM Kisan,Agriculture,False,734
54,Male,Delhi,ST,1212444.38,Private Employee,Employed,Post Graduate,4,0.0,False,False,Post Matric Scholarship,Education,False,734
54,Male,Delhi,ST,1212444.38,Private Employee,Employed,Post Graduate,4,0.0,False,False,Ayushman Bharat,Healthcare,False,734
54,Male,Delhi,ST,1212444.38,Private Employee,Employed,Post Graduate,4,0.0,False,False,PM Awas Yojana,Housing,False,734
54,Male,Delhi,ST,1212444.38,Private Employee,Employed,Post Graduate,4,0.0,False,False,Skill India,Employment,False,734
48,Male,Maharashtra,General,445150.48,Business,Self-Employed,Post Graduate,2,2.11,False,True,PM Kisan,Agriculture,False,735
48,Male,Maharashtra,General,445150.48,Business,Self-Employed,Post Graduate,2,2.11,False,True,Post Matric Scholarship,Education,False,735
48,Male,Maharashtra,General,445150.48,Business,Self-Employed,Post Graduate,2,2.11,False,True,Ayushman Bharat,Healthcare,False,735
48,Male,Maharashtra,General,445150.48,Business,Self-Employed,Post Graduate,2,2.11,False,True,PM Awas Yojana,Housing,False,735
48,Male,Maharashtra,General,445150.48,Business,Self-Employed,Post Graduate,2,2.11,False,True,Skill India,Employment,False,735
45,Male,Maharashtra,General,748873.99,Private Employee,Employed,Post Graduate,2,0.0,False,True,PM Kisan,Agriculture,False,736
45,Male,Maharashtra,General,748873.99,Private Employee,Employed,Post Graduate,2,0.0,False,True,Post Matric Scholarship,Education,False,736
45,Male,Maharashtra,General,748873.99,Private Employee,Employed,Post Graduate,2,0.0,False,True,Ayushman Bharat,Healthcare,False,736
45,Male,Maharashtra,General,748873.99,Private Employee,Employed,Post Graduate,2,0.0,False,True,PM Awas Yojana,Housing,False,736
45,Male,Maharashtra,General,748873.99,Private Employee,Employed,Post Graduate,2,0.0,False,True,Skill India,Employment,False,736
67,Male,Karnataka,SC,455323.69,Retired,Retired,Graduate,5,3.62,False,False,PM Kisan,Agriculture,False,737
67,Male,Karnataka,SC,455323.69,Retired,Retired,Graduate,5,3.62,False,False,Post Matric Scholarship,Education,False,737
67,Male,Karnataka,SC,455323.69,Retired,Retired,Graduate,5,3.62,False,False,Ayushman Bharat,Healthcare,False,737
67,Male,Karnataka,SC,455323.69,Retired,Retired,Graduate,5,3.62,False,False,PM Awas Yojana,Housing,False,737
67,Male,Karnataka,SC,455323.69,Retired,Retired,Graduate,5,3.62,False,False,Skill India,Employment,False,737
19,Other,Karnataka,OBC,69483.03,Student,Unemployed,Higher Secondary,5,0.0,False,False,PM Kisan,Agriculture,False,738
19,Other,Karnataka,OBC,69483.03,Student,Unemployed,Higher Secondary,5,0.0,False,False,Post Matric Scholarship,Education,False,738
19,Other,Karnataka,OBC,69483.03,Student,Unemployed,Higher Secondary,5,0.0,False,False,Ayushman Bharat,Healthcare,False,738
19,Other,Karnataka,OBC,69483.03,Student,Unemployed,Higher Secondary,5,0.0,False,False,PM Awas Yojana,Housing,False,738
19,Other,Karnataka,OBC,69483.03,Student,Unemployed,Higher Secondary,5,0.0,False,False,Skill India,Employment,True,738
50,Male,Karnataka,ST,1073454.17,Government Employee,Employed,Post Graduate,5,0.0,False,True,PM Kisan,Agriculture,False,739
50,Male,Karnataka,ST,1073454.17,Government Employee,Employed,Post Graduate,5,0.0,False,True,Post Matric Scholarship,Education,False,739
50,Male,Karnataka,ST,1073454.17,Government Employee,Employed,Post Graduate,5,0.0,False,True,Ayushman Bharat,Healthcare,False,739
50,Male,Karnataka,ST,1073454.17,Government Employee,Employed,Post Graduate,5,0.0,False,True,PM Awas Yojana,Housing,False,739
50,Male,Karnataka,ST,1073454.17,Government Employee,Employed,Post Graduate,5,0.0,False,True,Skill India,Employment,False,739
43,Female,Tamil Nadu,SC,188177.14,Farmer,Self-Employed,Secondary,7,7.55,True,False,PM Kisan,Agriculture,True,740
43,Female,Tamil Nadu,SC,188177.14,Farmer,Self-Employed,Secondary,7,7.55,True,False,Post Matric Scholarship,Education,False,740
43,Female,Tamil Nadu,SC,188177.14,Farmer,Self-Employed,Secondary,7,7.55,True,False,Ayushman Bharat,Healthcare,True,740
43,Female,Tamil Nadu,SC,188177.14,Farmer,Self-Employed,Secondary,7,7.55,True,False,PM Awas Yojana,Housing,True,740
43,Female,Tamil Nadu,SC,188177.14,Farmer,Self-Employed,Secondary,7,7.55,True,False,Skill India,Employment,False,740
48,Female,Kerala,OBC,0.0,Homemaker,Unemployed,Graduate,4,1.37,False,True,PM Kisan,Agriculture,False,741
48,Female,Kerala,OBC,0.0,Homemaker,Unemployed,Graduate,4,1.37,False,True,Post Matric Scholarship,Education,False,741
48,Female,Kerala,OBC,0.0,Homemaker,Unemployed,Graduate,4,1.37,False,True,Ayushman Bharat,Healthcare,False,741
48,Female,Kerala,OBC,0.0,Homemaker,Unemployed,Graduate,4,1.37,False,True,PM Awas Yojana,Housing,False,741
48,Female,Kerala,OBC,0.0,Homemaker,Unemployed,Graduate,4,1.37,False,True,Skill India,Employment,False,741
22,Other,Delhi,ST,84576.89,Student,Student,Higher Secondary,6,0.0,False,False,PM Kisan,Agriculture,False,742
22,Other,Delhi,ST,84576.89,Student,Student,Higher Secondary,6,0.0,False,False,Post Matric Scholarship,Education,True,742
22,Other,Delhi,ST,84576.89,Student,Student,Higher Secondary,6,0.0,False,False,Ayushman Bharat,Healthcare,False,742
22,Other,Delhi,ST,84576.89,Student,Student,Higher Secondary,6,0.0,False,False,PM Awas Yojana,Housing,False,742
22,Other,Delhi,ST,84576.89,Student,Student,Higher Secondary,6,0.0,False,False,Skill India,Employment,True,742
41,Female,Kerala,SC,99781.06,Farmer,Self-Employed,Secondary,6,7.78,False,False,PM Kisan,Agriculture,True,743
41,Female,Kerala,SC,99781.06,Farmer,Self-Employed,Secondary,6,7.78,False,False,Post Matric Scholarship,Education,False,743
41,Female,Kerala,SC,99781.06,Farmer,Self-Employed,Secondary,6,7.78,False,False,Ayushman Bharat,Healthcare,False,743
41,Female,Kerala,SC,99781.06,Farmer,Self-Employed,Secondary,6,7.78,False,False,PM Awas Yojana,Housing,False,743
41,Female,Kerala,SC,99781.06,Farmer,Self-Employed,Secondary,6,7.78,False,False,Skill India,Employment,False,743
59,Female,Kerala,ST,1118468.92,Business,Self-Employed,Post Graduate,4,2.84,False,True,PM Kisan,Agriculture,False,744
59,Female,Kerala,ST,1118468.92,Business,Self-Employed,Post Graduate,4,2.84,False,True,Post Matric Scholarship,Education,False,744
59,Female,Kerala,ST,1118468.92,Business,Self-Employed,Post Graduate,4,2.84,False,True,Ayushman Bharat,Healthcare,False,744
59,Female,Kerala,ST,1118468.92,Business,Self-Employed,Post Graduate,4,2.84,False,True,PM Awas Yojana,Housing,False,744
59,Female,Kerala,ST,1118468.92,Business,Self-Employed,Post Graduate,4,2.84,False,True,Skill India,Employment,False,744
41,Male,Kerala,General,0.0,Homemaker,Unemployed,Primary,4,2.09,True,False,PM Kisan,Agriculture,False,745
41,Male,Kerala,General,0.0,Homemaker,Unemployed,Primary,4,2.09,True,False,Post Matric Scholarship,Education,False,745
41,Male,Kerala,General,0.0,Homemaker,Unemployed,Primary,4,2.09,True,False,Ayushman Bharat,Healthcare,True,745
41,Male,Kerala,General,0.0,Homemaker,Unemployed,Primary,4,2.09,True,False,PM Awas Yojana,Housing,True,745
41,Male,Kerala,General,0.0,Homemaker,Unemployed,Primary,4,2.09,True,False,Skill India,Employment,False,745
43,Male,Karnataka,ST,244341.14,Farmer,Self-Employed,Secondary,6,6.82,True,True,PM Kisan,Agriculture,False,746
43,Male,Karnataka,ST,244341.14,Farmer,Self-Employed,Secondary,6,6.82,True,True,Post Matric Scholarship,Education,False,746
43,Male,Karnataka,ST,244341.14,Farmer,Self-Employed,Secondary,6,6.82,True,True,Ayushman Bharat,Healthcare,True,746
43,Male,Karnataka,ST,244341.14,Farmer,Self-Employed,Secondary,6,6.82,True,True,PM Awas Yojana,Housing,True,746
43,Male,Karnataka,ST,244341.14,Farmer,Self-Employed,Secondary,6,6.82,True,True,Skill India,Employment,False,746
27,Female,Kerala,ST,1893667.92,Business,Self-Employed,Post Graduate,4,0.8,False,True,PM Kisan,Agriculture,False,747
27,Female,Kerala,ST,1893667.92,Business,Self-Employed,Post Graduate,4,0.8,False,True,Post Matric Scholarship,Education,False,747
27,Female,Kerala,ST,1893667.92,Business,Self-Employed,Post Graduate,4,0.8,False,True,Ayushman Bharat,Healthcare,False,747
27,Female,Kerala,ST,1893667.92,Business,Self-Employed,Post Graduate,4,0.8,False,True,PM Awas Yojana,Housing,False,747
27,Female,Kerala,ST,1893667.92,Business,Self-Employed,Post Graduate,4,0.8,False,True,Skill India,Employment,False,747
60,Male,Maharashtra,SC,59031.25,Farmer,Self-Employed,Secondary,5,1.04,False,True,PM Kisan,Agriculture,True,748
60,Male,Maharashtra,SC,59031.25,Farmer,Self-Employed,Secondary,5,1.04,False,True,Post Matric Scholarship,Education,False,748
60,Male,Maharashtra,SC,59031.25,Farmer,Self-Employed,Secondary,5,1.04,False,True,Ayushman Bharat,Healthcare,False,748
60,Male,Maharashtra,SC,59031.25,Farmer,Self-Employed,Secondary,5,1.04,False,True,PM Awas Yojana,Housing,False,748
60,Male,Maharashtra,SC,59031.25,Farmer,Self-Employed,Secondary,5,1.04,False,True,Skill India,Employment,False,748
52,Female,Maharashtra,ST,78675.25,Unemployed,Unemployed,Primary,4,0.0,True,True,PM Kisan,Agriculture,False,749
52,Female,Maharashtra,ST,78675.25,Unemployed,Unemployed,Primary,4,0.0,True,True,Post Matric Scholarship,Education,False,749
52,Female,Maharashtra,ST,78675.25,Unemployed,Unemployed,Primary,4,0.0,True,True,Ayushman Bharat,Healthcare,True,749
52,Female,Maharashtra,ST,78675.25,Unemployed,Unemployed,Primary,4,0.0,True,True,PM Awas Yojana,Housing,True,749
52,Female,Maharashtra,ST,78675.25,Unemployed,Unemployed,Primary,4,0.0,True,True,Skill India,Employment,False,749
19,Male,Karnataka,OBC,86619.89,Student,Student,Graduate,5,0.0,False,True,PM Kisan,Agriculture,False,750
19,Male,Karnataka,OBC,86619.89,Student,Student,Graduate,5,0.0,False,True,Post Matric Scholarship,Education,True,750
19,Male,Karnataka,OBC,86619.89,Student,Student,Graduate,5,0.0,False,True,Ayushman Bharat,Healthcare,False,750
19,Male,Karnataka,OBC,86619.89,Student,Student,Graduate,5,0.0,False,True,PM Awas Yojana,Housing,False,750
19,Male,Karnataka,OBC,86619.89,Student,Student,Graduate,5,0.0,False,True,Skill India,Employment,True,750
21,Female,Tamil Nadu,OBC,9630.1,Student,Student,Higher Secondary,5,0.0,False,True,PM Kisan,Agriculture,False,751
21,Female,Tamil Nadu,OBC,9630.1,Student,Student,Higher Secondary,5,0.0,False,True,Post Matric Scholarship,Education,True,751
21,Female,Tamil Nadu,OBC,9630.1,Student,Student,Higher Secondary,5,0.0,False,True,Ayushman Bharat,Healthcare,False,751
21,Female,Tamil Nadu,OBC,9630.1,Student,Student,Higher Secondary,5,0.0,False,True,PM Awas Yojana,Housing,False,751
21,Female,Tamil Nadu,OBC,9630.1,Student,Student,Higher Secondary,5,0.0,False,True,Skill India,Employment,True,751
37,Other,Karnataka,SC,1042633.75,Government Employee,Employed,Graduate,5,0.0,False,True,PM Kisan,Agriculture,False,752
37,Other,Karnataka,SC,1042633.75,Government Employee,Employed,Graduate,5,0.0,False,True,Post Matric Scholarship,Education,False,752
37,Other,Karnataka,SC,1042633.75,Government Employee,Employed,Graduate,5,0.0,False,True,Ayushman Bharat,Healthcare,False,752
37,Other,Karnataka,SC,1042633.75,Government Employee,Employed,Graduate,5,0.0,False,True,PM Awas Yojana,Housing,False,752
37,Other,Karnataka,SC,1042633.75,Government Employee,Employed,Graduate,5,0.0,False,True,Skill India,Employment,False,752
21,Female,Delhi,SC,28087.31,Student,Unemployed,Graduate,3,0.0,True,False,PM Kisan,Agriculture,False,753
21,Female,Delhi,SC,28087.31,Student,Unemployed,Graduate,3,0.0,True,False,Post Matric Scholarship,Education,False,753
21,Female,Delhi,SC,28087.31,Student,Unemployed,Graduate,3,0.0,True,False,Ayushman Bharat,Healthcare,True,753
21,Female,Delhi,SC,28087.31,Student,Unemployed,Graduate,3,0.0,True,False,PM Awas Yojana,Housing,True,753
21,Female,Delhi,SC,28087.31,Student,Unemployed,Graduate,3,0.0,True,False,Skill India,Employment,True,753
18,Other,Delhi,General,6333.37,Student,Unemployed,Graduate,4,0.0,True,False,PM Kisan,Agriculture,False,754
18,Other,Delhi,General,6333.37,Student,Unemployed,Graduate,4,0.0,True,False,Post Matric Scholarship,Education,False,754
18,Other,Delhi,General,6333.37,Student,Unemployed,Graduate,4,0.0,True,False,Ayushman Bharat,Healthcare,True,754
18,Other,Delhi,General,6333.37,Student,Unemployed,Graduate,4,0.0,True,False,PM Awas Yojana,Housing,True,754
18,Other,Delhi,General,6333.37,Student,Unemployed,Graduate,4,0.0,True,False,Skill India,Employment,True,754
38,Other,Tamil Nadu,ST,957441.75,Government Employee,Employed,Post Graduate,6,0.0,False,True,PM Kisan,Agriculture,False,755
38,Other,Tamil Nadu,ST,957441.75,Government Employee,Employed,Post Graduate,6,0.0,False,True,Post Matric Scholarship,Education,False,755
38,Other,Tamil Nadu,ST,957441.75,Government Employee,Employed,Post Graduate,6,0.0,False,True,Ayushman Bharat,Healthcare,False,755
38,Other,Tamil Nadu,ST,957441.75,Government Employee,Employed,Post Graduate,6,0.0,False,True,PM Awas Yojana,Housing,False,755
38,Other,Tamil Nadu,ST,957441.75,Government Employee,Employed,Post Graduate,6,0.0,False,True,Skill India,Employment,False,755
45,Female,Kerala,SC,13269.34,Unemployed,Unemployed,Primary,2,0.0,False,False,PM Kisan,Agriculture,False,756
45,Female,Kerala,SC,13269.34,Unemployed,Unemployed,Primary,2,0.0,False,False,Post Matric Scholarship,Education,False,756
45,Female,Kerala,SC,13269.34,Unemployed,Unemployed,Primary,2,0.0,False,False,Ayushman Bharat,Healthcare,False,756
45,Female,Kerala,SC,13269.34,Unemployed,Unemployed,Primary,2,0.0,False,False,PM Awas Yojana,Housing,False,756
45,Female,Kerala,SC,13269.34,Unemployed,Unemployed,Primary,2,0.0,False,False,Skill India,Employment,False,756
40,Other,Karnataka,General,164270.7,Farmer,Self-Employed,Secondary,4,3.43,False,True,PM Kisan,Agriculture,True,757
40,Other,Karnataka,General,164270.7,Farmer,Self-Employed,Secondary,4,3.43,False,True,Post Matric Scholarship,Education,False,757
40,Other,Karnataka,General,164270.7,Farmer,Self-Employed,Secondary,4,3.43,False,True,Ayushman Bharat,Healthcare,False,757
40,Other,Karnataka,General,164270.7,Farmer,Self-Employed,Secondary,4,3.43,False,True,PM Awas Yojana,Housing,False,757
40,Other,Karnataka,General,164270.7,Farmer,Self-Employed,Secondary,4,3.43,False,True,Skill India,Employment,False,757
48,Female,Tamil Nadu,General,677447.82,Private Employee,Employed,Post Graduate,6,0.0,False,True,PM Kisan,Agriculture,False,758
48,Female,Tamil Nadu,General,677447.82,Private Employee,Employed,Post Graduate,6,0.0,False,True,Post Matric Scholarship,Education,False,758
48,Female,Tamil Nadu,General,677447.82,Private Employee,Employed,Post Graduate,6,0.0,False,True,Ayushman Bharat,Healthcare,False,758
48,Female,Tamil Nadu,General,677447.82,Private Employee,Employed,Post Graduate,6,0.0,False,True,PM Awas Yojana,Housing,False,758
48,Female,Tamil Nadu,General,677447.82,Private Employee,Employed,Post Graduate,6,0.0,False,True,Skill India,Employment,False,758
30,Female,Delhi,SC,908147.88,Private Employee,Employed,Graduate,6,0.0,False,False,PM Kisan,Agriculture,False,759
30,Female,Delhi,SC,908147.88,Private Employee,Employed,Graduate,6,0.0,False,False,Post Matric Scholarship,Education,False,759
30,Female,Delhi,SC,908147.88,Private Employee,Employed,Graduate,6,0.0,False,False,Ayushman Bharat,Healthcare,False,759
30,Female,Delhi,SC,908147.88,Private Employee,Employed,Graduate,6,0.0,False,False,PM Awas Yojana,Housing,False,759
30,Female,Delhi,SC,908147.88,Private Employee,Employed,Graduate,6,0.0,False,False,Skill India,Employment,False,759
37,Other,Kerala,OBC,488502.22,Government Employee,Employed,Post Graduate,2,0.0,False,False,PM Kisan,Agriculture,False,760
37,Other,Kerala,OBC,488502.22,Government Employee,Employed,Post Graduate,2,0.0,False,False,Post Matric Scholarship,Education,False,760
37,Other,Kerala,OBC,488502.22,Government Employee,Employed,Post Graduate,2,0.0,False,False,Ayushman Bharat,Healthcare,False,760
37,Other,Kerala,OBC,488502.22,Government Employee,Employed,Post Graduate,2,0.0,False,False,PM Awas Yojana,Housing,False,760
37,Other,Kerala,OBC,488502.22,Government Employee,Employed,Post Graduate,2,0.0,False,False,Skill India,Employment,False,760
46,Female,Tamil Nadu,OBC,650193.72,Private Employee,Employed,Post Graduate,6,0.0,False,True,PM Kisan,Agriculture,False,761
46,Female,Tamil Nadu,OBC,650193.72,Private Employee,Employed,Post Graduate,6,0.0,False,True,Post Matric Scholarship,Education,False,761
46,Female,Tamil Nadu,OBC,650193.72,Private Employee,Employed,Post Graduate,6,0.0,False,True,Ayushman Bharat,Healthcare,False,761
46,Female,Tamil Nadu,OBC,650193.72,Private Employee,Employed,Post Graduate,6,0.0,False,True,PM Awas Yojana,Housing,False,761
46,Female,Tamil Nadu,OBC,650193.72,Private Employee,Employed,Post Graduate,6,0.0,False,True,Skill India,Employment,False,761
60,Male,Maharashtra,SC,1202267.89,Private Employee,Employed,Diploma,4,0.0,False,False,PM Kisan,Agriculture,False,762
60,Male,Maharashtra,SC,1202267.89,Private Employee,Employed,Diploma,4,0.0,False,False,Post Matric Scholarship,Education,False,762
60,Male,Maharashtra,SC,1202267.89,Private Employee,Employed,Diploma,4,0.0,False,False,Ayushman Bharat,Healthcare,False,762
60,Male,Maharashtra,SC,1202267.89,Private Employee,Employed,Diploma,4,0.0,False,False,PM Awas Yojana,Housing,False,762
60,Male,Maharashtra,SC,1202267.89,Private Employee,Employed,Diploma,4,0.0,False,False,Skill India,Employment,False,762
30,Male,Delhi,SC,1886282.02,Business,Self-Employed,Higher Secondary,5,4.9,False,False,PM Kisan,Agriculture,False,763
30,Male,Delhi,SC,1886282.02,Business,Self-Employed,Higher Secondary,5,4.9,False,False,Post Matric Scholarship,Education,False,763
30,Male,Delhi,SC,1886282.02,Business,Self-Employed,Higher Secondary,5,4.9,False,False,Ayushman Bharat,Healthcare,False,763
30,Male,Delhi,SC,1886282.02,Business,Self-Employed,Higher Secondary,5,4.9,False,False,PM Awas Yojana,Housing,False,763
30,Male,Delhi,SC,1886282.02,Business,Self-Employed,Higher Secondary,5,4.9,False,False,Skill India,Employment,False,763
53,Other,Karnataka,SC,109108.72,Farmer,Self-Employed,Secondary,4,3.11,False,False,PM Kisan,Agriculture,True,764
53,Other,Karnataka,SC,109108.72,Farmer,Self-Employed,Secondary,4,3.11,False,False,Post Matric Scholarship,Education,False,764
53,Other,Karnataka,SC,109108.72,Farmer,Self-Employed,Secondary,4,3.11,False,False,Ayushman Bharat,Healthcare,False,764
53,Other,Karnataka,SC,109108.72,Farmer,Self-Employed,Secondary,4,3.11,False,False,PM Awas Yojana,Housing,False,764
53,Other,Karnataka,SC,109108.72,Farmer,Self-Employed,Secondary,4,3.11,False,False,Skill India,Employment,False,764
36,Male,Karnataka,ST,366776.44,Private Employee,Employed,Diploma,3,0.0,False,False,PM Kisan,Agriculture,False,765
36,Male,Karnataka,ST,366776.44,Private Employee,Employed,Diploma,3,0.0,False,False,Post Matric Scholarship,Education,False,765
36,Male,Karnataka,ST,366776.44,Private Employee,Employed,Diploma,3,0.0,False,False,Ayushman Bharat,Healthcare,False,765
36,Male,Karnataka,ST,366776.44,Private Employee,Employed,Diploma,3,0.0,False,False,PM Awas Yojana,Housing,False,765
36,Male,Karnataka,ST,366776.44,Private Employee,Employed,Diploma,3,0.0,False,False,Skill India,Employment,False,765
23,Male,Kerala,SC,20348.63,Student,Student,Graduate,4,0.0,True,False,PM Kisan,Agriculture,False,766
23,Male,Kerala,SC,20348.63,Student,Student,Graduate,4,0.0,True,False,Post Matric Scholarship,Education,True,766
23,Male,Kerala,SC,20348.63,Student,Student,Graduate,4,0.0,True,False,Ayushman Bharat,Healthcare,True,766
23,Male,Kerala,SC,20348.63,Student,Student,Graduate,4,0.0,True,False,PM Awas Yojana,Housing,True,766
23,Male,Kerala,SC,20348.63,Student,Student,Graduate,4,0.0,True,False,Skill India,Employment,True,766
26,Male,Karnataka,ST,131684.78,Farmer,Self-Employed,Secondary,6,4.92,True,False,PM Kisan,Agriculture,True,767
26,Male,Karnataka,ST,131684.78,Farmer,Self-Employed,Secondary,6,4.92,True,False,Post Matric Scholarship,Education,False,767
26,Male,Karnataka,ST,131684.78,Farmer,Self-Employed,Secondary,6,4.92,True,False,Ayushman Bharat,Healthcare,True,767
26,Male,Karnataka,ST,131684.78,Farmer,Self-Employed,Secondary,6,4.92,True,False,PM Awas Yojana,Housing,True,767
26,Male,Karnataka,ST,131684.78,Farmer,Self-Employed,Secondary,6,4.92,True,False,Skill India,Employment,False,767
52,Other,Tamil Nadu,ST,449676.19,Business,Self-Employed,Graduate,7,1.95,False,False,PM Kisan,Agriculture,False,768
52,Other,Tamil Nadu,ST,449676.19,Business,Self-Employed,Graduate,7,1.95,False,False,Post Matric Scholarship,Education,False,768
52,Other,Tamil Nadu,ST,449676.19,Business,Self-Employed,Graduate,7,1.95,False,False,Ayushman Bharat,Healthcare,False,768
52,Other,Tamil Nadu,ST,449676.19,Business,Self-Employed,Graduate,7,1.95,False,False,PM Awas Yojana,Housing,False,768
52,Other,Tamil Nadu,ST,449676.19,Business,Self-Employed,Graduate,7,1.95,False,False,Skill India,Employment,False,768
23,Female,Delhi,General,13269.84,Student,Student,Higher Secondary,4,0.0,False,False,PM Kisan,Agriculture,False,769
23,Female,Delhi,General,13269.84,Student,Student,Higher Secondary,4,0.0,False,False,Post Matric Scholarship,Education,True,769
23,Female,Delhi,General,13269.84,Student,Student,Higher Secondary,4,0.0,False,False,Ayushman Bharat,Healthcare,False,769
23,Female,Delhi,General,13269.84,Student,Student,Higher Secondary,4,0.0,False,False,PM Awas Yojana,Housing,False,769
23,Female,Delhi,General,13269.84,Student,Student,Higher Secondary,4,0.0,False,False,Skill India,Employment,True,769
18,Female,Delhi,OBC,66614.08,Unemployed,Unemployed,Graduate,5,0.0,False,False,PM Kisan,Agriculture,False,770
18,Female,Delhi,OBC,66614.08,Unemployed,Unemployed,Graduate,5,0.0,False,False,Post Matric Scholarship,Education,False,770
18,Female,Delhi,OBC,66614.08,Unemployed,Unemployed,Graduate,5,0.0,False,False,Ayushman Bharat,Healthcare,False,770
18,Female,Delhi,OBC,66614.08,Unemployed,Unemployed,Graduate,5,0.0,False,False,PM Awas Yojana,Housing,False,770
18,Female,Delhi,OBC,66614.08,Unemployed,Unemployed,Graduate,5,0.0,False,False,Skill India,Employment,True,770
43,Female,Tamil Nadu,ST,91340.82,Farmer,Self-Employed,Secondary,4,6.08,False,False,PM Kisan,Agriculture,True,771
43,Female,Tamil Nadu,ST,91340.82,Farmer,Self-Employed,Secondary,4,6.08,False,False,Post Matric Scholarship,Education,False,771
43,Female,Tamil Nadu,ST,91340.82,Farmer,Self-Employed,Secondary,4,6.08,False,False,Ayushman Bharat,Healthcare,False,771
43,Female,Tamil Nadu,ST,91340.82,Farmer,Self-Employed,Secondary,4,6.08,False,False,PM Awas Yojana,Housing,False,771
43,Female,Tamil Nadu,ST,91340.82,Farmer,Self-Employed,Secondary,4,6.08,False,False,Skill India,Employment,False,771
27,Other,Delhi,OBC,584302.2,Private Employee,Employed,Post Graduate,2,0.0,False,False,PM Kisan,Agriculture,False,772
27,Other,Delhi,OBC,584302.2,Private Employee,Employed,Post Graduate,2,0.0,False,False,Post Matric Scholarship,Education,False,772
27,Other,Delhi,OBC,584302.2,Private Employee,Employed,Post Graduate,2,0.0,False,False,Ayushman Bharat,Healthcare,False,772
27,Other,Delhi,OBC,584302.2,Private Employee,Employed,Post Graduate,2,0.0,False,False,PM Awas Yojana,Housing,False,772
27,Other,Delhi,OBC,584302.2,Private Employee,Employed,Post Graduate,2,0.0,False,False,Skill India,Employment,False,772
27,Female,Delhi,SC,2055552.13,Business,Self-Employed,Graduate,6,3.05,False,False,PM Kisan,Agriculture,False,773
27,Female,Delhi,SC,2055552.13,Business,Self-Employed,Graduate,6,3.05,False,False,Post Matric Scholarship,Education,False,773
27,Female,Delhi,SC,2055552.13,Business,Self-Employed,Graduate,6,3.05,False,False,Ayushman Bharat,Healthcare,False,773
27,Female,Delhi,SC,2055552.13,Business,Self-Employed,Graduate,6,3.05,False,False,PM Awas Yojana,Housing,False,773
27,Female,Delhi,SC,2055552.13,Business,Self-Employed,Graduate,6,3.05,False,False,Skill India,Employment,False,773
52,Other,Kerala,SC,287322.02,Private Employee,Employed,Graduate,3,0.0,False,False,PM Kisan,Agriculture,False,774
52,Other,Kerala,SC,287322.02,Private Employee,Employed,Graduate,3,0.0,False,False,Post Matric Scholarship,Education,False,774
52,Other,Kerala,SC,287322.02,Private Employee,Employed,Graduate,3,0.0,False,False,Ayushman Bharat,Healthcare,False,774
52,Other,Kerala,SC,287322.02,Private Employee,Employed,Graduate,3,0.0,False,False,PM Awas Yojana,Housing,False,774
52,Other,Kerala,SC,287322.02,Private Employee,Employed,Graduate,3,0.0,False,False,Skill India,Employment,False,774
28,Male,Maharashtra,OBC,85264.74,Unemployed,Unemployed,Primary,6,0.0,False,True,PM Kisan,Agriculture,False,775
28,Male,Maharashtra,OBC,85264.74,Unemployed,Unemployed,Primary,6,0.0,False,True,Post Matric Scholarship,Education,False,775
28,Male,Maharashtra,OBC,85264.74,Unemployed,Unemployed,Primary,6,0.0,False,True,Ayushman Bharat,Healthcare,False,775
28,Male,Maharashtra,OBC,85264.74,Unemployed,Unemployed,Primary,6,0.0,False,True,PM Awas Yojana,Housing,False,775
28,Male,Maharashtra,OBC,85264.74,Unemployed,Unemployed,Primary,6,0.0,False,True,Skill India,Employment,False,775
21,Female,Maharashtra,ST,26300.53,Student,Student,Diploma,6,0.0,False,True,PM Kisan,Agriculture,False,776
21,Female,Maharashtra,ST,26300.53,Student,Student,Diploma,6,0.0,False,True,Post Matric Scholarship,Education,False,776
21,Female,Maharashtra,ST,26300.53,Student,Student,Diploma,6,0.0,False,True,Ayushman Bharat,Healthcare,False,776
21,Female,Maharashtra,ST,26300.53,Student,Student,Diploma,6,0.0,False,True,PM Awas Yojana,Housing,False,776
21,Female,Maharashtra,ST,26300.53,Student,Student,Diploma,6,0.0,False,True,Skill India,Employment,False,776
19,Male,Delhi,ST,48626.26,Student,Student,Diploma,4,0.0,False,True,PM Kisan,Agriculture,False,777
19,Male,Delhi,ST,48626.26,Student,Student,Diploma,4,0.0,False,True,Post Matric Scholarship,Education,False,777
19,Male,Delhi,ST,48626.26,Student,Student,Diploma,4,0.0,False,True,Ayushman Bharat,Healthcare,False,777
19,Male,Delhi,ST,48626.26,Student,Student,Diploma,4,0.0,False,True,PM Awas Yojana,Housing,False,777
19,Male,Delhi,ST,48626.26,Student,Student,Diploma,4,0.0,False,True,Skill India,Employment,False,777
38,Other,Maharashtra,OBC,706579.07,Private Employee,Employed,Graduate,5,0.0,False,True,PM Kisan,Agriculture,False,778
38,Other,Maharashtra,OBC,706579.07,Private Employee,Employed,Graduate,5,0.0,False,True,Post Matric Scholarship,Education,False,778
38,Other,Maharashtra,OBC,706579.07,Private Employee,Employed,Graduate,5,0.0,False,True,Ayushman Bharat,Healthcare,False,778
38,Other,Maharashtra,OBC,706579.07,Private Employee,Employed,Graduate,5,0.0,False,True,PM Awas Yojana,Housing,False,778
38,Other,Maharashtra,OBC,706579.07,Private Employee,Employed,Graduate,5,0.0,False,True,Skill India,Employment,False,778
60,Female,Maharashtra,SC,808950.78,Private Employee,Employed,Graduate,6,0.0,False,False,PM Kisan,Agriculture,False,779
60,Female,Maharashtra,SC,808950.78,Private Employee,Employed,Graduate,6,0.0,False,False,Post Matric Scholarship,Education,False,779
60,Female,Maharashtra,SC,808950.78,Private Employee,Employed,Graduate,6,0.0,False,False,Ayushman Bharat,Healthcare,False,779
60,Female,Maharashtra,SC,808950.78,Private Employee,Employed,Graduate,6,0.0,False,False,PM Awas Yojana,Housing,False,779
60,Female,Maharashtra,SC,808950.78,Private Employee,Employed,Graduate,6,0.0,False,False,Skill India,Employment,False,779
23,Other,Delhi,ST,54116.76,Student,Student,Diploma,3,0.0,True,False,PM Kisan,Agriculture,False,780
23,Other,Delhi,ST,54116.76,Student,Student,Diploma,3,0.0,True,False,Post Matric Scholarship,Education,False,780
23,Other,Delhi,ST,54116.76,Student,Student,Diploma,3,0.0,True,False,Ayushman Bharat,Healthcare,True,780
23,Other,Delhi,ST,54116.76,Student,Student,Diploma,3,0.0,True,False,PM Awas Yojana,Housing,True,780
23,Other,Delhi,ST,54116.76,Student,Student,Diploma,3,0.0,True,False,Skill India,Employment,False,780
49,Female,Tamil Nadu,General,1484200.4,Private Employee,Employed,Post Graduate,6,0.0,False,False,PM Kisan,Agriculture,False,781
49,Female,Tamil Nadu,General,1484200.4,Private Employee,Employed,Post Graduate,6,0.0,False,False,Post Matric Scholarship,Education,False,781
49,Female,Tamil Nadu,General,1484200.4,Private Employee,Employed,Post Graduate,6,0.0,False,False,Ayushman Bharat,Healthcare,False,781
49,Female,Tamil Nadu,General,1484200.4,Private Employee,Employed,Post Graduate,6,0.0,False,False,PM Awas Yojana,Housing,False,781
49,Female,Tamil Nadu,General,1484200.4,Private Employee,Employed,Post Graduate,6,0.0,False,False,Skill India,Employment,False,781
30,Other,Kerala,General,1161336.6,Government Employee,Employed,Graduate,5,0.0,False,True,PM Kisan,Agriculture,False,782
30,Other,Kerala,General,1161336.6,Government Employee,Employed,Graduate,5,0.0,False,True,Post Matric Scholarship,Education,False,782
30,Other,Kerala,General,1161336.6,Government Employee,Employed,Graduate,5,0.0,False,True,Ayushman Bharat,Healthcare,False,782
30,Other,Kerala,General,1161336.6,Government Employee,Employed,Graduate,5,0.0,False,True,PM Awas Yojana,Housing,False,782
30,Other,Kerala,General,1161336.6,Government Employee,Employed,Graduate,5,0.0,False,True,Skill India,Employment,False,782
23,Other,Karnataka,ST,24553.25,Student,Student,Higher Secondary,5,0.0,False,True,PM Kisan,Agriculture,False,783
23,Other,Karnataka,ST,24553.25,Student,Student,Higher Secondary,5,0.0,False,True,Post Matric Scholarship,Education,True,783
23,Other,Karnataka,ST,24553.25,Student,Student,Higher Secondary,5,0.0,False,True,Ayushman Bharat,Healthcare,False,783
23,Other,Karnataka,ST,24553.25,Student,Student,Higher Secondary,5,0.0,False,True,PM Awas Yojana,Housing,False,783
23,Other,Karnataka,ST,24553.25,Student,Student,Higher Secondary,5,0.0,False,True,Skill India,Employment,True,783
63,Female,Karnataka,OBC,473376.67,Retired,Retired,Graduate,6,1.45,False,False,PM Kisan,Agriculture,False,784
63,Female,Karnataka,OBC,473376.67,Retired,Retired,Graduate,6,1.45,False,False,Post Matric Scholarship,Education,False,784
63,Female,Karnataka,OBC,473376.67,Retired,Retired,Graduate,6,1.45,False,False,Ayushman Bharat,Healthcare,False,784
63,Female,Karnataka,OBC,473376.67,Retired,Retired,Graduate,6,1.45,False,False,PM Awas Yojana,Housing,False,784
63,Female,Karnataka,OBC,473376.67,Retired,Retired,Graduate,6,1.45,False,False,Skill India,Employment,False,784
40,Male,Maharashtra,OBC,1995695.46,Business,Self-Employed,Graduate,4,3.39,False,False,PM Kisan,Agriculture,False,785
40,Male,Maharashtra,OBC,1995695.46,Business,Self-Employed,Graduate,4,3.39,False,False,Post Matric Scholarship,Education,False,785
40,Male,Maharashtra,OBC,1995695.46,Business,Self-Employed,Graduate,4,3.39,False,False,Ayushman Bharat,Healthcare,False,785
40,Male,Maharashtra,OBC,1995695.46,Business,Self-Employed,Graduate,4,3.39,False,False,PM Awas Yojana,Housing,False,785
40,Male,Maharashtra,OBC,1995695.46,Business,Self-Employed,Graduate,4,3.39,False,False,Skill India,Employment,False,785
40,Female,Karnataka,SC,43543.45,Unemployed,Unemployed,Secondary,3,0.0,True,False,PM Kisan,Agriculture,False,786
40,Female,Karnataka,SC,43543.45,Unemployed,Unemployed,Secondary,3,0.0,True,False,Post Matric Scholarship,Education,False,786
40,Female,Karnataka,SC,43543.45,Unemployed,Unemployed,Secondary,3,0.0,True,False,Ayushman Bharat,Healthcare,True,786
40,Female,Karnataka,SC,43543.45,Unemployed,Unemployed,Secondary,3,0.0,True,False,PM Awas Yojana,Housing,True,786
40,Female,Karnataka,SC,43543.45,Unemployed,Unemployed,Secondary,3,0.0,True,False,Skill India,Employment,True,786
47,Male,Kerala,SC,1109648.27,Business,Self-Employed,Higher Secondary,6,0.0,False,True,PM Kisan,Agriculture,False,787
47,Male,Kerala,SC,1109648.27,Business,Self-Employed,Higher Secondary,6,0.0,False,True,Post Matric Scholarship,Education,False,787
47,Male,Kerala,SC,1109648.27,Business,Self-Employed,Higher Secondary,6,0.0,False,True,Ayushman Bharat,Healthcare,False,787
47,Male,Kerala,SC,1109648.27,Business,Self-Employed,Higher Secondary,6,0.0,False,True,PM Awas Yojana,Housing,False,787
47,Male,Kerala,SC,1109648.27,Business,Self-Employed,Higher Secondary,6,0.0,False,True,Skill India,Employment,False,787
30,Male,Kerala,General,1341465.42,Business,Self-Employed,Post Graduate,3,3.25,False,True,PM Kisan,Agriculture,False,788
30,Male,Kerala,General,1341465.42,Business,Self-Employed,Post Graduate,3,3.25,False,True,Post Matric Scholarship,Education,False,788
30,Male,Kerala,General,1341465.42,Business,Self-Employed,Post Graduate,3,3.25,False,True,Ayushman Bharat,Healthcare,False,788
30,Male,Kerala,General,1341465.42,Business,Self-Employed,Post Graduate,3,3.25,False,True,PM Awas Yojana,Housing,False,788
30,Male,Kerala,General,1341465.42,Business,Self-Employed,Post Graduate,3,3.25,False,True,Skill India,Employment,False,788
57,Male,Delhi,General,0.0,Homemaker,Unemployed,Primary,3,2.11,True,False,PM Kisan,Agriculture,False,789
57,Male,Delhi,General,0.0,Homemaker,Unemployed,Primary,3,2.11,True,False,Post Matric Scholarship,Education,False,789
57,Male,Delhi,General,0.0,Homemaker,Unemployed,Primary,3,2.11,True,False,Ayushman Bharat,Healthcare,True,789
57,Male,Delhi,General,0.0,Homemaker,Unemployed,Primary,3,2.11,True,False,PM Awas Yojana,Housing,True,789
57,Male,Delhi,General,0.0,Homemaker,Unemployed,Primary,3,2.11,True,False,Skill India,Employment,False,789
44,Other,Karnataka,General,741113.29,Government Employee,Employed,Graduate,4,0.0,False,False,PM Kisan,Agriculture,False,790
44,Other,Karnataka,General,741113.29,Government Employee,Employed,Graduate,4,0.0,False,False,Post Matric Scholarship,Education,False,790
44,Other,Karnataka,General,741113.29,Government Employee,Employed,Graduate,4,0.0,False,False,Ayushman Bharat,Healthcare,False,790
44,Other,Karnataka,General,741113.29,Government Employee,Employed,Graduate,4,0.0,False,False,PM Awas Yojana,Housing,False,790
44,Other,Karnataka,General,741113.29,Government Employee,Employed,Graduate,4,0.0,False,False,Skill India,Employment,False,790
45,Female,Tamil Nadu,OBC,1267808.29,Private Employee,Employed,Diploma,2,0.0,False,True,PM Kisan,Agriculture,False,791
45,Female,Tamil Nadu,OBC,1267808.29,Private Employee,Employed,Diploma,2,0.0,False,True,Post Matric Scholarship,Education,False,791
45,Female,Tamil Nadu,OBC,1267808.29,Private Employee,Employed,Diploma,2,0.0,False,True,Ayushman Bharat,Healthcare,False,791
45,Female,Tamil Nadu,OBC,1267808.29,Private Employee,Employed,Diploma,2,0.0,False,True,PM Awas Yojana,Housing,False,791
45,Female,Tamil Nadu,OBC,1267808.29,Private Employee,Employed,Diploma,2,0.0,False,True,Skill India,Employment,False,791
19,Male,Maharashtra,OBC,115519.6,Student,Student,Graduate,6,0.0,False,True,PM Kisan,Agriculture,False,792
19,Male,Maharashtra,OBC,115519.6,Student,Student,Graduate,6,0.0,False,True,Post Matric Scholarship,Education,True,792
19,Male,Maharashtra,OBC,115519.6,Student,Student,Graduate,6,0.0,False,True,Ayushman Bharat,Healthcare,False,792
19,Male,Maharashtra,OBC,115519.6,Student,Student,Graduate,6,0.0,False,True,PM Awas Yojana,Housing,False,792
19,Male,Maharashtra,OBC,115519.6,Student,Student,Graduate,6,0.0,False,True,Skill India,Employment,True,792
45,Female,Maharashtra,General,80197.56,Farmer,Self-Employed,Primary,7,1.83,True,False,PM Kisan,Agriculture,True,793
45,Female,Maharashtra,General,80197.56,Farmer,Self-Employed,Primary,7,1.83,True,False,Post Matric Scholarship,Education,False,793
45,Female,Maharashtra,General,80197.56,Farmer,Self-Employed,Primary,7,1.83,True,False,Ayushman Bharat,Healthcare,True,793
45,Female,Maharashtra,General,80197.56,Farmer,Self-Employed,Primary,7,1.83,True,False,PM Awas Yojana,Housing,True,793
45,Female,Maharashtra,General,80197.56,Farmer,Self-Employed,Primary,7,1.83,True,False,Skill India,Employment,False,793
38,Female,Karnataka,SC,189312.69,Farmer,Self-Employed,Secondary,6,3.27,True,True,PM Kisan,Agriculture,True,794
38,Female,Karnataka,SC,189312.69,Farmer,Self-Employed,Secondary,6,3.27,True,True,Post Matric Scholarship,Education,False,794
38,Female,Karnataka,SC,189312.69,Farmer,Self-Employed,Secondary,6,3.27,True,True,Ayushman Bharat,Healthcare,True,794
38,Female,Karnataka,SC,189312.69,Farmer,Self-Employed,Secondary,6,3.27,True,True,PM Awas Yojana,Housing,True,794
38,Female,Karnataka,SC,189312.69,Farmer,Self-Employed,Secondary,6,3.27,True,True,Skill India,Employment,False,794
37,Male,Karnataka,General,1019680.48,Private Employee,Employed,Post Graduate,5,0.0,False,True,PM Kisan,Agriculture,False,795
37,Male,Karnataka,General,1019680.48,Private Employee,Employed,Post Graduate,5,0.0,False,True,Post Matric Scholarship,Education,False,795
37,Male,Karnataka,General,1019680.48,Private Employee,Employed,Post Graduate,5,0.0,False,True,Ayushman Bharat,Healthcare,False,795
37,Male,Karnataka,General,1019680.48,Private Employee,Employed,Post Graduate,5,0.0,False,True,PM Awas Yojana,Housing,False,795
37,Male,Karnataka,General,1019680.48,Private Employee,Employed,Post Graduate,5,0.0,False,True,Skill India,Employment,False,795
39,Female,Kerala,General,366006.98,Private Employee,Employed,Graduate,3,0.0,False,False,PM Kisan,Agriculture,False,796
39,Female,Kerala,General,366006.98,Private Employee,Employed,Graduate,3,0.0,False,False,Post Matric Scholarship,Education,False,796
39,Female,Kerala,General,366006.98,Private Employee,Employed,Graduate,3,0.0,False,False,Ayushman Bharat,Healthcare,False,796
39,Female,Kerala,General,366006.98,Private Employee,Employed,Graduate,3,0.0,False,False,PM Awas Yojana,Housing,False,796
39,Female,Kerala,General,366006.98,Private Employee,Employed,Graduate,3,0.0,False,False,Skill India,Employment,False,796
48,Other,Kerala,OBC,911079.63,Private Employee,Employed,Post Graduate,4,0.0,False,False,PM Kisan,Agriculture,False,797
48,Other,Kerala,OBC,911079.63,Private Employee,Employed,Post Graduate,4,0.0,False,False,Post Matric Scholarship,Education,False,797
48,Other,Kerala,OBC,911079.63,Private Employee,Employed,Post Graduate,4,0.0,False,False,Ayushman Bharat,Healthcare,False,797
48,Other,Kerala,OBC,911079.63,Private Employee,Employed,Post Graduate,4,0.0,False,False,PM Awas Yojana,Housing,False,797
48,Other,Kerala,OBC,911079.63,Private Employee,Employed,Post Graduate,4,0.0,False,False,Skill India,Employment,False,797
18,Other,Kerala,ST,16936.19,Student,Student,Higher Secondary,3,0.0,False,True,PM Kisan,Agriculture,False,798
18,Other,Kerala,ST,16936.19,Student,Student,Higher Secondary,3,0.0,False,True,Post Matric Scholarship,Education,True,798
18,Other,Kerala,ST,16936.19,Student,Student,Higher Secondary,3,0.0,False,True,Ayushman Bharat,Healthcare,False,798
18,Other,Kerala,ST,16936.19,Student,Student,Higher Secondary,3,0.0,False,True,PM Awas Yojana,Housing,False,798
18,Other,Kerala,ST,16936.19,Student,Student,Higher Secondary,3,0.0,False,True,Skill India,Employment,True,798
33,Other,Maharashtra,General,1315739.55,Private Employee,Employed,Post Graduate,3,0.0,False,False,PM Kisan,Agriculture,False,799
33,Other,Maharashtra,General,1315739.55,Private Employee,Employed,Post Graduate,3,0.0,False,False,Post Matric Scholarship,Education,False,799
33,Other,Maharashtra,General,1315739.55,Private Employee,Employed,Post Graduate,3,0.0,False,False,Ayushman Bharat,Healthcare,False,799
33,Other,Maharashtra,General,1315739.55,Private Employee,Employed,Post Graduate,3,0.0,False,False,PM Awas Yojana,Housing,False,799
33,Other,Maharashtra,General,1315739.55,Private Employee,Employed,Post Graduate,3,0.0,False,False,Skill India,Employment,False,799
37,Female,Karnataka,SC,79709.27,Farmer,Self-Employed,Secondary,5,1.57,False,True,PM Kisan,Agriculture,True,800
37,Female,Karnataka,SC,79709.27,Farmer,Self-Employed,Secondary,5,1.57,False,True,Post Matric Scholarship,Education,False,800
37,Female,Karnataka,SC,79709.27,Farmer,Self-Employed,Secondary,5,1.57,False,True,Ayushman Bharat,Healthcare,False,800
37,Female,Karnataka,SC,79709.27,Farmer,Self-Employed,Secondary,5,1.57,False,True,PM Awas Yojana,Housing,False,800
37,Female,Karnataka,SC,79709.27,Farmer,Self-Employed,Secondary,5,1.57,False,True,Skill India,Employment,False,800
43,Male,Karnataka,SC,2057689.4,Business,Self-Employed,Higher Secondary,5,0.88,False,True,PM Kisan,Agriculture,False,801
43,Male,Karnataka,SC,2057689.4,Business,Self-Employed,Higher Secondary,5,0.88,False,True,Post Matric Scholarship,Education,False,801
43,Male,Karnataka,SC,2057689.4,Business,Self-Employed,Higher Secondary,5,0.88,False,True,Ayushman Bharat,Healthcare,False,801
43,Male,Karnataka,SC,2057689.4,Business,Self-Employed,Higher Secondary,5,0.88,False,True,PM Awas Yojana,Housing,False,801
43,Male,Karnataka,SC,2057689.4,Business,Self-Employed,Higher Secondary,5,0.88,False,True,Skill India,Employment,False,801
45,Other,Kerala,General,848756.35,Private Employee,Employed,Graduate,6,0.0,False,False,PM Kisan,Agriculture,False,802
45,Other,Kerala,General,848756.35,Private Employee,Employed,Graduate,6,0.0,False,False,Post Matric Scholarship,Education,False,802
45,Other,Kerala,General,848756.35,Private Employee,Employed,Graduate,6,0.0,False,False,Ayushman Bharat,Healthcare,False,802
45,Other,Kerala,General,848756.35,Private Employee,Employed,Graduate,6,0.0,False,False,PM Awas Yojana,Housing,False,802
45,Other,Kerala,General,848756.35,Private Employee,Employed,Graduate,6,0.0,False,False,Skill India,Employment,False,802
53,Male,Kerala,ST,580668.5,Government Employee,Employed,Graduate,4,0.0,False,False,PM Kisan,Agriculture,False,803
53,Male,Kerala,ST,580668.5,Government Employee,Employed,Graduate,4,0.0,False,False,Post Matric Scholarship,Education,False,803
53,Male,Kerala,ST,580668.5,Government Employee,Employed,Graduate,4,0.0,False,False,Ayushman Bharat,Healthcare,False,803
53,Male,Kerala,ST,580668.5,Government Employee,Employed,Graduate,4,0.0,False,False,PM Awas Yojana,Housing,False,803
53,Male,Kerala,ST,580668.5,Government Employee,Employed,Graduate,4,0.0,False,False,Skill India,Employment,False,803
58,Male,Delhi,OBC,137790.11,Farmer,Self-Employed,Primary,7,7.37,True,False,PM Kisan,Agriculture,True,804
58,Male,Delhi,OBC,137790.11,Farmer,Self-Employed,Primary,7,7.37,True,False,Post Matric Scholarship,Education,False,804
58,Male,Delhi,OBC,137790.11,Farmer,Self-Employed,Primary,7,7.37,True,False,Ayushman Bharat,Healthcare,True,804
58,Male,Delhi,OBC,137790.11,Farmer,Self-Employed,Primary,7,7.37,True,False,PM Awas Yojana,Housing,True,804
58,Male,Delhi,OBC,137790.11,Farmer,Self-Employed,Primary,7,7.37,True,False,Skill India,Employment,False,804
22,Female,Karnataka,SC,24458.5,Student,Unemployed,Diploma,6,0.0,True,True,PM Kisan,Agriculture,False,805
22,Female,Karnataka,SC,24458.5,Student,Unemployed,Diploma,6,0.0,True,True,Post Matric Scholarship,Education,False,805
22,Female,Karnataka,SC,24458.5,Student,Unemployed,Diploma,6,0.0,True,True,Ayushman Bharat,Healthcare,True,805
22,Female,Karnataka,SC,24458.5,Student,Unemployed,Diploma,6,0.0,True,True,PM Awas Yojana,Housing,True,805
22,Female,Karnataka,SC,24458.5,Student,Unemployed,Diploma,6,0.0,True,True,Skill India,Employment,False,805
55,Male,Tamil Nadu,General,1174148.39,Private Employee,Employed,Post Graduate,4,0.0,False,True,PM Kisan,Agriculture,False,806
55,Male,Tamil Nadu,General,1174148.39,Private Employee,Employed,Post Graduate,4,0.0,False,True,Post Matric Scholarship,Education,False,806
55,Male,Tamil Nadu,General,1174148.39,Private Employee,Employed,Post Graduate,4,0.0,False,True,Ayushman Bharat,Healthcare,False,806
55,Male,Tamil Nadu,General,1174148.39,Private Employee,Employed,Post Graduate,4,0.0,False,True,PM Awas Yojana,Housing,False,806
55,Male,Tamil Nadu,General,1174148.39,Private Employee,Employed,Post Graduate,4,0.0,False,True,Skill India,Employment,False,806
28,Female,Kerala,OBC,67539.58,Unemployed,Unemployed,Graduate,7,0.0,False,True,PM Kisan,Agriculture,False,807
28,Female,Kerala,OBC,67539.58,Unemployed,Unemployed,Graduate,7,0.0,False,True,Post Matric Scholarship,Education,False,807
28,Female,Kerala,OBC,67539.58,Unemployed,Unemployed,Graduate,7,0.0,False,True,Ayushman Bharat,Healthcare,False,807
28,Female,Kerala,OBC,67539.58,Unemployed,Unemployed,Graduate,7,0.0,False,True,PM Awas Yojana,Housing,False,807
28,Female,Kerala,OBC,67539.58,Unemployed,Unemployed,Graduate,7,0.0,False,True,Skill India,Employment,True,807
37,Female,Tamil Nadu,OBC,1157260.99,Private Employee,Employed,Post Graduate,6,0.0,False,True,PM Kisan,Agriculture,False,808
37,Female,Tamil Nadu,OBC,1157260.99,Private Employee,Employed,Post Graduate,6,0.0,False,True,Post Matric Scholarship,Education,False,808
37,Female,Tamil Nadu,OBC,1157260.99,Private Employee,Employed,Post Graduate,6,0.0,False,True,Ayushman Bharat,Healthcare,False,808
37,Female,Tamil Nadu,OBC,1157260.99,Private Employee,Employed,Post Graduate,6,0.0,False,True,PM Awas Yojana,Housing,False,808
37,Female,Tamil Nadu,OBC,1157260.99,Private Employee,Employed,Post Graduate,6,0.0,False,True,Skill India,Employment,False,808
47,Male,Maharashtra,OBC,0.0,Homemaker,Unemployed,Secondary,4,0.38,True,True,PM Kisan,Agriculture,False,809
47,Male,Maharashtra,OBC,0.0,Homemaker,Unemployed,Secondary,4,0.38,True,True,Post Matric Scholarship,Education,False,809
47,Male,Maharashtra,OBC,0.0,Homemaker,Unemployed,Secondary,4,0.38,True,True,Ayushman Bharat,Healthcare,True,809
47,Male,Maharashtra,OBC,0.0,Homemaker,Unemployed,Secondary,4,0.38,True,True,PM Awas Yojana,Housing,True,809
47,Male,Maharashtra,OBC,0.0,Homemaker,Unemployed,Secondary,4,0.38,True,True,Skill India,Employment,False,809
44,Female,Tamil Nadu,OBC,2331179.72,Business,Self-Employed,Post Graduate,5,1.02,False,False,PM Kisan,Agriculture,False,810
44,Female,Tamil Nadu,OBC,2331179.72,Business,Self-Employed,Post Graduate,5,1.02,False,False,Post Matric Scholarship,Education,False,810
44,Female,Tamil Nadu,OBC,2331179.72,Business,Self-Employed,Post Graduate,5,1.02,False,False,Ayushman Bharat,Healthcare,False,810
44,Female,Tamil Nadu,OBC,2331179.72,Business,Self-Employed,Post Graduate,5,1.02,False,False,PM Awas Yojana,Housing,False,810
44,Female,Tamil Nadu,OBC,2331179.72,Business,Self-Employed,Post Graduate,5,1.02,False,False,Skill India,Employment,False,810
46,Other,Karnataka,General,0.0,Homemaker,Unemployed,Graduate,6,2.94,True,True,PM Kisan,Agriculture,False,811
46,Other,Karnataka,General,0.0,Homemaker,Unemployed,Graduate,6,2.94,True,True,Post Matric Scholarship,Education,False,811
46,Other,Karnataka,General,0.0,Homemaker,Unemployed,Graduate,6,2.94,True,True,Ayushman Bharat,Healthcare,True,811
46,Other,Karnataka,General,0.0,Homemaker,Unemployed,Graduate,6,2.94,True,True,PM Awas Yojana,Housing,True,811
46,Other,Karnataka,General,0.0,Homemaker,Unemployed,Graduate,6,2.94,True,True,Skill India,Employment,False,811
21,Other,Maharashtra,SC,30927.42,Unemployed,Unemployed,Primary,5,0.0,True,True,PM Kisan,Agriculture,False,812
21,Other,Maharashtra,SC,30927.42,Unemployed,Unemployed,Primary,5,0.0,True,True,Post Matric Scholarship,Education,False,812
21,Other,Maharashtra,SC,30927.42,Unemployed,Unemployed,Primary,5,0.0,True,True,Ayushman Bharat,Healthcare,True,812
21,Other,Maharashtra,SC,30927.42,Unemployed,Unemployed,Primary,5,0.0,True,True,PM Awas Yojana,Housing,True,812
21,Other,Maharashtra,SC,30927.42,Unemployed,Unemployed,Primary,5,0.0,True,True,Skill India,Employment,False,812
54,Male,Delhi,SC,1197837.94,Government Employee,Employed,Post Graduate,6,0.0,False,True,PM Kisan,Agriculture,False,813
54,Male,Delhi,SC,1197837.94,Government Employee,Employed,Post Graduate,6,0.0,False,True,Post Matric Scholarship,Education,False,813
54,Male,Delhi,SC,1197837.94,Government Employee,Employed,Post Graduate,6,0.0,False,True,Ayushman Bharat,Healthcare,False,813
54,Male,Delhi,SC,1197837.94,Government Employee,Employed,Post Graduate,6,0.0,False,True,PM Awas Yojana,Housing,False,813
54,Male,Delhi,SC,1197837.94,Government Employee,Employed,Post Graduate,6,0.0,False,True,Skill India,Employment,False,813
37,Other,Karnataka,SC,121088.53,Farmer,Self-Employed,Primary,7,1.6,True,False,PM Kisan,Agriculture,True,814
37,Other,Karnataka,SC,121088.53,Farmer,Self-Employed,Primary,7,1.6,True,False,Post Matric Scholarship,Education,False,814
37,Other,Karnataka,SC,121088.53,Farmer,Self-Employed,Primary,7,1.6,True,False,Ayushman Bharat,Healthcare,True,814
37,Other,Karnataka,SC,121088.53,Farmer,Self-Employed,Primary,7,1.6,True,False,PM Awas Yojana,Housing,True,814
37,Other,Karnataka,SC,121088.53,Farmer,Self-Employed,Primary,7,1.6,True,False,Skill India,Employment,False,814
51,Other,Kerala,SC,1298586.34,Private Employee,Employed,Graduate,2,0.0,False,False,PM Kisan,Agriculture,False,815
51,Other,Kerala,SC,1298586.34,Private Employee,Employed,Graduate,2,0.0,False,False,Post Matric Scholarship,Education,False,815
51,Other,Kerala,SC,1298586.34,Private Employee,Employed,Graduate,2,0.0,False,False,Ayushman Bharat,Healthcare,False,815
51,Other,Kerala,SC,1298586.34,Private Employee,Employed,Graduate,2,0.0,False,False,PM Awas Yojana,Housing,False,815
51,Other,Kerala,SC,1298586.34,Private Employee,Employed,Graduate,2,0.0,False,False,Skill India,Employment,False,815
21,Other,Maharashtra,OBC,41515.33,Student,Student,Diploma,5,0.0,False,True,PM Kisan,Agriculture,False,816
21,Other,Maharashtra,OBC,41515.33,Student,Student,Diploma,5,0.0,False,True,Post Matric Scholarship,Education,False,816
21,Other,Maharashtra,OBC,41515.33,Student,Student,Diploma,5,0.0,False,True,Ayushman Bharat,Healthcare,False,816
21,Other,Maharashtra,OBC,41515.33,Student,Student,Diploma,5,0.0,False,True,PM Awas Yojana,Housing,False,816
21,Other,Maharashtra,OBC,41515.33,Student,Student,Diploma,5,0.0,False,True,Skill India,Employment,False,816
23,Male,Tamil Nadu,OBC,1074630.85,Private Employee,Employed,Post Graduate,5,0.0,False,True,PM Kisan,Agriculture,False,817
23,Male,Tamil Nadu,OBC,1074630.85,Private Employee,Employed,Post Graduate,5,0.0,False,True,Post Matric Scholarship,Education,False,817
23,Male,Tamil Nadu,OBC,1074630.85,Private Employee,Employed,Post Graduate,5,0.0,False,True,Ayushman Bharat,Healthcare,False,817
23,Male,Tamil Nadu,OBC,1074630.85,Private Employee,Employed,Post Graduate,5,0.0,False,True,PM Awas Yojana,Housing,False,817
23,Male,Tamil Nadu,OBC,1074630.85,Private Employee,Employed,Post Graduate,5,0.0,False,True,Skill India,Employment,False,817
29,Male,Karnataka,ST,1272153.62,Private Employee,Employed,Post Graduate,2,0.0,False,True,PM Kisan,Agriculture,False,818
29,Male,Karnataka,ST,1272153.62,Private Employee,Employed,Post Graduate,2,0.0,False,True,Post Matric Scholarship,Education,False,818
29,Male,Karnataka,ST,1272153.62,Private Employee,Employed,Post Graduate,2,0.0,False,True,Ayushman Bharat,Healthcare,False,818
29,Male,Karnataka,ST,1272153.62,Private Employee,Employed,Post Graduate,2,0.0,False,True,PM Awas Yojana,Housing,False,818
29,Male,Karnataka,ST,1272153.62,Private Employee,Employed,Post Graduate,2,0.0,False,True,Skill India,Employment,False,818
34,Male,Maharashtra,ST,31389.31,Unemployed,Unemployed,Higher Secondary,7,0.0,False,False,PM Kisan,Agriculture,False,819
34,Male,Maharashtra,ST,31389.31,Unemployed,Unemployed,Higher Secondary,7,0.0,False,False,Post Matric Scholarship,Education,False,819
34,Male,Maharashtra,ST,31389.31,Unemployed,Unemployed,Higher Secondary,7,0.0,False,False,Ayushman Bharat,Healthcare,False,819
34,Male,Maharashtra,ST,31389.31,Unemployed,Unemployed,Higher Secondary,7,0.0,False,False,PM Awas Yojana,Housing,False,819
34,Male,Maharashtra,ST,31389.31,Unemployed,Unemployed,Higher Secondary,7,0.0,False,False,Skill India,Employment,True,819
60,Female,Tamil Nadu,ST,485621.43,Private Employee,Employed,Post Graduate,3,0.0,False,False,PM Kisan,Agriculture,False,820
60,Female,Tamil Nadu,ST,485621.43,Private Employee,Employed,Post Graduate,3,0.0,False,False,Post Matric Scholarship,Education,False,820
60,Female,Tamil Nadu,ST,485621.43,Private Employee,Employed,Post Graduate,3,0.0,False,False,Ayushman Bharat,Healthcare,False,820
60,Female,Tamil Nadu,ST,485621.43,Private Employee,Employed,Post Graduate,3,0.0,False,False,PM Awas Yojana,Housing,False,820
60,Female,Tamil Nadu,ST,485621.43,Private Employee,Employed,Post Graduate,3,0.0,False,False,Skill India,Employment,False,820
56,Male,Maharashtra,SC,1297825.33,Private Employee,Employed,Graduate,3,0.0,False,True,PM Kisan,Agriculture,False,821
56,Male,Maharashtra,SC,1297825.33,Private Employee,Employed,Graduate,3,0.0,False,True,Post Matric Scholarship,Education,False,821
56,Male,Maharashtra,SC,1297825.33,Private Employee,Employed,Graduate,3,0.0,False,True,Ayushman Bharat,Healthcare,False,821
56,Male,Maharashtra,SC,1297825.33,Private Employee,Employed,Graduate,3,0.0,False,True,PM Awas Yojana,Housing,False,821
56,Male,Maharashtra,SC,1297825.33,Private Employee,Employed,Graduate,3,0.0,False,True,Skill India,Employment,False,821
35,Other,Tamil Nadu,SC,1021465.58,Private Employee,Employed,Diploma,2,0.0,False,False,PM Kisan,Agriculture,False,822
35,Other,Tamil Nadu,SC,1021465.58,Private Employee,Employed,Diploma,2,0.0,False,False,Post Matric Scholarship,Education,False,822
35,Other,Tamil Nadu,SC,1021465.58,Private Employee,Employed,Diploma,2,0.0,False,False,Ayushman Bharat,Healthcare,False,822
35,Other,Tamil Nadu,SC,1021465.58,Private Employee,Employed,Diploma,2,0.0,False,False,PM Awas Yojana,Housing,False,822
35,Other,Tamil Nadu,SC,1021465.58,Private Employee,Employed,Diploma,2,0.0,False,False,Skill India,Employment,False,822
35,Female,Tamil Nadu,SC,122269.57,Farmer,Self-Employed,Primary,7,1.6,True,False,PM Kisan,Agriculture,True,823
35,Female,Tamil Nadu,SC,122269.57,Farmer,Self-Employed,Primary,7,1.6,True,False,Post Matric Scholarship,Education,False,823
35,Female,Tamil Nadu,SC,122269.57,Farmer,Self-Employed,Primary,7,1.6,True,False,Ayushman Bharat,Healthcare,True,823
35,Female,Tamil Nadu,SC,122269.57,Farmer,Self-Employed,Primary,7,1.6,True,False,PM Awas Yojana,Housing,True,823
35,Female,Tamil Nadu,SC,122269.57,Farmer,Self-Employed,Primary,7,1.6,True,False,Skill India,Employment,False,823
43,Other,Delhi,SC,737839.29,Government Employee,Employed,Graduate,2,0.0,False,False,PM Kisan,Agriculture,False,824
43,Other,Delhi,SC,737839.29,Government Employee,Employed,Graduate,2,0.0,False,False,Post Matric Scholarship,Education,False,824
43,Other,Delhi,SC,737839.29,Government Employee,Employed,Graduate,2,0.0,False,False,Ayushman Bharat,Healthcare,False,824
43,Other,Delhi,SC,737839.29,Government Employee,Employed,Graduate,2,0.0,False,False,PM Awas Yojana,Housing,False,824
43,Other,Delhi,SC,737839.29,Government Employee,Employed,Graduate,2,0.0,False,False,Skill India,Employment,False,824
51,Female,Kerala,ST,128476.77,Farmer,Self-Employed,Secondary,6,6.19,False,True,PM Kisan,Agriculture,True,825
51,Female,Kerala,ST,128476.77,Farmer,Self-Employed,Secondary,6,6.19,False,True,Post Matric Scholarship,Education,False,825
51,Female,Kerala,ST,128476.77,Farmer,Self-Employed,Secondary,6,6.19,False,True,Ayushman Bharat,Healthcare,False,825
51,Female,Kerala,ST,128476.77,Farmer,Self-Employed,Secondary,6,6.19,False,True,PM Awas Yojana,Housing,False,825
51,Female,Kerala,ST,128476.77,Farmer,Self-Employed,Secondary,6,6.19,False,True,Skill India,Employment,False,825
63,Other,Maharashtra,ST,465278.07,Farmer,Self-Employed,Secondary,6,5.14,True,True,PM Kisan,Agriculture,False,826
63,Other,Maharashtra,ST,465278.07,Farmer,Self-Employed,Secondary,6,5.14,True,True,Post Matric Scholarship,Education,False,826
63,Other,Maharashtra,ST,465278.07,Farmer,Self-Employed,Secondary,6,5.14,True,True,Ayushman Bharat,Healthcare,False,826
63,Other,Maharashtra,ST,465278.07,Farmer,Self-Employed,Secondary,6,5.14,True,True,PM Awas Yojana,Housing,False,826
63,Other,Maharashtra,ST,465278.07,Farmer,Self-Employed,Secondary,6,5.14,True,True,Skill India,Employment,False,826
37,Female,Tamil Nadu,OBC,333795.68,Government Employee,Employed,Post Graduate,5,0.0,False,True,PM Kisan,Agriculture,False,827
37,Female,Tamil Nadu,OBC,333795.68,Government Employee,Employed,Post Graduate,5,0.0,False,True,Post Matric Scholarship,Education,False,827
37,Female,Tamil Nadu,OBC,333795.68,Government Employee,Employed,Post Graduate,5,0.0,False,True,Ayushman Bharat,Healthcare,False,827
37,Female,Tamil Nadu,OBC,333795.68,Government Employee,Employed,Post Graduate,5,0.0,False,True,PM Awas Yojana,Housing,False,827
37,Female,Tamil Nadu,OBC,333795.68,Government Employee,Employed,Post Graduate,5,0.0,False,True,Skill India,Employment,False,827
60,Other,Karnataka,SC,115814.98,Farmer,Self-Employed,Primary,4,7.35,True,True,PM Kisan,Agriculture,True,828
60,Other,Karnataka,SC,115814.98,Farmer,Self-Employed,Primary,4,7.35,True,True,Post Matric Scholarship,Education,False,828
60,Other,Karnataka,SC,115814.98,Farmer,Self-Employed,Primary,4,7.35,True,True,Ayushman Bharat,Healthcare,True,828
60,Other,Karnataka,SC,115814.98,Farmer,Self-Employed,Primary,4,7.35,True,True,PM Awas Yojana,Housing,True,828
60,Other,Karnataka,SC,115814.98,Farmer,Self-Employed,Primary,4,7.35,True,True,Skill India,Employment,False,828
43,Female,Maharashtra,General,83278.57,Unemployed,Unemployed,Higher Secondary,5,0.0,False,False,PM Kisan,Agriculture,False,829
43,Female,Maharashtra,General,83278.57,Unemployed,Unemployed,Higher Secondary,5,0.0,False,False,Post Matric Scholarship,Education,False,829
43,Female,Maharashtra,General,83278.57,Unemployed,Unemployed,Higher Secondary,5,0.0,False,False,Ayushman Bharat,Healthcare,False,829
43,Female,Maharashtra,General,83278.57,Unemployed,Unemployed,Higher Secondary,5,0.0,False,False,PM Awas Yojana,Housing,False,829
43,Female,Maharashtra,General,83278.57,Unemployed,Unemployed,Higher Secondary,5,0.0,False,False,Skill India,Employment,True,829
25,Female,Maharashtra,General,679427.09,Private Employee,Employed,Graduate,4,0.0,False,True,PM Kisan,Agriculture,False,830
25,Female,Maharashtra,General,679427.09,Private Employee,Employed,Graduate,4,0.0,False,True,Post Matric Scholarship,Education,False,830
25,Female,Maharashtra,General,679427.09,Private Employee,Employed,Graduate,4,0.0,False,True,Ayushman Bharat,Healthcare,False,830
25,Female,Maharashtra,General,679427.09,Private Employee,Employed,Graduate,4,0.0,False,True,PM Awas Yojana,Housing,False,830
25,Female,Maharashtra,General,679427.09,Private Employee,Employed,Graduate,4,0.0,False,True,Skill India,Employment,False,830
48,Other,Kerala,SC,124165.23,Farmer,Self-Employed,Secondary,7,3.28,False,False,PM Kisan,Agriculture,True,831
48,Other,Kerala,SC,124165.23,Farmer,Self-Employed,Secondary,7,3.28,False,False,Post Matric Scholarship,Education,False,831
48,Other,Kerala,SC,124165.23,Farmer,Self-Employed,Secondary,7,3.28,False,False,Ayushman Bharat,Healthcare,False,831
48,Other,Kerala,SC,124165.23,Farmer,Self-Employed,Secondary,7,3.28,False,False,PM Awas Yojana,Housing,False,831
48,Other,Kerala,SC,124165.23,Farmer,Self-Employed,Secondary,7,3.28,False,False,Skill India,Employment,False,831
47,Other,Tamil Nadu,ST,0.0,Homemaker,Unemployed,Higher Secondary,4,1.09,True,True,PM Kisan,Agriculture,False,832
47,Other,Tamil Nadu,ST,0.0,Homemaker,Unemployed,Higher Secondary,4,1.09,True,True,Post Matric Scholarship,Education,False,832
47,Other,Tamil Nadu,ST,0.0,Homemaker,Unemployed,Higher Secondary,4,1.09,True,True,Ayushman Bharat,Healthcare,True,832
47,Other,Tamil Nadu,ST,0.0,Homemaker,Unemployed,Higher Secondary,4,1.09,True,True,PM Awas Yojana,Housing,True,832
47,Other,Tamil Nadu,ST,0.0,Homemaker,Unemployed,Higher Secondary,4,1.09,True,True,Skill India,Employment,False,832
51,Male,Tamil Nadu,OBC,305708.11,Private Employee,Employed,Post Graduate,4,0.0,False,True,PM Kisan,Agriculture,False,833
51,Male,Tamil Nadu,OBC,305708.11,Private Employee,Employed,Post Graduate,4,0.0,False,True,Post Matric Scholarship,Education,False,833
51,Male,Tamil Nadu,OBC,305708.11,Private Employee,Employed,Post Graduate,4,0.0,False,True,Ayushman Bharat,Healthcare,False,833
51,Male,Tamil Nadu,OBC,305708.11,Private Employee,Employed,Post Graduate,4,0.0,False,True,PM Awas Yojana,Housing,False,833
51,Male,Tamil Nadu,OBC,305708.11,Private Employee,Employed,Post Graduate,4,0.0,False,True,Skill India,Employment,False,833
40,Female,Kerala,General,21443.79,Unemployed,Unemployed,Graduate,6,0.0,True,True,PM Kisan,Agriculture,False,834
40,Female,Kerala,General,21443.79,Unemployed,Unemployed,Graduate,6,0.0,True,True,Post Matric Scholarship,Education,False,834
40,Female,Kerala,General,21443.79,Unemployed,Unemployed,Graduate,6,0.0,True,True,Ayushman Bharat,Healthcare,True,834
40,Female,Kerala,General,21443.79,Unemployed,Unemployed,Graduate,6,0.0,True,True,PM Awas Yojana,Housing,True,834
40,Female,Kerala,General,21443.79,Unemployed,Unemployed,Graduate,6,0.0,True,True,Skill India,Employment,True,834
28,Other,Maharashtra,ST,85879.64,Farmer,Self-Employed,Higher Secondary,5,7.77,False,True,PM Kisan,Agriculture,True,835
28,Other,Maharashtra,ST,85879.64,Farmer,Self-Employed,Higher Secondary,5,7.77,False,True,Post Matric Scholarship,Education,False,835
28,Other,Maharashtra,ST,85879.64,Farmer,Self-Employed,Higher Secondary,5,7.77,False,True,Ayushman Bharat,Healthcare,False,835
28,Other,Maharashtra,ST,85879.64,Farmer,Self-Employed,Higher Secondary,5,7.77,False,True,PM Awas Yojana,Housing,False,835
28,Other,Maharashtra,ST,85879.64,Farmer,Self-Employed,Higher Secondary,5,7.77,False,True,Skill India,Employment,False,835
29,Male,Delhi,General,52795.93,Unemployed,Unemployed,Graduate,7,0.0,False,True,PM Kisan,Agriculture,False,836
29,Male,Delhi,General,52795.93,Unemployed,Unemployed,Graduate,7,0.0,False,True,Post Matric Scholarship,Education,False,836
29,Male,Delhi,General,52795.93,Unemployed,Unemployed,Graduate,7,0.0,False,True,Ayushman Bharat,Healthcare,False,836
29,Male,Delhi,General,52795.93,Unemployed,Unemployed,Graduate,7,0.0,False,True,PM Awas Yojana,Housing,False,836
29,Male,Delhi,General,52795.93,Unemployed,Unemployed,Graduate,7,0.0,False,True,Skill India,Employment,True,836
45,Female,Kerala,SC,134194.34,Farmer,Self-Employed,Primary,7,5.28,False,True,PM Kisan,Agriculture,True,837
45,Female,Kerala,SC,134194.34,Farmer,Self-Employed,Primary,7,5.28,False,True,Post Matric Scholarship,Education,False,837
45,Female,Kerala,SC,134194.34,Farmer,Self-Employed,Primary,7,5.28,False,True,Ayushman Bharat,Healthcare,False,837
45,Female,Kerala,SC,134194.34,Farmer,Self-Employed,Primary,7,5.28,False,True,PM Awas Yojana,Housing,False,837
45,Female,Kerala,SC,134194.34,Farmer,Self-Employed,Primary,7,5.28,False,True,Skill India,Employment,False,837
27,Other,Maharashtra,OBC,0.0,Homemaker,Unemployed,Graduate,4,1.98,True,True,PM Kisan,Agriculture,False,838
27,Other,Maharashtra,OBC,0.0,Homemaker,Unemployed,Graduate,4,1.98,True,True,Post Matric Scholarship,Education,False,838
27,Other,Maharashtra,OBC,0.0,Homemaker,Unemployed,Graduate,4,1.98,True,True,Ayushman Bharat,Healthcare,True,838
27,Other,Maharashtra,OBC,0.0,Homemaker,Unemployed,Graduate,4,1.98,True,True,PM Awas Yojana,Housing,True,838
27,Other,Maharashtra,OBC,0.0,Homemaker,Unemployed,Graduate,4,1.98,True,True,Skill India,Employment,False,838
56,Other,Tamil Nadu,SC,127892.4,Farmer,Self-Employed,Secondary,7,7.62,False,False,PM Kisan,Agriculture,True,839
56,Other,Tamil Nadu,SC,127892.4,Farmer,Self-Employed,Secondary,7,7.62,False,False,Post Matric Scholarship,Education,False,839
56,Other,Tamil Nadu,SC,127892.4,Farmer,Self-Employed,Secondary,7,7.62,False,False,Ayushman Bharat,Healthcare,False,839
56,Other,Tamil Nadu,SC,127892.4,Farmer,Self-Employed,Secondary,7,7.62,False,False,PM Awas Yojana,Housing,False,839
56,Other,Tamil Nadu,SC,127892.4,Farmer,Self-Employed,Secondary,7,7.62,False,False,Skill India,Employment,False,839
59,Other,Maharashtra,SC,877775.09,Private Employee,Employed,Post Graduate,4,0.0,False,True,PM Kisan,Agriculture,False,840
59,Other,Maharashtra,SC,877775.09,Private Employee,Employed,Post Graduate,4,0.0,False,True,Post Matric Scholarship,Education,False,840
59,Other,Maharashtra,SC,877775.09,Private Employee,Employed,Post Graduate,4,0.0,False,True,Ayushman Bharat,Healthcare,False,840
59,Other,Maharashtra,SC,877775.09,Private Employee,Employed,Post Graduate,4,0.0,False,True,PM Awas Yojana,Housing,False,840
59,Other,Maharashtra,SC,877775.09,Private Employee,Employed,Post Graduate,4,0.0,False,True,Skill India,Employment,False,840
36,Other,Delhi,SC,0.0,Homemaker,Unemployed,Graduate,7,0.62,False,True,PM Kisan,Agriculture,False,841
36,Other,Delhi,SC,0.0,Homemaker,Unemployed,Graduate,7,0.62,False,True,Post Matric Scholarship,Education,False,841
36,Other,Delhi,SC,0.0,Homemaker,Unemployed,Graduate,7,0.62,False,True,Ayushman Bharat,Healthcare,False,841
36,Other,Delhi,SC,0.0,Homemaker,Unemployed,Graduate,7,0.62,False,True,PM Awas Yojana,Housing,False,841
36,Other,Delhi,SC,0.0,Homemaker,Unemployed,Graduate,7,0.62,False,True,Skill India,Employment,False,841
22,Male,Karnataka,General,45332.42,Student,Unemployed,Graduate,3,0.0,False,True,PM Kisan,Agriculture,False,842
22,Male,Karnataka,General,45332.42,Student,Unemployed,Graduate,3,0.0,False,True,Post Matric Scholarship,Education,False,842
22,Male,Karnataka,General,45332.42,Student,Unemployed,Graduate,3,0.0,False,True,Ayushman Bharat,Healthcare,False,842
22,Male,Karnataka,General,45332.42,Student,Unemployed,Graduate,3,0.0,False,True,PM Awas Yojana,Housing,False,842
22,Male,Karnataka,General,45332.42,Student,Unemployed,Graduate,3,0.0,False,True,Skill India,Employment,True,842
49,Other,Delhi,ST,20962.23,Unemployed,Unemployed,Graduate,3,0.0,True,True,PM Kisan,Agriculture,False,843
49,Other,Delhi,ST,20962.23,Unemployed,Unemployed,Graduate,3,0.0,True,True,Post Matric Scholarship,Education,False,843
49,Other,Delhi,ST,20962.23,Unemployed,Unemployed,Graduate,3,0.0,True,True,Ayushman Bharat,Healthcare,True,843
49,Other,Delhi,ST,20962.23,Unemployed,Unemployed,Graduate,3,0.0,True,True,PM Awas Yojana,Housing,True,843
49,Other,Delhi,ST,20962.23,Unemployed,Unemployed,Graduate,3,0.0,True,True,Skill India,Employment,True,843
47,Male,Maharashtra,General,698482.75,Private Employee,Employed,Diploma,6,0.0,False,True,PM Kisan,Agriculture,False,844
47,Male,Maharashtra,General,698482.75,Private Employee,Employed,Diploma,6,0.0,False,True,Post Matric Scholarship,Education,False,844
47,Male,Maharashtra,General,698482.75,Private Employee,Employed,Diploma,6,0.0,False,True,Ayushman Bharat,Healthcare,False,844
47,Male,Maharashtra,General,698482.75,Private Employee,Employed,Diploma,6,0.0,False,True,PM Awas Yojana,Housing,False,844
47,Male,Maharashtra,General,698482.75,Private Employee,Employed,Diploma,6,0.0,False,True,Skill India,Employment,False,844
40,Female,Delhi,OBC,826148.1,Private Employee,Employed,Graduate,2,0.0,False,False,PM Kisan,Agriculture,False,845
40,Female,Delhi,OBC,826148.1,Private Employee,Employed,Graduate,2,0.0,False,False,Post Matric Scholarship,Education,False,845
40,Female,Delhi,OBC,826148.1,Private Employee,Employed,Graduate,2,0.0,False,False,Ayushman Bharat,Healthcare,False,845
40,Female,Delhi,OBC,826148.1,Private Employee,Employed,Graduate,2,0.0,False,False,PM Awas Yojana,Housing,False,845
40,Female,Delhi,OBC,826148.1,Private Employee,Employed,Graduate,2,0.0,False,False,Skill India,Employment,False,845
40,Male,Maharashtra,General,1443001.37,Private Employee,Employed,Post Graduate,3,0.0,False,True,PM Kisan,Agriculture,False,846
40,Male,Maharashtra,General,1443001.37,Private Employee,Employed,Post Graduate,3,0.0,False,True,Post Matric Scholarship,Education,False,846
40,Male,Maharashtra,General,1443001.37,Private Employee,Employed,Post Graduate,3,0.0,False,True,Ayushman Bharat,Healthcare,False,846
40,Male,Maharashtra,General,1443001.37,Private Employee,Employed,Post Graduate,3,0.0,False,True,PM Awas Yojana,Housing,False,846
40,Male,Maharashtra,General,1443001.37,Private Employee,Employed,Post Graduate,3,0.0,False,True,Skill India,Employment,False,846
35,Male,Kerala,General,145110.17,Farmer,Self-Employed,Higher Secondary,5,4.66,False,False,PM Kisan,Agriculture,True,847
35,Male,Kerala,General,145110.17,Farmer,Self-Employed,Higher Secondary,5,4.66,False,False,Post Matric Scholarship,Education,False,847
35,Male,Kerala,General,145110.17,Farmer,Self-Employed,Higher Secondary,5,4.66,False,False,Ayushman Bharat,Healthcare,False,847
35,Male,Kerala,General,145110.17,Farmer,Self-Employed,Higher Secondary,5,4.66,False,False,PM Awas Yojana,Housing,False,847
35,Male,Kerala,General,145110.17,Farmer,Self-Employed,Higher Secondary,5,4.66,False,False,Skill India,Employment,False,847
52,Male,Tamil Nadu,SC,102611.94,Farmer,Self-Employed,Secondary,6,6.57,False,True,PM Kisan,Agriculture,True,848
52,Male,Tamil Nadu,SC,102611.94,Farmer,Self-Employed,Secondary,6,6.57,False,True,Post Matric Scholarship,Education,False,848
52,Male,Tamil Nadu,SC,102611.94,Farmer,Self-Employed,Secondary,6,6.57,False,True,Ayushman Bharat,Healthcare,False,848
52,Male,Tamil Nadu,SC,102611.94,Farmer,Self-Employed,Secondary,6,6.57,False,True,PM Awas Yojana,Housing,False,848
52,Male,Tamil Nadu,SC,102611.94,Farmer,Self-Employed,Secondary,6,6.57,False,True,Skill India,Employment,False,848
61,Other,Kerala,OBC,178085.2,Farmer,Self-Employed,Higher Secondary,7,3.69,True,False,PM Kisan,Agriculture,True,849
61,Other,Kerala,OBC,178085.2,Farmer,Self-Employed,Higher Secondary,7,3.69,True,False,Post Matric Scholarship,Education,False,849
61,Other,Kerala,OBC,178085.2,Farmer,Self-Employed,Higher Secondary,7,3.69,True,False,Ayushman Bharat,Healthcare,True,849
61,Other,Kerala,OBC,178085.2,Farmer,Self-Employed,Higher Secondary,7,3.69,True,False,PM Awas Yojana,Housing,True,849
61,Other,Kerala,OBC,178085.2,Farmer,Self-Employed,Higher Secondary,7,3.69,True,False,Skill India,Employment,False,849
28,Other,Maharashtra,SC,1063775.03,Private Employee,Employed,Graduate,6,0.0,False,True,PM Kisan,Agriculture,False,850
28,Other,Maharashtra,SC,1063775.03,Private Employee,Employed,Graduate,6,0.0,False,True,Post Matric Scholarship,Education,False,850
28,Other,Maharashtra,SC,1063775.03,Private Employee,Employed,Graduate,6,0.0,False,True,Ayushman Bharat,Healthcare,False,850
28,Other,Maharashtra,SC,1063775.03,Private Employee,Employed,Graduate,6,0.0,False,True,PM Awas Yojana,Housing,False,850
28,Other,Maharashtra,SC,1063775.03,Private Employee,Employed,Graduate,6,0.0,False,True,Skill India,Employment,False,850
32,Other,Karnataka,General,256290.76,Private Employee,Employed,Post Graduate,6,0.0,False,False,PM Kisan,Agriculture,False,851
32,Other,Karnataka,General,256290.76,Private Employee,Employed,Post Graduate,6,0.0,False,False,Post Matric Scholarship,Education,False,851
32,Other,Karnataka,General,256290.76,Private Employee,Employed,Post Graduate,6,0.0,False,False,Ayushman Bharat,Healthcare,False,851
32,Other,Karnataka,General,256290.76,Private Employee,Employed,Post Graduate,6,0.0,False,False,PM Awas Yojana,Housing,False,851
32,Other,Karnataka,General,256290.76,Private Employee,Employed,Post Graduate,6,0.0,False,False,Skill India,Employment,False,851
30,Female,Tamil Nadu,OBC,107170.59,Farmer,Self-Employed,Primary,4,2.3,False,False,PM Kisan,Agriculture,True,852
30,Female,Tamil Nadu,OBC,107170.59,Farmer,Self-Employed,Primary,4,2.3,False,False,Post Matric Scholarship,Education,False,852
30,Female,Tamil Nadu,OBC,107170.59,Farmer,Self-Employed,Primary,4,2.3,False,False,Ayushman Bharat,Healthcare,False,852
30,Female,Tamil Nadu,OBC,107170.59,Farmer,Self-Employed,Primary,4,2.3,False,False,PM Awas Yojana,Housing,False,852
30,Female,Tamil Nadu,OBC,107170.59,Farmer,Self-Employed,Primary,4,2.3,False,False,Skill India,Employment,False,852
24,Other,Kerala,OBC,56819.26,Student,Unemployed,Higher Secondary,6,0.0,False,True,PM Kisan,Agriculture,False,853
24,Other,Kerala,OBC,56819.26,Student,Unemployed,Higher Secondary,6,0.0,False,True,Post Matric Scholarship,Education,False,853
24,Other,Kerala,OBC,56819.26,Student,Unemployed,Higher Secondary,6,0.0,False,True,Ayushman Bharat,Healthcare,False,853
24,Other,Kerala,OBC,56819.26,Student,Unemployed,Higher Secondary,6,0.0,False,True,PM Awas Yojana,Housing,False,853
24,Other,Kerala,OBC,56819.26,Student,Unemployed,Higher Secondary,6,0.0,False,True,Skill India,Employment,True,853
48,Male,Maharashtra,General,609831.92,Government Employee,Employed,Post Graduate,3,0.0,False,False,PM Kisan,Agriculture,False,854
48,Male,Maharashtra,General,609831.92,Government Employee,Employed,Post Graduate,3,0.0,False,False,Post Matric Scholarship,Education,False,854
48,Male,Maharashtra,General,609831.92,Government Employee,Employed,Post Graduate,3,0.0,False,False,Ayushman Bharat,Healthcare,False,854
48,Male,Maharashtra,General,609831.92,Government Employee,Employed,Post Graduate,3,0.0,False,False,PM Awas Yojana,Housing,False,854
48,Male,Maharashtra,General,609831.92,Government Employee,Employed,Post Graduate,3,0.0,False,False,Skill India,Employment,False,854
19,Male,Kerala,General,92999.42,Student,Student,Higher Secondary,3,0.0,False,False,PM Kisan,Agriculture,False,855
19,Male,Kerala,General,92999.42,Student,Student,Higher Secondary,3,0.0,False,False,Post Matric Scholarship,Education,True,855
19,Male,Kerala,General,92999.42,Student,Student,Higher Secondary,3,0.0,False,False,Ayushman Bharat,Healthcare,False,855
19,Male,Kerala,General,92999.42,Student,Student,Higher Secondary,3,0.0,False,False,PM Awas Yojana,Housing,False,855
19,Male,Kerala,General,92999.42,Student,Student,Higher Secondary,3,0.0,False,False,Skill India,Employment,True,855
35,Other,Tamil Nadu,OBC,2085878.84,Business,Self-Employed,Higher Secondary,2,1.15,False,False,PM Kisan,Agriculture,False,856
35,Other,Tamil Nadu,OBC,2085878.84,Business,Self-Employed,Higher Secondary,2,1.15,False,False,Post Matric Scholarship,Education,False,856
35,Other,Tamil Nadu,OBC,2085878.84,Business,Self-Employed,Higher Secondary,2,1.15,False,False,Ayushman Bharat,Healthcare,False,856
35,Other,Tamil Nadu,OBC,2085878.84,Business,Self-Employed,Higher Secondary,2,1.15,False,False,PM Awas Yojana,Housing,False,856
35,Other,Tamil Nadu,OBC,2085878.84,Business,Self-Employed,Higher Secondary,2,1.15,False,False,Skill India,Employment,False,856
34,Other,Karnataka,General,0.0,Homemaker,Unemployed,Higher Secondary,6,2.61,False,False,PM Kisan,Agriculture,False,857
34,Other,Karnataka,General,0.0,Homemaker,Unemployed,Higher Secondary,6,2.61,False,False,Post Matric Scholarship,Education,False,857
34,Other,Karnataka,General,0.0,Homemaker,Unemployed,Higher Secondary,6,2.61,False,False,Ayushman Bharat,Healthcare,False,857
34,Other,Karnataka,General,0.0,Homemaker,Unemployed,Higher Secondary,6,2.61,False,False,PM Awas Yojana,Housing,False,857
34,Other,Karnataka,General,0.0,Homemaker,Unemployed,Higher Secondary,6,2.61,False,False,Skill India,Employment,False,857
28,Other,Maharashtra,ST,253341.06,Private Employee,Employed,Diploma,5,0.0,False,False,PM Kisan,Agriculture,False,858
28,Other,Maharashtra,ST,253341.06,Private Employee,Employed,Diploma,5,0.0,False,False,Post Matric Scholarship,Education,False,858
28,Other,Maharashtra,ST,253341.06,Private Employee,Employed,Diploma,5,0.0,False,False,Ayushman Bharat,Healthcare,False,858
28,Other,Maharashtra,ST,253341.06,Private Employee,Employed,Diploma,5,0.0,False,False,PM Awas Yojana,Housing,False,858
28,Other,Maharashtra,ST,253341.06,Private Employee,Employed,Diploma,5,0.0,False,False,Skill India,Employment,False,858
49,Female,Delhi,SC,0.0,Homemaker,Unemployed,Primary,6,1.96,True,False,PM Kisan,Agriculture,False,859
49,Female,Delhi,SC,0.0,Homemaker,Unemployed,Primary,6,1.96,True,False,Post Matric Scholarship,Education,False,859
49,Female,Delhi,SC,0.0,Homemaker,Unemployed,Primary,6,1.96,True,False,Ayushman Bharat,Healthcare,True,859
49,Female,Delhi,SC,0.0,Homemaker,Unemployed,Primary,6,1.96,True,False,PM Awas Yojana,Housing,True,859
49,Female,Delhi,SC,0.0,Homemaker,Unemployed,Primary,6,1.96,True,False,Skill India,Employment,False,859
20,Other,Kerala,ST,36464.31,Student,Student,Higher Secondary,4,0.0,False,True,PM Kisan,Agriculture,False,860
20,Other,Kerala,ST,36464.31,Student,Student,Higher Secondary,4,0.0,False,True,Post Matric Scholarship,Education,True,860
20,Other,Kerala,ST,36464.31,Student,Student,Higher Secondary,4,0.0,False,True,Ayushman Bharat,Healthcare,False,860
20,Other,Kerala,ST,36464.31,Student,Student,Higher Secondary,4,0.0,False,True,PM Awas Yojana,Housing,False,860
20,Other,Kerala,ST,36464.31,Student,Student,Higher Secondary,4,0.0,False,True,Skill India,Employment,True,860
63,Female,Maharashtra,ST,137118.64,Farmer,Self-Employed,Primary,4,6.59,False,False,PM Kisan,Agriculture,True,861
63,Female,Maharashtra,ST,137118.64,Farmer,Self-Employed,Primary,4,6.59,False,False,Post Matric Scholarship,Education,False,861
63,Female,Maharashtra,ST,137118.64,Farmer,Self-Employed,Primary,4,6.59,False,False,Ayushman Bharat,Healthcare,False,861
63,Female,Maharashtra,ST,137118.64,Farmer,Self-Employed,Primary,4,6.59,False,False,PM Awas Yojana,Housing,False,861
63,Female,Maharashtra,ST,137118.64,Farmer,Self-Employed,Primary,4,6.59,False,False,Skill India,Employment,False,861
43,Male,Maharashtra,OBC,94309.23,Farmer,Self-Employed,Primary,7,3.3,False,False,PM Kisan,Agriculture,True,862
43,Male,Maharashtra,OBC,94309.23,Farmer,Self-Employed,Primary,7,3.3,False,False,Post Matric Scholarship,Education,False,862
43,Male,Maharashtra,OBC,94309.23,Farmer,Self-Employed,Primary,7,3.3,False,False,Ayushman Bharat,Healthcare,False,862
43,Male,Maharashtra,OBC,94309.23,Farmer,Self-Employed,Primary,7,3.3,False,False,PM Awas Yojana,Housing,False,862
43,Male,Maharashtra,OBC,94309.23,Farmer,Self-Employed,Primary,7,3.3,False,False,Skill India,Employment,False,862
40,Female,Kerala,SC,178232.62,Farmer,Self-Employed,Higher Secondary,4,7.75,False,True,PM Kisan,Agriculture,True,863
40,Female,Kerala,SC,178232.62,Farmer,Self-Employed,Higher Secondary,4,7.75,False,True,Post Matric Scholarship,Education,False,863
40,Female,Kerala,SC,178232.62,Farmer,Self-Employed,Higher Secondary,4,7.75,False,True,Ayushman Bharat,Healthcare,False,863
40,Female,Kerala,SC,178232.62,Farmer,Self-Employed,Higher Secondary,4,7.75,False,True,PM Awas Yojana,Housing,False,863
40,Female,Kerala,SC,178232.62,Farmer,Self-Employed,Higher Secondary,4,7.75,False,True,Skill India,Employment,False,863
50,Female,Tamil Nadu,OBC,135888.25,Farmer,Self-Employed,Primary,6,7.73,False,False,PM Kisan,Agriculture,True,864
50,Female,Tamil Nadu,OBC,135888.25,Farmer,Self-Employed,Primary,6,7.73,False,False,Post Matric Scholarship,Education,False,864
50,Female,Tamil Nadu,OBC,135888.25,Farmer,Self-Employed,Primary,6,7.73,False,False,Ayushman Bharat,Healthcare,False,864
50,Female,Tamil Nadu,OBC,135888.25,Farmer,Self-Employed,Primary,6,7.73,False,False,PM Awas Yojana,Housing,False,864
50,Female,Tamil Nadu,OBC,135888.25,Farmer,Self-Employed,Primary,6,7.73,False,False,Skill India,Employment,False,864
30,Other,Karnataka,OBC,2344344.66,Business,Self-Employed,Post Graduate,7,0.89,False,False,PM Kisan,Agriculture,False,865
30,Other,Karnataka,OBC,2344344.66,Business,Self-Employed,Post Graduate,7,0.89,False,False,Post Matric Scholarship,Education,False,865
30,Other,Karnataka,OBC,2344344.66,Business,Self-Employed,Post Graduate,7,0.89,False,False,Ayushman Bharat,Healthcare,False,865
30,Other,Karnataka,OBC,2344344.66,Business,Self-Employed,Post Graduate,7,0.89,False,False,PM Awas Yojana,Housing,False,865
30,Other,Karnataka,OBC,2344344.66,Business,Self-Employed,Post Graduate,7,0.89,False,False,Skill India,Employment,False,865
53,Female,Tamil Nadu,General,718673.29,Private Employee,Employed,Graduate,5,0.0,False,True,PM Kisan,Agriculture,False,866
53,Female,Tamil Nadu,General,718673.29,Private Employee,Employed,Graduate,5,0.0,False,True,Post Matric Scholarship,Education,False,866
53,Female,Tamil Nadu,General,718673.29,Private Employee,Employed,Graduate,5,0.0,False,True,Ayushman Bharat,Healthcare,False,866
53,Female,Tamil Nadu,General,718673.29,Private Employee,Employed,Graduate,5,0.0,False,True,PM Awas Yojana,Housing,False,866
53,Female,Tamil Nadu,General,718673.29,Private Employee,Employed,Graduate,5,0.0,False,True,Skill India,Employment,False,866
29,Male,Karnataka,General,832011.72,Private Employee,Employed,Diploma,3,0.0,False,True,PM Kisan,Agriculture,False,867
29,Male,Karnataka,General,832011.72,Private Employee,Employed,Diploma,3,0.0,False,True,Post Matric Scholarship,Education,False,867
29,Male,Karnataka,General,832011.72,Private Employee,Employed,Diploma,3,0.0,False,True,Ayushman Bharat,Healthcare,False,867
29,Male,Karnataka,General,832011.72,Private Employee,Employed,Diploma,3,0.0,False,True,PM Awas Yojana,Housing,False,867
29,Male,Karnataka,General,832011.72,Private Employee,Employed,Diploma,3,0.0,False,True,Skill India,Employment,False,867
55,Other,Kerala,General,874536.9,Government Employee,Employed,Graduate,3,0.0,False,False,PM Kisan,Agriculture,False,868
55,Other,Kerala,General,874536.9,Government Employee,Employed,Graduate,3,0.0,False,False,Post Matric Scholarship,Education,False,868
55,Other,Kerala,General,874536.9,Government Employee,Employed,Graduate,3,0.0,False,False,Ayushman Bharat,Healthcare,False,868
55,Other,Kerala,General,874536.9,Government Employee,Employed,Graduate,3,0.0,False,False,PM Awas Yojana,Housing,False,868
55,Other,Kerala,General,874536.9,Government Employee,Employed,Graduate,3,0.0,False,False,Skill India,Employment,False,868
36,Other,Tamil Nadu,ST,838743.68,Government Employee,Employed,Graduate,3,0.0,False,False,PM Kisan,Agriculture,False,869
36,Other,Tamil Nadu,ST,838743.68,Government Employee,Employed,Graduate,3,0.0,False,False,Post Matric Scholarship,Education,False,869
36,Other,Tamil Nadu,ST,838743.68,Government Employee,Employed,Graduate,3,0.0,False,False,Ayushman Bharat,Healthcare,False,869
36,Other,Tamil Nadu,ST,838743.68,Government Employee,Employed,Graduate,3,0.0,False,False,PM Awas Yojana,Housing,False,869
36,Other,Tamil Nadu,ST,838743.68,Government Employee,Employed,Graduate,3,0.0,False,False,Skill India,Employment,False,869
48,Other,Maharashtra,ST,529697.37,Government Employee,Employed,Post Graduate,2,0.0,False,False,PM Kisan,Agriculture,False,870
48,Other,Maharashtra,ST,529697.37,Government Employee,Employed,Post Graduate,2,0.0,False,False,Post Matric Scholarship,Education,False,870
48,Other,Maharashtra,ST,529697.37,Government Employee,Employed,Post Graduate,2,0.0,False,False,Ayushman Bharat,Healthcare,False,870
48,Other,Maharashtra,ST,529697.37,Government Employee,Employed,Post Graduate,2,0.0,False,False,PM Awas Yojana,Housing,False,870
48,Other,Maharashtra,ST,529697.37,Government Employee,Employed,Post Graduate,2,0.0,False,False,Skill India,Employment,False,870
38,Other,Tamil Nadu,ST,1284730.08,Private Employee,Employed,Graduate,5,0.0,False,True,PM Kisan,Agriculture,False,871
38,Other,Tamil Nadu,ST,1284730.08,Private Employee,Employed,Graduate,5,0.0,False,True,Post Matric Scholarship,Education,False,871
38,Other,Tamil Nadu,ST,1284730.08,Private Employee,Employed,Graduate,5,0.0,False,True,Ayushman Bharat,Healthcare,False,871
38,Other,Tamil Nadu,ST,1284730.08,Private Employee,Employed,Graduate,5,0.0,False,True,PM Awas Yojana,Housing,False,871
38,Other,Tamil Nadu,ST,1284730.08,Private Employee,Employed,Graduate,5,0.0,False,True,Skill India,Employment,False,871
36,Other,Kerala,SC,855381.69,Government Employee,Employed,Graduate,6,0.0,False,True,PM Kisan,Agriculture,False,872
36,Other,Kerala,SC,855381.69,Government Employee,Employed,Graduate,6,0.0,False,True,Post Matric Scholarship,Education,False,872
36,Other,Kerala,SC,855381.69,Government Employee,Employed,Graduate,6,0.0,False,True,Ayushman Bharat,Healthcare,False,872
36,Other,Kerala,SC,855381.69,Government Employee,Employed,Graduate,6,0.0,False,True,PM Awas Yojana,Housing,False,872
36,Other,Kerala,SC,855381.69,Government Employee,Employed,Graduate,6,0.0,False,True,Skill India,Employment,False,872
38,Male,Kerala,ST,1041441.33,Government Employee,Employed,Graduate,4,0.0,False,True,PM Kisan,Agriculture,False,873
38,Male,Kerala,ST,1041441.33,Government Employee,Employed,Graduate,4,0.0,False,True,Post Matric Scholarship,Education,False,873
38,Male,Kerala,ST,1041441.33,Government Employee,Employed,Graduate,4,0.0,False,True,Ayushman Bharat,Healthcare,False,873
38,Male,Kerala,ST,1041441.33,Government Employee,Employed,Graduate,4,0.0,False,True,PM Awas Yojana,Housing,False,873
38,Male,Kerala,ST,1041441.33,Government Employee,Employed,Graduate,4,0.0,False,True,Skill India,Employment,False,873
39,Other,Karnataka,SC,142006.91,Farmer,Self-Employed,Primary,6,4.43,False,True,PM Kisan,Agriculture,True,874
39,Other,Karnataka,SC,142006.91,Farmer,Self-Employed,Primary,6,4.43,False,True,Post Matric Scholarship,Education,False,874
39,Other,Karnataka,SC,142006.91,Farmer,Self-Employed,Primary,6,4.43,False,True,Ayushman Bharat,Healthcare,False,874
39,Other,Karnataka,SC,142006.91,Farmer,Self-Employed,Primary,6,4.43,False,True,PM Awas Yojana,Housing,False,874
39,Other,Karnataka,SC,142006.91,Farmer,Self-Employed,Primary,6,4.43,False,True,Skill India,Employment,False,874
20,Female,Kerala,OBC,16348.78,Student,Student,Diploma,6,0.0,True,False,PM Kisan,Agriculture,False,875
20,Female,Kerala,OBC,16348.78,Student,Student,Diploma,6,0.0,True,False,Post Matric Scholarship,Education,False,875
20,Female,Kerala,OBC,16348.78,Student,Student,Diploma,6,0.0,True,False,Ayushman Bharat,Healthcare,True,875
20,Female,Kerala,OBC,16348.78,Student,Student,Diploma,6,0.0,True,False,PM Awas Yojana,Housing,True,875
20,Female,Kerala,OBC,16348.78,Student,Student,Diploma,6,0.0,True,False,Skill India,Employment,False,875
60,Male,Maharashtra,General,458543.71,Retired,Retired,Secondary,6,1.73,False,True,PM Kisan,Agriculture,False,876
60,Male,Maharashtra,General,458543.71,Retired,Retired,Secondary,6,1.73,False,True,Post Matric Scholarship,Education,False,876
60,Male,Maharashtra,General,458543.71,Retired,Retired,Secondary,6,1.73,False,True,Ayushman Bharat,Healthcare,False,876
60,Male,Maharashtra,General,458543.71,Retired,Retired,Secondary,6,1.73,False,True,PM Awas Yojana,Housing,False,876
60,Male,Maharashtra,General,458543.71,Retired,Retired,Secondary,6,1.73,False,True,Skill India,Employment,False,876
71,Other,Delhi,SC,348860.53,Retired,Retired,Secondary,4,0.55,False,False,PM Kisan,Agriculture,False,877
71,Other,Delhi,SC,348860.53,Retired,Retired,Secondary,4,0.55,False,False,Post Matric Scholarship,Education,False,877
71,Other,Delhi,SC,348860.53,Retired,Retired,Secondary,4,0.55,False,False,Ayushman Bharat,Healthcare,False,877
71,Other,Delhi,SC,348860.53,Retired,Retired,Secondary,4,0.55,False,False,PM Awas Yojana,Housing,False,877
71,Other,Delhi,SC,348860.53,Retired,Retired,Secondary,4,0.55,False,False,Skill India,Employment,False,877
22,Other,Tamil Nadu,ST,488258.51,Private Employee,Employed,Graduate,6,0.0,False,False,PM Kisan,Agriculture,False,878
22,Other,Tamil Nadu,ST,488258.51,Private Employee,Employed,Graduate,6,0.0,False,False,Post Matric Scholarship,Education,False,878
22,Other,Tamil Nadu,ST,488258.51,Private Employee,Employed,Graduate,6,0.0,False,False,Ayushman Bharat,Healthcare,False,878
22,Other,Tamil Nadu,ST,488258.51,Private Employee,Employed,Graduate,6,0.0,False,False,PM Awas Yojana,Housing,False,878
22,Other,Tamil Nadu,ST,488258.51,Private Employee,Employed,Graduate,6,0.0,False,False,Skill India,Employment,False,878
46,Female,Delhi,ST,0.0,Homemaker,Unemployed,Secondary,7,2.99,True,True,PM Kisan,Agriculture,False,879
46,Female,Delhi,ST,0.0,Homemaker,Unemployed,Secondary,7,2.99,True,True,Post Matric Scholarship,Education,False,879
46,Female,Delhi,ST,0.0,Homemaker,Unemployed,Secondary,7,2.99,True,True,Ayushman Bharat,Healthcare,True,879
46,Female,Delhi,ST,0.0,Homemaker,Unemployed,Secondary,7,2.99,True,True,PM Awas Yojana,Housing,True,879
46,Female,Delhi,ST,0.0,Homemaker,Unemployed,Secondary,7,2.99,True,True,Skill India,Employment,False,879
32,Other,Karnataka,OBC,0.0,Homemaker,Unemployed,Primary,3,1.79,True,True,PM Kisan,Agriculture,False,880
32,Other,Karnataka,OBC,0.0,Homemaker,Unemployed,Primary,3,1.79,True,True,Post Matric Scholarship,Education,False,880
32,Other,Karnataka,OBC,0.0,Homemaker,Unemployed,Primary,3,1.79,True,True,Ayushman Bharat,Healthcare,True,880
32,Other,Karnataka,OBC,0.0,Homemaker,Unemployed,Primary,3,1.79,True,True,PM Awas Yojana,Housing,True,880
32,Other,Karnataka,OBC,0.0,Homemaker,Unemployed,Primary,3,1.79,True,True,Skill India,Employment,False,880
20,Other,Delhi,General,145755.41,Student,Unemployed,Graduate,6,0.0,False,True,PM Kisan,Agriculture,False,881
20,Other,Delhi,General,145755.41,Student,Unemployed,Graduate,6,0.0,False,True,Post Matric Scholarship,Education,False,881
20,Other,Delhi,General,145755.41,Student,Unemployed,Graduate,6,0.0,False,True,Ayushman Bharat,Healthcare,False,881
20,Other,Delhi,General,145755.41,Student,Unemployed,Graduate,6,0.0,False,True,PM Awas Yojana,Housing,False,881
20,Other,Delhi,General,145755.41,Student,Unemployed,Graduate,6,0.0,False,True,Skill India,Employment,True,881
32,Other,Kerala,OBC,593261.92,Private Employee,Employed,Graduate,5,0.0,False,True,PM Kisan,Agriculture,False,882
32,Other,Kerala,OBC,593261.92,Private Employee,Employed,Graduate,5,0.0,False,True,Post Matric Scholarship,Education,False,882
32,Other,Kerala,OBC,593261.92,Private Employee,Employed,Graduate,5,0.0,False,True,Ayushman Bharat,Healthcare,False,882
32,Other,Kerala,OBC,593261.92,Private Employee,Employed,Graduate,5,0.0,False,True,PM Awas Yojana,Housing,False,882
32,Other,Kerala,OBC,593261.92,Private Employee,Employed,Graduate,5,0.0,False,True,Skill India,Employment,False,882
46,Male,Kerala,ST,1403376.37,Private Employee,Employed,Diploma,2,0.0,False,False,PM Kisan,Agriculture,False,883
46,Male,Kerala,ST,1403376.37,Private Employee,Employed,Diploma,2,0.0,False,False,Post Matric Scholarship,Education,False,883
46,Male,Kerala,ST,1403376.37,Private Employee,Employed,Diploma,2,0.0,False,False,Ayushman Bharat,Healthcare,False,883
46,Male,Kerala,ST,1403376.37,Private Employee,Employed,Diploma,2,0.0,False,False,PM Awas Yojana,Housing,False,883
46,Male,Kerala,ST,1403376.37,Private Employee,Employed,Diploma,2,0.0,False,False,Skill India,Employment,False,883
43,Male,Delhi,ST,1100623.59,Business,Self-Employed,Higher Secondary,6,1.41,False,False,PM Kisan,Agriculture,False,884
43,Male,Delhi,ST,1100623.59,Business,Self-Employed,Higher Secondary,6,1.41,False,False,Post Matric Scholarship,Education,False,884
43,Male,Delhi,ST,1100623.59,Business,Self-Employed,Higher Secondary,6,1.41,False,False,Ayushman Bharat,Healthcare,False,884
43,Male,Delhi,ST,1100623.59,Business,Self-Employed,Higher Secondary,6,1.41,False,False,PM Awas Yojana,Housing,False,884
43,Male,Delhi,ST,1100623.59,Business,Self-Employed,Higher Secondary,6,1.41,False,False,Skill India,Employment,False,884
23,Female,Maharashtra,SC,50689.72,Unemployed,Unemployed,Secondary,2,0.0,False,True,PM Kisan,Agriculture,False,885
23,Female,Maharashtra,SC,50689.72,Unemployed,Unemployed,Secondary,2,0.0,False,True,Post Matric Scholarship,Education,False,885
23,Female,Maharashtra,SC,50689.72,Unemployed,Unemployed,Secondary,2,0.0,False,True,Ayushman Bharat,Healthcare,False,885
23,Female,Maharashtra,SC,50689.72,Unemployed,Unemployed,Secondary,2,0.0,False,True,PM Awas Yojana,Housing,False,885
23,Female,Maharashtra,SC,50689.72,Unemployed,Unemployed,Secondary,2,0.0,False,True,Skill India,Employment,True,885
20,Male,Karnataka,OBC,2215.59,Student,Unemployed,Graduate,6,0.0,True,True,PM Kisan,Agriculture,False,886
20,Male,Karnataka,OBC,2215.59,Student,Unemployed,Graduate,6,0.0,True,True,Post Matric Scholarship,Education,False,886
20,Male,Karnataka,OBC,2215.59,Student,Unemployed,Graduate,6,0.0,True,True,Ayushman Bharat,Healthcare,True,886
20,Male,Karnataka,OBC,2215.59,Student,Unemployed,Graduate,6,0.0,True,True,PM Awas Yojana,Housing,True,886
20,Male,Karnataka,OBC,2215.59,Student,Unemployed,Graduate,6,0.0,True,True,Skill India,Employment,True,886
55,Other,Kerala,ST,139306.54,Farmer,Self-Employed,Higher Secondary,7,6.22,False,True,PM Kisan,Agriculture,True,887
55,Other,Kerala,ST,139306.54,Farmer,Self-Employed,Higher Secondary,7,6.22,False,True,Post Matric Scholarship,Education,False,887
55,Other,Kerala,ST,139306.54,Farmer,Self-Employed,Higher Secondary,7,6.22,False,True,Ayushman Bharat,Healthcare,False,887
55,Other,Kerala,ST,139306.54,Farmer,Self-Employed,Higher Secondary,7,6.22,False,True,PM Awas Yojana,Housing,False,887
55,Other,Kerala,ST,139306.54,Farmer,Self-Employed,Higher Secondary,7,6.22,False,True,Skill India,Employment,False,887
28,Female,Kerala,OBC,0.0,Homemaker,Unemployed,Graduate,3,0.42,False,True,PM Kisan,Agriculture,False,888
28,Female,Kerala,OBC,0.0,Homemaker,Unemployed,Graduate,3,0.42,False,True,Post Matric Scholarship,Education,False,888
28,Female,Kerala,OBC,0.0,Homemaker,Unemployed,Graduate,3,0.42,False,True,Ayushman Bharat,Healthcare,False,888
28,Female,Kerala,OBC,0.0,Homemaker,Unemployed,Graduate,3,0.42,False,True,PM Awas Yojana,Housing,False,888
28,Female,Kerala,OBC,0.0,Homemaker,Unemployed,Graduate,3,0.42,False,True,Skill India,Employment,False,888
48,Other,Kerala,SC,1782023.16,Business,Self-Employed,Graduate,2,0.42,False,True,PM Kisan,Agriculture,False,889
48,Other,Kerala,SC,1782023.16,Business,Self-Employed,Graduate,2,0.42,False,True,Post Matric Scholarship,Education,False,889
48,Other,Kerala,SC,1782023.16,Business,Self-Employed,Graduate,2,0.42,False,True,Ayushman Bharat,Healthcare,False,889
48,Other,Kerala,SC,1782023.16,Business,Self-Employed,Graduate,2,0.42,False,True,PM Awas Yojana,Housing,False,889
48,Other,Kerala,SC,1782023.16,Business,Self-Employed,Graduate,2,0.42,False,True,Skill India,Employment,False,889
36,Other,Karnataka,ST,132258.33,Farmer,Self-Employed,Primary,5,1.69,False,True,PM Kisan,Agriculture,True,890
36,Other,Karnataka,ST,132258.33,Farmer,Self-Employed,Primary,5,1.69,False,True,Post Matric Scholarship,Education,False,890
36,Other,Karnataka,ST,132258.33,Farmer,Self-Employed,Primary,5,1.69,False,True,Ayushman Bharat,Healthcare,False,890
36,Other,Karnataka,ST,132258.33,Farmer,Self-Employed,Primary,5,1.69,False,True,PM Awas Yojana,Housing,False,890
36,Other,Karnataka,ST,132258.33,Farmer,Self-Employed,Primary,5,1.69,False,True,Skill India,Employment,False,890
30,Other,Maharashtra,ST,668052.22,Business,Self-Employed,Higher Secondary,7,4.63,False,True,PM Kisan,Agriculture,False,891
30,Other,Maharashtra,ST,668052.22,Business,Self-Employed,Higher Secondary,7,4.63,False,True,Post Matric Scholarship,Education,False,891
30,Other,Maharashtra,ST,668052.22,Business,Self-Employed,Higher Secondary,7,4.63,False,True,Ayushman Bharat,Healthcare,False,891
30,Other,Maharashtra,ST,668052.22,Business,Self-Employed,Higher Secondary,7,4.63,False,True,PM Awas Yojana,Housing,False,891
30,Other,Maharashtra,ST,668052.22,Business,Self-Employed,Higher Secondary,7,4.63,False,True,Skill India,Employment,False,891
24,Female,Kerala,SC,490308.83,Private Employee,Employed,Graduate,6,0.0,False,True,PM Kisan,Agriculture,False,892
24,Female,Kerala,SC,490308.83,Private Employee,Employed,Graduate,6,0.0,False,True,Post Matric Scholarship,Education,False,892
24,Female,Kerala,SC,490308.83,Private Employee,Employed,Graduate,6,0.0,False,True,Ayushman Bharat,Healthcare,False,892
24,Female,Kerala,SC,490308.83,Private Employee,Employed,Graduate,6,0.0,False,True,PM Awas Yojana,Housing,False,892
24,Female,Kerala,SC,490308.83,Private Employee,Employed,Graduate,6,0.0,False,True,Skill India,Employment,False,892
53,Male,Delhi,ST,2165450.32,Business,Self-Employed,Post Graduate,4,3.17,False,False,PM Kisan,Agriculture,False,893
53,Male,Delhi,ST,2165450.32,Business,Self-Employed,Post Graduate,4,3.17,False,False,Post Matric Scholarship,Education,False,893
53,Male,Delhi,ST,2165450.32,Business,Self-Employed,Post Graduate,4,3.17,False,False,Ayushman Bharat,Healthcare,False,893
53,Male,Delhi,ST,2165450.32,Business,Self-Employed,Post Graduate,4,3.17,False,False,PM Awas Yojana,Housing,False,893
53,Male,Delhi,ST,2165450.32,Business,Self-Employed,Post Graduate,4,3.17,False,False,Skill India,Employment,False,893
35,Other,Karnataka,SC,111666.96,Farmer,Self-Employed,Higher Secondary,7,1.35,False,True,PM Kisan,Agriculture,True,894
35,Other,Karnataka,SC,111666.96,Farmer,Self-Employed,Higher Secondary,7,1.35,False,True,Post Matric Scholarship,Education,False,894
35,Other,Karnataka,SC,111666.96,Farmer,Self-Employed,Higher Secondary,7,1.35,False,True,Ayushman Bharat,Healthcare,False,894
35,Other,Karnataka,SC,111666.96,Farmer,Self-Employed,Higher Secondary,7,1.35,False,True,PM Awas Yojana,Housing,False,894
35,Other,Karnataka,SC,111666.96,Farmer,Self-Employed,Higher Secondary,7,1.35,False,True,Skill India,Employment,False,894
27,Male,Delhi,ST,149163.21,Farmer,Self-Employed,Primary,4,6.54,False,True,PM Kisan,Agriculture,True,895
27,Male,Delhi,ST,149163.21,Farmer,Self-Employed,Primary,4,6.54,False,True,Post Matric Scholarship,Education,False,895
27,Male,Delhi,ST,149163.21,Farmer,Self-Employed,Primary,4,6.54,False,True,Ayushman Bharat,Healthcare,False,895
27,Male,Delhi,ST,149163.21,Farmer,Self-Employed,Primary,4,6.54,False,True,PM Awas Yojana,Housing,False,895
27,Male,Delhi,ST,149163.21,Farmer,Self-Employed,Primary,4,6.54,False,True,Skill India,Employment,False,895
21,Other,Maharashtra,SC,94615.66,Student,Student,Higher Secondary,6,0.0,True,False,PM Kisan,Agriculture,False,896
21,Other,Maharashtra,SC,94615.66,Student,Student,Higher Secondary,6,0.0,True,False,Post Matric Scholarship,Education,True,896
21,Other,Maharashtra,SC,94615.66,Student,Student,Higher Secondary,6,0.0,True,False,Ayushman Bharat,Healthcare,True,896
21,Other,Maharashtra,SC,94615.66,Student,Student,Higher Secondary,6,0.0,True,False,PM Awas Yojana,Housing,True,896
21,Other,Maharashtra,SC,94615.66,Student,Student,Higher Secondary,6,0.0,True,False,Skill India,Employment,True,896
53,Other,Maharashtra,General,654519.07,Private Employee,Employed,Diploma,5,0.0,False,False,PM Kisan,Agriculture,False,897
53,Other,Maharashtra,General,654519.07,Private Employee,Employed,Diploma,5,0.0,False,False,Post Matric Scholarship,Education,False,897
53,Other,Maharashtra,General,654519.07,Private Employee,Employed,Diploma,5,0.0,False,False,Ayushman Bharat,Healthcare,False,897
53,Other,Maharashtra,General,654519.07,Private Employee,Employed,Diploma,5,0.0,False,False,PM Awas Yojana,Housing,False,897
53,Other,Maharashtra,General,654519.07,Private Employee,Employed,Diploma,5,0.0,False,False,Skill India,Employment,False,897
36,Male,Delhi,ST,0.0,Homemaker,Unemployed,Graduate,5,2.78,True,False,PM Kisan,Agriculture,False,898
36,Male,Delhi,ST,0.0,Homemaker,Unemployed,Graduate,5,2.78,True,False,Post Matric Scholarship,Education,False,898
36,Male,Delhi,ST,0.0,Homemaker,Unemployed,Graduate,5,2.78,True,False,Ayushman Bharat,Healthcare,True,898
36,Male,Delhi,ST,0.0,Homemaker,Unemployed,Graduate,5,2.78,True,False,PM Awas Yojana,Housing,True,898
36,Male,Delhi,ST,0.0,Homemaker,Unemployed,Graduate,5,2.78,True,False,Skill India,Employment,False,898
31,Female,Maharashtra,OBC,265748.15,Private Employee,Employed,Post Graduate,5,0.0,False,True,PM Kisan,Agriculture,False,899
31,Female,Maharashtra,OBC,265748.15,Private Employee,Employed,Post Graduate,5,0.0,False,True,Post Matric Scholarship,Education,False,899
31,Female,Maharashtra,OBC,265748.15,Private Employee,Employed,Post Graduate,5,0.0,False,True,Ayushman Bharat,Healthcare,False,899
31,Female,Maharashtra,OBC,265748.15,Private Employee,Employed,Post Graduate,5,0.0,False,True,PM Awas Yojana,Housing,False,899
31,Female,Maharashtra,OBC,265748.15,Private Employee,Employed,Post Graduate,5,0.0,False,True,Skill India,Employment,False,899
35,Other,Delhi,SC,664055.19,Private Employee,Employed,Diploma,2,0.0,False,True,PM Kisan,Agriculture,False,900
35,Other,Delhi,SC,664055.19,Private Employee,Employed,Diploma,2,0.0,False,True,Post Matric Scholarship,Education,False,900
35,Other,Delhi,SC,664055.19,Private Employee,Employed,Diploma,2,0.0,False,True,Ayushman Bharat,Healthcare,False,900
35,Other,Delhi,SC,664055.19,Private Employee,Employed,Diploma,2,0.0,False,True,PM Awas Yojana,Housing,False,900
35,Other,Delhi,SC,664055.19,Private Employee,Employed,Diploma,2,0.0,False,True,Skill India,Employment,False,900
57,Female,Karnataka,OBC,872990.26,Private Employee,Employed,Post Graduate,6,0.0,False,False,PM Kisan,Agriculture,False,901
57,Female,Karnataka,OBC,872990.26,Private Employee,Employed,Post Graduate,6,0.0,False,False,Post Matric Scholarship,Education,False,901
57,Female,Karnataka,OBC,872990.26,Private Employee,Employed,Post Graduate,6,0.0,False,False,Ayushman Bharat,Healthcare,False,901
57,Female,Karnataka,OBC,872990.26,Private Employee,Employed,Post Graduate,6,0.0,False,False,PM Awas Yojana,Housing,False,901
57,Female,Karnataka,OBC,872990.26,Private Employee,Employed,Post Graduate,6,0.0,False,False,Skill India,Employment,False,901
59,Female,Delhi,General,2022407.46,Business,Self-Employed,Graduate,3,3.32,False,True,PM Kisan,Agriculture,False,902
59,Female,Delhi,General,2022407.46,Business,Self-Employed,Graduate,3,3.32,False,True,Post Matric Scholarship,Education,False,902
59,Female,Delhi,General,2022407.46,Business,Self-Employed,Graduate,3,3.32,False,True,Ayushman Bharat,Healthcare,False,902
59,Female,Delhi,General,2022407.46,Business,Self-Employed,Graduate,3,3.32,False,True,PM Awas Yojana,Housing,False,902
59,Female,Delhi,General,2022407.46,Business,Self-Employed,Graduate,3,3.32,False,True,Skill India,Employment,False,902
29,Other,Delhi,ST,94319.14,Unemployed,Unemployed,Higher Secondary,6,0.0,False,True,PM Kisan,Agriculture,False,903
29,Other,Delhi,ST,94319.14,Unemployed,Unemployed,Higher Secondary,6,0.0,False,True,Post Matric Scholarship,Education,False,903
29,Other,Delhi,ST,94319.14,Unemployed,Unemployed,Higher Secondary,6,0.0,False,True,Ayushman Bharat,Healthcare,False,903
29,Other,Delhi,ST,94319.14,Unemployed,Unemployed,Higher Secondary,6,0.0,False,True,PM Awas Yojana,Housing,False,903
29,Other,Delhi,ST,94319.14,Unemployed,Unemployed,Higher Secondary,6,0.0,False,True,Skill India,Employment,True,903
44,Other,Karnataka,ST,1211532.85,Business,Self-Employed,Post Graduate,4,4.97,False,False,PM Kisan,Agriculture,False,904
44,Other,Karnataka,ST,1211532.85,Business,Self-Employed,Post Graduate,4,4.97,False,False,Post Matric Scholarship,Education,False,904
44,Other,Karnataka,ST,1211532.85,Business,Self-Employed,Post Graduate,4,4.97,False,False,Ayushman Bharat,Healthcare,False,904
44,Other,Karnataka,ST,1211532.85,Business,Self-Employed,Post Graduate,4,4.97,False,False,PM Awas Yojana,Housing,False,904
44,Other,Karnataka,ST,1211532.85,Business,Self-Employed,Post Graduate,4,4.97,False,False,Skill India,Employment,False,904
74,Male,Tamil Nadu,General,487381.39,Retired,Retired,Secondary,3,0.21,False,False,PM Kisan,Agriculture,False,905
74,Male,Tamil Nadu,General,487381.39,Retired,Retired,Secondary,3,0.21,False,False,Post Matric Scholarship,Education,False,905
74,Male,Tamil Nadu,General,487381.39,Retired,Retired,Secondary,3,0.21,False,False,Ayushman Bharat,Healthcare,False,905
74,Male,Tamil Nadu,General,487381.39,Retired,Retired,Secondary,3,0.21,False,False,PM Awas Yojana,Housing,False,905
74,Male,Tamil Nadu,General,487381.39,Retired,Retired,Secondary,3,0.21,False,False,Skill India,Employment,False,905
24,Male,Tamil Nadu,ST,16742.48,Student,Student,Diploma,5,0.0,False,False,PM Kisan,Agriculture,False,906
24,Male,Tamil Nadu,ST,16742.48,Student,Student,Diploma,5,0.0,False,False,Post Matric Scholarship,Education,False,906
24,Male,Tamil Nadu,ST,16742.48,Student,Student,Diploma,5,0.0,False,False,Ayushman Bharat,Healthcare,False,906
24,Male,Tamil Nadu,ST,16742.48,Student,Student,Diploma,5,0.0,False,False,PM Awas Yojana,Housing,False,906
24,Male,Tamil Nadu,ST,16742.48,Student,Student,Diploma,5,0.0,False,False,Skill India,Employment,False,906
50,Other,Karnataka,OBC,1292597.12,Private Employee,Employed,Post Graduate,3,0.0,False,True,PM Kisan,Agriculture,False,907
50,Other,Karnataka,OBC,1292597.12,Private Employee,Employed,Post Graduate,3,0.0,False,True,Post Matric Scholarship,Education,False,907
50,Other,Karnataka,OBC,1292597.12,Private Employee,Employed,Post Graduate,3,0.0,False,True,Ayushman Bharat,Healthcare,False,907
50,Other,Karnataka,OBC,1292597.12,Private Employee,Employed,Post Graduate,3,0.0,False,True,PM Awas Yojana,Housing,False,907
50,Other,Karnataka,OBC,1292597.12,Private Employee,Employed,Post Graduate,3,0.0,False,True,Skill India,Employment,False,907
24,Female,Delhi,General,0.0,Homemaker,Unemployed,Graduate,8,1.93,True,True,PM Kisan,Agriculture,False,908
24,Female,Delhi,General,0.0,Homemaker,Unemployed,Graduate,8,1.93,True,True,Post Matric Scholarship,Education,False,908
24,Female,Delhi,General,0.0,Homemaker,Unemployed,Graduate,8,1.93,True,True,Ayushman Bharat,Healthcare,True,908
24,Female,Delhi,General,0.0,Homemaker,Unemployed,Graduate,8,1.93,True,True,PM Awas Yojana,Housing,True,908
24,Female,Delhi,General,0.0,Homemaker,Unemployed,Graduate,8,1.93,True,True,Skill India,Employment,False,908
42,Female,Maharashtra,SC,420962.72,Farmer,Self-Employed,Secondary,4,1.79,True,True,PM Kisan,Agriculture,False,909
42,Female,Maharashtra,SC,420962.72,Farmer,Self-Employed,Secondary,4,1.79,True,True,Post Matric Scholarship,Education,False,909
42,Female,Maharashtra,SC,420962.72,Farmer,Self-Employed,Secondary,4,1.79,True,True,Ayushman Bharat,Healthcare,False,909
42,Female,Maharashtra,SC,420962.72,Farmer,Self-Employed,Secondary,4,1.79,True,True,PM Awas Yojana,Housing,False,909
42,Female,Maharashtra,SC,420962.72,Farmer,Self-Employed,Secondary,4,1.79,True,True,Skill India,Employment,False,909
28,Male,Kerala,OBC,77990.79,Farmer,Self-Employed,Secondary,6,6.39,False,False,PM Kisan,Agriculture,True,910
28,Male,Kerala,OBC,77990.79,Farmer,Self-Employed,Secondary,6,6.39,False,False,Post Matric Scholarship,Education,False,910
28,Male,Kerala,OBC,77990.79,Farmer,Self-Employed,Secondary,6,6.39,False,False,Ayushman Bharat,Healthcare,False,910
28,Male,Kerala,OBC,77990.79,Farmer,Self-Employed,Secondary,6,6.39,False,False,PM Awas Yojana,Housing,False,910
28,Male,Kerala,OBC,77990.79,Farmer,Self-Employed,Secondary,6,6.39,False,False,Skill India,Employment,False,910
48,Female,Tamil Nadu,General,151462.73,Farmer,Self-Employed,Secondary,6,6.98,False,False,PM Kisan,Agriculture,True,911
48,Female,Tamil Nadu,General,151462.73,Farmer,Self-Employed,Secondary,6,6.98,False,False,Post Matric Scholarship,Education,False,911
48,Female,Tamil Nadu,General,151462.73,Farmer,Self-Employed,Secondary,6,6.98,False,False,Ayushman Bharat,Healthcare,False,911
48,Female,Tamil Nadu,General,151462.73,Farmer,Self-Employed,Secondary,6,6.98,False,False,PM Awas Yojana,Housing,False,911
48,Female,Tamil Nadu,General,151462.73,Farmer,Self-Employed,Secondary,6,6.98,False,False,Skill India,Employment,False,911
55,Male,Karnataka,General,0.0,Homemaker,Unemployed,Primary,4,1.72,False,True,PM Kisan,Agriculture,False,912
55,Male,Karnataka,General,0.0,Homemaker,Unemployed,Primary,4,1.72,False,True,Post Matric Scholarship,Education,False,912
55,Male,Karnataka,General,0.0,Homemaker,Unemployed,Primary,4,1.72,False,True,Ayushman Bharat,Healthcare,False,912
55,Male,Karnataka,General,0.0,Homemaker,Unemployed,Primary,4,1.72,False,True,PM Awas Yojana,Housing,False,912
55,Male,Karnataka,General,0.0,Homemaker,Unemployed,Primary,4,1.72,False,True,Skill India,Employment,False,912
35,Male,Kerala,SC,1038586.4,Private Employee,Employed,Post Graduate,5,0.0,False,False,PM Kisan,Agriculture,False,913
35,Male,Kerala,SC,1038586.4,Private Employee,Employed,Post Graduate,5,0.0,False,False,Post Matric Scholarship,Education,False,913
35,Male,Kerala,SC,1038586.4,Private Employee,Employed,Post Graduate,5,0.0,False,False,Ayushman Bharat,Healthcare,False,913
35,Male,Kerala,SC,1038586.4,Private Employee,Employed,Post Graduate,5,0.0,False,False,PM Awas Yojana,Housing,False,913
35,Male,Kerala,SC,1038586.4,Private Employee,Employed,Post Graduate,5,0.0,False,False,Skill India,Employment,False,913
28,Female,Tamil Nadu,OBC,954153.39,Private Employee,Employed,Graduate,2,0.0,False,False,PM Kisan,Agriculture,False,914
28,Female,Tamil Nadu,OBC,954153.39,Private Employee,Employed,Graduate,2,0.0,False,False,Post Matric Scholarship,Education,False,914
28,Female,Tamil Nadu,OBC,954153.39,Private Employee,Employed,Graduate,2,0.0,False,False,Ayushman Bharat,Healthcare,False,914
28,Female,Tamil Nadu,OBC,954153.39,Private Employee,Employed,Graduate,2,0.0,False,False,PM Awas Yojana,Housing,False,914
28,Female,Tamil Nadu,OBC,954153.39,Private Employee,Employed,Graduate,2,0.0,False,False,Skill India,Employment,False,914
34,Female,Delhi,General,106624.29,Farmer,Self-Employed,Secondary,4,2.43,True,True,PM Kisan,Agriculture,True,915
34,Female,Delhi,General,106624.29,Farmer,Self-Employed,Secondary,4,2.43,True,True,Post Matric Scholarship,Education,False,915
34,Female,Delhi,General,106624.29,Farmer,Self-Employed,Secondary,4,2.43,True,True,Ayushman Bharat,Healthcare,True,915
34,Female,Delhi,General,106624.29,Farmer,Self-Employed,Secondary,4,2.43,True,True,PM Awas Yojana,Housing,True,915
34,Female,Delhi,General,106624.29,Farmer,Self-Employed,Secondary,4,2.43,True,True,Skill India,Employment,False,915
19,Other,Kerala,SC,74896.23,Unemployed,Unemployed,Primary,6,0.0,True,False,PM Kisan,Agriculture,False,916
19,Other,Kerala,SC,74896.23,Unemployed,Unemployed,Primary,6,0.0,True,False,Post Matric Scholarship,Education,False,916
19,Other,Kerala,SC,74896.23,Unemployed,Unemployed,Primary,6,0.0,True,False,Ayushman Bharat,Healthcare,True,916
19,Other,Kerala,SC,74896.23,Unemployed,Unemployed,Primary,6,0.0,True,False,PM Awas Yojana,Housing,True,916
19,Other,Kerala,SC,74896.23,Unemployed,Unemployed,Primary,6,0.0,True,False,Skill India,Employment,False,916
40,Other,Kerala,SC,41771.15,Unemployed,Unemployed,Graduate,3,0.0,True,True,PM Kisan,Agriculture,False,917
40,Other,Kerala,SC,41771.15,Unemployed,Unemployed,Graduate,3,0.0,True,True,Post Matric Scholarship,Education,False,917
40,Other,Kerala,SC,41771.15,Unemployed,Unemployed,Graduate,3,0.0,True,True,Ayushman Bharat,Healthcare,True,917
40,Other,Kerala,SC,41771.15,Unemployed,Unemployed,Graduate,3,0.0,True,True,PM Awas Yojana,Housing,True,917
40,Other,Kerala,SC,41771.15,Unemployed,Unemployed,Graduate,3,0.0,True,True,Skill India,Employment,True,917
20,Female,Kerala,ST,47145.42,Student,Student,Diploma,6,0.0,True,True,PM Kisan,Agriculture,False,918
20,Female,Kerala,ST,47145.42,Student,Student,Diploma,6,0.0,True,True,Post Matric Scholarship,Education,False,918
20,Female,Kerala,ST,47145.42,Student,Student,Diploma,6,0.0,True,True,Ayushman Bharat,Healthcare,True,918
20,Female,Kerala,ST,47145.42,Student,Student,Diploma,6,0.0,True,True,PM Awas Yojana,Housing,True,918
20,Female,Kerala,ST,47145.42,Student,Student,Diploma,6,0.0,True,True,Skill India,Employment,False,918
45,Female,Maharashtra,ST,864326.91,Government Employee,Employed,Post Graduate,5,0.0,False,True,PM Kisan,Agriculture,False,919
45,Female,Maharashtra,ST,864326.91,Government Employee,Employed,Post Graduate,5,0.0,False,True,Post Matric Scholarship,Education,False,919
45,Female,Maharashtra,ST,864326.91,Government Employee,Employed,Post Graduate,5,0.0,False,True,Ayushman Bharat,Healthcare,False,919
45,Female,Maharashtra,ST,864326.91,Government Employee,Employed,Post Graduate,5,0.0,False,True,PM Awas Yojana,Housing,False,919
45,Female,Maharashtra,ST,864326.91,Government Employee,Employed,Post Graduate,5,0.0,False,True,Skill India,Employment,False,919
70,Male,Karnataka,General,171386.4,Retired,Retired,Graduate,4,2.63,False,True,PM Kisan,Agriculture,False,920
70,Male,Karnataka,General,171386.4,Retired,Retired,Graduate,4,2.63,False,True,Post Matric Scholarship,Education,False,920
70,Male,Karnataka,General,171386.4,Retired,Retired,Graduate,4,2.63,False,True,Ayushman Bharat,Healthcare,False,920
70,Male,Karnataka,General,171386.4,Retired,Retired,Graduate,4,2.63,False,True,PM Awas Yojana,Housing,False,920
70,Male,Karnataka,General,171386.4,Retired,Retired,Graduate,4,2.63,False,True,Skill India,Employment,False,920
26,Female,Delhi,OBC,1107840.14,Business,Self-Employed,Post Graduate,7,3.11,False,False,PM Kisan,Agriculture,False,921
26,Female,Delhi,OBC,1107840.14,Business,Self-Employed,Post Graduate,7,3.11,False,False,Post Matric Scholarship,Education,False,921
26,Female,Delhi,OBC,1107840.14,Business,Self-Employed,Post Graduate,7,3.11,False,False,Ayushman Bharat,Healthcare,False,921
26,Female,Delhi,OBC,1107840.14,Business,Self-Employed,Post Graduate,7,3.11,False,False,PM Awas Yojana,Housing,False,921
26,Female,Delhi,OBC,1107840.14,Business,Self-Employed,Post Graduate,7,3.11,False,False,Skill India,Employment,False,921
20,Female,Maharashtra,SC,41622.23,Unemployed,Unemployed,Primary,4,0.0,True,False,PM Kisan,Agriculture,False,922
20,Female,Maharashtra,SC,41622.23,Unemployed,Unemployed,Primary,4,0.0,True,False,Post Matric Scholarship,Education,False,922
20,Female,Maharashtra,SC,41622.23,Unemployed,Unemployed,Primary,4,0.0,True,False,Ayushman Bharat,Healthcare,True,922
20,Female,Maharashtra,SC,41622.23,Unemployed,Unemployed,Primary,4,0.0,True,False,PM Awas Yojana,Housing,True,922
20,Female,Maharashtra,SC,41622.23,Unemployed,Unemployed,Primary,4,0.0,True,False,Skill India,Employment,False,922
24,Male,Delhi,SC,1408839.54,Private Employee,Employed,Diploma,5,0.0,False,True,PM Kisan,Agriculture,False,923
24,Male,Delhi,SC,1408839.54,Private Employee,Employed,Diploma,5,0.0,False,True,Post Matric Scholarship,Education,False,923
24,Male,Delhi,SC,1408839.54,Private Employee,Employed,Diploma,5,0.0,False,True,Ayushman Bharat,Healthcare,False,923
24,Male,Delhi,SC,1408839.54,Private Employee,Employed,Diploma,5,0.0,False,True,PM Awas Yojana,Housing,False,923
24,Male,Delhi,SC,1408839.54,Private Employee,Employed,Diploma,5,0.0,False,True,Skill India,Employment,False,923
18,Other,Karnataka,SC,44520.5,Student,Student,Higher Secondary,4,0.0,False,True,PM Kisan,Agriculture,False,924
18,Other,Karnataka,SC,44520.5,Student,Student,Higher Secondary,4,0.0,False,True,Post Matric Scholarship,Education,True,924
18,Other,Karnataka,SC,44520.5,Student,Student,Higher Secondary,4,0.0,False,True,Ayushman Bharat,Healthcare,False,924
18,Other,Karnataka,SC,44520.5,Student,Student,Higher Secondary,4,0.0,False,True,PM Awas Yojana,Housing,False,924
18,Other,Karnataka,SC,44520.5,Student,Student,Higher Secondary,4,0.0,False,True,Skill India,Employment,True,924
32,Female,Kerala,SC,1233930.45,Private Employee,Employed,Diploma,2,0.0,False,True,PM Kisan,Agriculture,False,925
32,Female,Kerala,SC,1233930.45,Private Employee,Employed,Diploma,2,0.0,False,True,Post Matric Scholarship,Education,False,925
32,Female,Kerala,SC,1233930.45,Private Employee,Employed,Diploma,2,0.0,False,True,Ayushman Bharat,Healthcare,False,925
32,Female,Kerala,SC,1233930.45,Private Employee,Employed,Diploma,2,0.0,False,True,PM Awas Yojana,Housing,False,925
32,Female,Kerala,SC,1233930.45,Private Employee,Employed,Diploma,2,0.0,False,True,Skill India,Employment,False,925
31,Female,Maharashtra,General,1076142.44,Business,Self-Employed,Higher Secondary,6,2.19,False,True,PM Kisan,Agriculture,False,926
31,Female,Maharashtra,General,1076142.44,Business,Self-Employed,Higher Secondary,6,2.19,False,True,Post Matric Scholarship,Education,False,926
31,Female,Maharashtra,General,1076142.44,Business,Self-Employed,Higher Secondary,6,2.19,False,True,Ayushman Bharat,Healthcare,False,926
31,Female,Maharashtra,General,1076142.44,Business,Self-Employed,Higher Secondary,6,2.19,False,True,PM Awas Yojana,Housing,False,926
31,Female,Maharashtra,General,1076142.44,Business,Self-Employed,Higher Secondary,6,2.19,False,True,Skill India,Employment,False,926
22,Male,Kerala,ST,17786.55,Student,Student,Higher Secondary,5,0.0,False,True,PM Kisan,Agriculture,False,927
22,Male,Kerala,ST,17786.55,Student,Student,Higher Secondary,5,0.0,False,True,Post Matric Scholarship,Education,True,927
22,Male,Kerala,ST,17786.55,Student,Student,Higher Secondary,5,0.0,False,True,Ayushman Bharat,Healthcare,False,927
22,Male,Kerala,ST,17786.55,Student,Student,Higher Secondary,5,0.0,False,True,PM Awas Yojana,Housing,False,927
22,Male,Kerala,ST,17786.55,Student,Student,Higher Secondary,5,0.0,False,True,Skill India,Employment,True,927
22,Female,Tamil Nadu,General,0.0,Homemaker,Unemployed,Graduate,3,1.07,False,True,PM Kisan,Agriculture,False,928
22,Female,Tamil Nadu,General,0.0,Homemaker,Unemployed,Graduate,3,1.07,False,True,Post Matric Scholarship,Education,False,928
22,Female,Tamil Nadu,General,0.0,Homemaker,Unemployed,Graduate,3,1.07,False,True,Ayushman Bharat,Healthcare,False,928
22,Female,Tamil Nadu,General,0.0,Homemaker,Unemployed,Graduate,3,1.07,False,True,PM Awas Yojana,Housing,False,928
22,Female,Tamil Nadu,General,0.0,Homemaker,Unemployed,Graduate,3,1.07,False,True,Skill India,Employment,False,928
38,Female,Maharashtra,OBC,194282.09,Farmer,Self-Employed,Primary,7,4.18,False,False,PM Kisan,Agriculture,True,929
38,Female,Maharashtra,OBC,194282.09,Farmer,Self-Employed,Primary,7,4.18,False,False,Post Matric Scholarship,Education,False,929
38,Female,Maharashtra,OBC,194282.09,Farmer,Self-Employed,Primary,7,4.18,False,False,Ayushman Bharat,Healthcare,False,929
38,Female,Maharashtra,OBC,194282.09,Farmer,Self-Employed,Primary,7,4.18,False,False,PM Awas Yojana,Housing,False,929
38,Female,Maharashtra,OBC,194282.09,Farmer,Self-Employed,Primary,7,4.18,False,False,Skill India,Employment,False,929
41,Male,Kerala,SC,762284.73,Government Employee,Employed,Graduate,4,0.0,False,False,PM Kisan,Agriculture,False,930
41,Male,Kerala,SC,762284.73,Government Employee,Employed,Graduate,4,0.0,False,False,Post Matric Scholarship,Education,False,930
41,Male,Kerala,SC,762284.73,Government Employee,Employed,Graduate,4,0.0,False,False,Ayushman Bharat,Healthcare,False,930
41,Male,Kerala,SC,762284.73,Government Employee,Employed,Graduate,4,0.0,False,False,PM Awas Yojana,Housing,False,930
41,Male,Kerala,SC,762284.73,Government Employee,Employed,Graduate,4,0.0,False,False,Skill India,Employment,False,930
32,Female,Maharashtra,SC,145526.25,Farmer,Self-Employed,Secondary,7,5.11,True,False,PM Kisan,Agriculture,True,931
32,Female,Maharashtra,SC,145526.25,Farmer,Self-Employed,Secondary,7,5.11,True,False,Post Matric Scholarship,Education,False,931
32,Female,Maharashtra,SC,145526.25,Farmer,Self-Employed,Secondary,7,5.11,True,False,Ayushman Bharat,Healthcare,True,931
32,Female,Maharashtra,SC,145526.25,Farmer,Self-Employed,Secondary,7,5.11,True,False,PM Awas Yojana,Housing,True,931
32,Female,Maharashtra,SC,145526.25,Farmer,Self-Employed,Secondary,7,5.11,True,False,Skill India,Employment,False,931
56,Female,Karnataka,OBC,1455974.76,Private Employee,Employed,Post Graduate,6,0.0,False,False,PM Kisan,Agriculture,False,932
56,Female,Karnataka,OBC,1455974.76,Private Employee,Employed,Post Graduate,6,0.0,False,False,Post Matric Scholarship,Education,False,932
56,Female,Karnataka,OBC,1455974.76,Private Employee,Employed,Post Graduate,6,0.0,False,False,Ayushman Bharat,Healthcare,False,932
56,Female,Karnataka,OBC,1455974.76,Private Employee,Employed,Post Graduate,6,0.0,False,False,PM Awas Yojana,Housing,False,932
56,Female,Karnataka,OBC,1455974.76,Private Employee,Employed,Post Graduate,6,0.0,False,False,Skill India,Employment,False,932
18,Other,Tamil Nadu,ST,56195.49,Student,Student,Graduate,4,0.0,False,True,PM Kisan,Agriculture,False,933
18,Other,Tamil Nadu,ST,56195.49,Student,Student,Graduate,4,0.0,False,True,Post Matric Scholarship,Education,True,933
18,Other,Tamil Nadu,ST,56195.49,Student,Student,Graduate,4,0.0,False,True,Ayushman Bharat,Healthcare,False,933
18,Other,Tamil Nadu,ST,56195.49,Student,Student,Graduate,4,0.0,False,True,PM Awas Yojana,Housing,False,933
18,Other,Tamil Nadu,ST,56195.49,Student,Student,Graduate,4,0.0,False,True,Skill India,Employment,True,933
25,Other,Maharashtra,OBC,435807.33,Private Employee,Employed,Diploma,2,0.0,False,False,PM Kisan,Agriculture,False,934
25,Other,Maharashtra,OBC,435807.33,Private Employee,Employed,Diploma,2,0.0,False,False,Post Matric Scholarship,Education,False,934
25,Other,Maharashtra,OBC,435807.33,Private Employee,Employed,Diploma,2,0.0,False,False,Ayushman Bharat,Healthcare,False,934
25,Other,Maharashtra,OBC,435807.33,Private Employee,Employed,Diploma,2,0.0,False,False,PM Awas Yojana,Housing,False,934
25,Other,Maharashtra,OBC,435807.33,Private Employee,Employed,Diploma,2,0.0,False,False,Skill India,Employment,False,934
25,Female,Tamil Nadu,ST,791296.34,Private Employee,Employed,Graduate,6,0.0,False,False,PM Kisan,Agriculture,False,935
25,Female,Tamil Nadu,ST,791296.34,Private Employee,Employed,Graduate,6,0.0,False,False,Post Matric Scholarship,Education,False,935
25,Female,Tamil Nadu,ST,791296.34,Private Employee,Employed,Graduate,6,0.0,False,False,Ayushman Bharat,Healthcare,False,935
25,Female,Tamil Nadu,ST,791296.34,Private Employee,Employed,Graduate,6,0.0,False,False,PM Awas Yojana,Housing,False,935
25,Female,Tamil Nadu,ST,791296.34,Private Employee,Employed,Graduate,6,0.0,False,False,Skill India,Employment,False,935
37,Female,Kerala,General,334056.24,Private Employee,Employed,Diploma,6,0.0,False,True,PM Kisan,Agriculture,False,936
37,Female,Kerala,General,334056.24,Private Employee,Employed,Diploma,6,0.0,False,True,Post Matric Scholarship,Education,False,936
37,Female,Kerala,General,334056.24,Private Employee,Employed,Diploma,6,0.0,False,True,Ayushman Bharat,Healthcare,False,936
37,Female,Kerala,General,334056.24,Private Employee,Employed,Diploma,6,0.0,False,True,PM Awas Yojana,Housing,False,936
37,Female,Kerala,General,334056.24,Private Employee,Employed,Diploma,6,0.0,False,True,Skill India,Employment,False,936
59,Female,Tamil Nadu,OBC,798143.99,Private Employee,Employed,Diploma,4,0.0,False,False,PM Kisan,Agriculture,False,937
59,Female,Tamil Nadu,OBC,798143.99,Private Employee,Employed,Diploma,4,0.0,False,False,Post Matric Scholarship,Education,False,937
59,Female,Tamil Nadu,OBC,798143.99,Private Employee,Employed,Diploma,4,0.0,False,False,Ayushman Bharat,Healthcare,False,937
59,Female,Tamil Nadu,OBC,798143.99,Private Employee,Employed,Diploma,4,0.0,False,False,PM Awas Yojana,Housing,False,937
59,Female,Tamil Nadu,OBC,798143.99,Private Employee,Employed,Diploma,4,0.0,False,False,Skill India,Employment,False,937
49,Other,Kerala,OBC,934819.55,Government Employee,Employed,Graduate,3,0.0,False,False,PM Kisan,Agriculture,False,938
49,Other,Kerala,OBC,934819.55,Government Employee,Employed,Graduate,3,0.0,False,False,Post Matric Scholarship,Education,False,938
49,Other,Kerala,OBC,934819.55,Government Employee,Employed,Graduate,3,0.0,False,False,Ayushman Bharat,Healthcare,False,938
49,Other,Kerala,OBC,934819.55,Government Employee,Employed,Graduate,3,0.0,False,False,PM Awas Yojana,Housing,False,938
49,Other,Kerala,OBC,934819.55,Government Employee,Employed,Graduate,3,0.0,False,False,Skill India,Employment,False,938
62,Other,Kerala,General,2241581.6,Business,Self-Employed,Graduate,5,2.9,False,False,PM Kisan,Agriculture,False,939
62,Other,Kerala,General,2241581.6,Business,Self-Employed,Graduate,5,2.9,False,False,Post Matric Scholarship,Education,False,939
62,Other,Kerala,General,2241581.6,Business,Self-Employed,Graduate,5,2.9,False,False,Ayushman Bharat,Healthcare,False,939
62,Other,Kerala,General,2241581.6,Business,Self-Employed,Graduate,5,2.9,False,False,PM Awas Yojana,Housing,False,939
62,Other,Kerala,General,2241581.6,Business,Self-Employed,Graduate,5,2.9,False,False,Skill India,Employment,False,939
26,Female,Tamil Nadu,General,653654.95,Government Employee,Employed,Graduate,3,0.0,False,True,PM Kisan,Agriculture,False,940
26,Female,Tamil Nadu,General,653654.95,Government Employee,Employed,Graduate,3,0.0,False,True,Post Matric Scholarship,Education,False,940
26,Female,Tamil Nadu,General,653654.95,Government Employee,Employed,Graduate,3,0.0,False,True,Ayushman Bharat,Healthcare,False,940
26,Female,Tamil Nadu,General,653654.95,Government Employee,Employed,Graduate,3,0.0,False,True,PM Awas Yojana,Housing,False,940
26,Female,Tamil Nadu,General,653654.95,Government Employee,Employed,Graduate,3,0.0,False,True,Skill India,Employment,False,940
32,Other,Maharashtra,SC,1035847.39,Private Employee,Employed,Graduate,5,0.0,False,True,PM Kisan,Agriculture,False,941
32,Other,Maharashtra,SC,1035847.39,Private Employee,Employed,Graduate,5,0.0,False,True,Post Matric Scholarship,Education,False,941
32,Other,Maharashtra,SC,1035847.39,Private Employee,Employed,Graduate,5,0.0,False,True,Ayushman Bharat,Healthcare,False,941
32,Other,Maharashtra,SC,1035847.39,Private Employee,Employed,Graduate,5,0.0,False,True,PM Awas Yojana,Housing,False,941
32,Other,Maharashtra,SC,1035847.39,Private Employee,Employed,Graduate,5,0.0,False,True,Skill India,Employment,False,941
44,Female,Delhi,OBC,1412249.83,Private Employee,Employed,Diploma,4,0.0,False,False,PM Kisan,Agriculture,False,942
44,Female,Delhi,OBC,1412249.83,Private Employee,Employed,Diploma,4,0.0,False,False,Post Matric Scholarship,Education,False,942
44,Female,Delhi,OBC,1412249.83,Private Employee,Employed,Diploma,4,0.0,False,False,Ayushman Bharat,Healthcare,False,942
44,Female,Delhi,OBC,1412249.83,Private Employee,Employed,Diploma,4,0.0,False,False,PM Awas Yojana,Housing,False,942
44,Female,Delhi,OBC,1412249.83,Private Employee,Employed,Diploma,4,0.0,False,False,Skill India,Employment,False,942
54,Male,Tamil Nadu,ST,88394.53,Farmer,Self-Employed,Secondary,7,3.69,False,False,PM Kisan,Agriculture,True,943
54,Male,Tamil Nadu,ST,88394.53,Farmer,Self-Employed,Secondary,7,3.69,False,False,Post Matric Scholarship,Education,False,943
54,Male,Tamil Nadu,ST,88394.53,Farmer,Self-Employed,Secondary,7,3.69,False,False,Ayushman Bharat,Healthcare,False,943
54,Male,Tamil Nadu,ST,88394.53,Farmer,Self-Employed,Secondary,7,3.69,False,False,PM Awas Yojana,Housing,False,943
54,Male,Tamil Nadu,ST,88394.53,Farmer,Self-Employed,Secondary,7,3.69,False,False,Skill India,Employment,False,943
46,Male,Karnataka,General,641670.43,Business,Self-Employed,Higher Secondary,3,0.67,False,True,PM Kisan,Agriculture,False,944
46,Male,Karnataka,General,641670.43,Business,Self-Employed,Higher Secondary,3,0.67,False,True,Post Matric Scholarship,Education,False,944
46,Male,Karnataka,General,641670.43,Business,Self-Employed,Higher Secondary,3,0.67,False,True,Ayushman Bharat,Healthcare,False,944
46,Male,Karnataka,General,641670.43,Business,Self-Employed,Higher Secondary,3,0.67,False,True,PM Awas Yojana,Housing,False,944
46,Male,Karnataka,General,641670.43,Business,Self-Employed,Higher Secondary,3,0.67,False,True,Skill India,Employment,False,944
22,Other,Karnataka,OBC,44709.8,Student,Student,Graduate,3,0.0,False,True,PM Kisan,Agriculture,False,945
22,Other,Karnataka,OBC,44709.8,Student,Student,Graduate,3,0.0,False,True,Post Matric Scholarship,Education,True,945
22,Other,Karnataka,OBC,44709.8,Student,Student,Graduate,3,0.0,False,True,Ayushman Bharat,Healthcare,False,945
22,Other,Karnataka,OBC,44709.8,Student,Student,Graduate,3,0.0,False,True,PM Awas Yojana,Housing,False,945
22,Other,Karnataka,OBC,44709.8,Student,Student,Graduate,3,0.0,False,True,Skill India,Employment,True,945
27,Male,Karnataka,General,1234452.27,Business,Self-Employed,Higher Secondary,2,0.91,False,True,PM Kisan,Agriculture,False,946
27,Male,Karnataka,General,1234452.27,Business,Self-Employed,Higher Secondary,2,0.91,False,True,Post Matric Scholarship,Education,False,946
27,Male,Karnataka,General,1234452.27,Business,Self-Employed,Higher Secondary,2,0.91,False,True,Ayushman Bharat,Healthcare,False,946
27,Male,Karnataka,General,1234452.27,Business,Self-Employed,Higher Secondary,2,0.91,False,True,PM Awas Yojana,Housing,False,946
27,Male,Karnataka,General,1234452.27,Business,Self-Employed,Higher Secondary,2,0.91,False,True,Skill India,Employment,False,946
53,Other,Maharashtra,SC,99194.08,Unemployed,Unemployed,Secondary,7,0.0,True,False,PM Kisan,Agriculture,False,947
53,Other,Maharashtra,SC,99194.08,Unemployed,Unemployed,Secondary,7,0.0,True,False,Post Matric Scholarship,Education,False,947
53,Other,Maharashtra,SC,99194.08,Unemployed,Unemployed,Secondary,7,0.0,True,False,Ayushman Bharat,Healthcare,True,947
53,Other,Maharashtra,SC,99194.08,Unemployed,Unemployed,Secondary,7,0.0,True,False,PM Awas Yojana,Housing,True,947
53,Other,Maharashtra,SC,99194.08,Unemployed,Unemployed,Secondary,7,0.0,True,False,Skill India,Employment,True,947
55,Male,Tamil Nadu,OBC,164393.62,Farmer,Self-Employed,Higher Secondary,4,4.36,True,True,PM Kisan,Agriculture,True,948
55,Male,Tamil Nadu,OBC,164393.62,Farmer,Self-Employed,Higher Secondary,4,4.36,True,True,Post Matric Scholarship,Education,False,948
55,Male,Tamil Nadu,OBC,164393.62,Farmer,Self-Employed,Higher Secondary,4,4.36,True,True,Ayushman Bharat,Healthcare,True,948
55,Male,Tamil Nadu,OBC,164393.62,Farmer,Self-Employed,Higher Secondary,4,4.36,True,True,PM Awas Yojana,Housing,True,948
55,Male,Tamil Nadu,OBC,164393.62,Farmer,Self-Employed,Higher Secondary,4,4.36,True,True,Skill India,Employment,False,948
35,Male,Tamil Nadu,General,772906.79,Private Employee,Employed,Graduate,4,0.0,False,True,PM Kisan,Agriculture,False,949
35,Male,Tamil Nadu,General,772906.79,Private Employee,Employed,Graduate,4,0.0,False,True,Post Matric Scholarship,Education,False,949
35,Male,Tamil Nadu,General,772906.79,Private Employee,Employed,Graduate,4,0.0,False,True,Ayushman Bharat,Healthcare,False,949
35,Male,Tamil Nadu,General,772906.79,Private Employee,Employed,Graduate,4,0.0,False,True,PM Awas Yojana,Housing,False,949
35,Male,Tamil Nadu,General,772906.79,Private Employee,Employed,Graduate,4,0.0,False,True,Skill India,Employment,False,949
39,Female,Tamil Nadu,OBC,885115.84,Private Employee,Employed,Post Graduate,4,0.0,False,False,PM Kisan,Agriculture,False,950
39,Female,Tamil Nadu,OBC,885115.84,Private Employee,Employed,Post Graduate,4,0.0,False,False,Post Matric Scholarship,Education,False,950
39,Female,Tamil Nadu,OBC,885115.84,Private Employee,Employed,Post Graduate,4,0.0,False,False,Ayushman Bharat,Healthcare,False,950
39,Female,Tamil Nadu,OBC,885115.84,Private Employee,Employed,Post Graduate,4,0.0,False,False,PM Awas Yojana,Housing,False,950
39,Female,Tamil Nadu,OBC,885115.84,Private Employee,Employed,Post Graduate,4,0.0,False,False,Skill India,Employment,False,950
37,Female,Delhi,ST,57244.04,Unemployed,Unemployed,Secondary,4,0.0,False,True,PM Kisan,Agriculture,False,951
37,Female,Delhi,ST,57244.04,Unemployed,Unemployed,Secondary,4,0.0,False,True,Post Matric Scholarship,Education,False,951
37,Female,Delhi,ST,57244.04,Unemployed,Unemployed,Secondary,4,0.0,False,True,Ayushman Bharat,Healthcare,False,951
37,Female,Delhi,ST,57244.04,Unemployed,Unemployed,Secondary,4,0.0,False,True,PM Awas Yojana,Housing,False,951
37,Female,Delhi,ST,57244.04,Unemployed,Unemployed,Secondary,4,0.0,False,True,Skill India,Employment,True,951
24,Female,Tamil Nadu,SC,1078534.85,Private Employee,Employed,Post Graduate,4,0.0,False,False,PM Kisan,Agriculture,False,952
24,Female,Tamil Nadu,SC,1078534.85,Private Employee,Employed,Post Graduate,4,0.0,False,False,Post Matric Scholarship,Education,False,952
24,Female,Tamil Nadu,SC,1078534.85,Private Employee,Employed,Post Graduate,4,0.0,False,False,Ayushman Bharat,Healthcare,False,952
24,Female,Tamil Nadu,SC,1078534.85,Private Employee,Employed,Post Graduate,4,0.0,False,False,PM Awas Yojana,Housing,False,952
24,Female,Tamil Nadu,SC,1078534.85,Private Employee,Employed,Post Graduate,4,0.0,False,False,Skill India,Employment,False,952
25,Other,Maharashtra,SC,0.0,Homemaker,Unemployed,Higher Secondary,6,0.98,False,False,PM Kisan,Agriculture,False,953
25,Other,Maharashtra,SC,0.0,Homemaker,Unemployed,Higher Secondary,6,0.98,False,False,Post Matric Scholarship,Education,False,953
25,Other,Maharashtra,SC,0.0,Homemaker,Unemployed,Higher Secondary,6,0.98,False,False,Ayushman Bharat,Healthcare,False,953
25,Other,Maharashtra,SC,0.0,Homemaker,Unemployed,Higher Secondary,6,0.98,False,False,PM Awas Yojana,Housing,False,953
25,Other,Maharashtra,SC,0.0,Homemaker,Unemployed,Higher Secondary,6,0.98,False,False,Skill India,Employment,False,953
24,Other,Delhi,SC,0.0,Homemaker,Unemployed,Primary,6,1.54,False,False,PM Kisan,Agriculture,False,954
24,Other,Delhi,SC,0.0,Homemaker,Unemployed,Primary,6,1.54,False,False,Post Matric Scholarship,Education,False,954
24,Other,Delhi,SC,0.0,Homemaker,Unemployed,Primary,6,1.54,False,False,Ayushman Bharat,Healthcare,False,954
24,Other,Delhi,SC,0.0,Homemaker,Unemployed,Primary,6,1.54,False,False,PM Awas Yojana,Housing,False,954
24,Other,Delhi,SC,0.0,Homemaker,Unemployed,Primary,6,1.54,False,False,Skill India,Employment,False,954
41,Female,Delhi,General,401742.72,Farmer,Self-Employed,Primary,6,2.71,False,True,PM Kisan,Agriculture,False,955
41,Female,Delhi,General,401742.72,Farmer,Self-Employed,Primary,6,2.71,False,True,Post Matric Scholarship,Education,False,955
41,Female,Delhi,General,401742.72,Farmer,Self-Employed,Primary,6,2.71,False,True,Ayushman Bharat,Healthcare,False,955
41,Female,Delhi,General,401742.72,Farmer,Self-Employed,Primary,6,2.71,False,True,PM Awas Yojana,Housing,False,955
41,Female,Delhi,General,401742.72,Farmer,Self-Employed,Primary,6,2.71,False,True,Skill India,Employment,False,955
78,Other,Delhi,ST,547513.82,Retired,Retired,Secondary,3,1.25,False,False,PM Kisan,Agriculture,False,956
78,Other,Delhi,ST,547513.82,Retired,Retired,Secondary,3,1.25,False,False,Post Matric Scholarship,Education,False,956
78,Other,Delhi,ST,547513.82,Retired,Retired,Secondary,3,1.25,False,False,Ayushman Bharat,Healthcare,False,956
78,Other,Delhi,ST,547513.82,Retired,Retired,Secondary,3,1.25,False,False,PM Awas Yojana,Housing,False,956
78,Other,Delhi,ST,547513.82,Retired,Retired,Secondary,3,1.25,False,False,Skill India,Employment,False,956
18,Other,Karnataka,SC,97625.77,Student,Student,Diploma,4,0.0,False,False,PM Kisan,Agriculture,False,957
18,Other,Karnataka,SC,97625.77,Student,Student,Diploma,4,0.0,False,False,Post Matric Scholarship,Education,False,957
18,Other,Karnataka,SC,97625.77,Student,Student,Diploma,4,0.0,False,False,Ayushman Bharat,Healthcare,False,957
18,Other,Karnataka,SC,97625.77,Student,Student,Diploma,4,0.0,False,False,PM Awas Yojana,Housing,False,957
18,Other,Karnataka,SC,97625.77,Student,Student,Diploma,4,0.0,False,False,Skill India,Employment,False,957
45,Male,Tamil Nadu,ST,245520.98,Farmer,Self-Employed,Secondary,4,5.47,True,True,PM Kisan,Agriculture,False,958
45,Male,Tamil Nadu,ST,245520.98,Farmer,Self-Employed,Secondary,4,5.47,True,True,Post Matric Scholarship,Education,False,958
45,Male,Tamil Nadu,ST,245520.98,Farmer,Self-Employed,Secondary,4,5.47,True,True,Ayushman Bharat,Healthcare,True,958
45,Male,Tamil Nadu,ST,245520.98,Farmer,Self-Employed,Secondary,4,5.47,True,True,PM Awas Yojana,Housing,True,958
45,Male,Tamil Nadu,ST,245520.98,Farmer,Self-Employed,Secondary,4,5.47,True,True,Skill India,Employment,False,958
23,Female,Maharashtra,SC,5405.56,Student,Student,Higher Secondary,4,0.0,True,True,PM Kisan,Agriculture,False,959
23,Female,Maharashtra,SC,5405.56,Student,Student,Higher Secondary,4,0.0,True,True,Post Matric Scholarship,Education,True,959
23,Female,Maharashtra,SC,5405.56,Student,Student,Higher Secondary,4,0.0,True,True,Ayushman Bharat,Healthcare,True,959
23,Female,Maharashtra,SC,5405.56,Student,Student,Higher Secondary,4,0.0,True,True,PM Awas Yojana,Housing,True,959
23,Female,Maharashtra,SC,5405.56,Student,Student,Higher Secondary,4,0.0,True,True,Skill India,Employment,True,959
29,Female,Maharashtra,ST,108986.89,Farmer,Self-Employed,Higher Secondary,5,5.33,False,True,PM Kisan,Agriculture,True,960
29,Female,Maharashtra,ST,108986.89,Farmer,Self-Employed,Higher Secondary,5,5.33,False,True,Post Matric Scholarship,Education,False,960
29,Female,Maharashtra,ST,108986.89,Farmer,Self-Employed,Higher Secondary,5,5.33,False,True,Ayushman Bharat,Healthcare,False,960
29,Female,Maharashtra,ST,108986.89,Farmer,Self-Employed,Higher Secondary,5,5.33,False,True,PM Awas Yojana,Housing,False,960
29,Female,Maharashtra,ST,108986.89,Farmer,Self-Employed,Higher Secondary,5,5.33,False,True,Skill India,Employment,False,960
60,Female,Kerala,ST,1137888.26,Private Employee,Employed,Post Graduate,4,0.0,False,True,PM Kisan,Agriculture,False,961
60,Female,Kerala,ST,1137888.26,Private Employee,Employed,Post Graduate,4,0.0,False,True,Post Matric Scholarship,Education,False,961
60,Female,Kerala,ST,1137888.26,Private Employee,Employed,Post Graduate,4,0.0,False,True,Ayushman Bharat,Healthcare,False,961
60,Female,Kerala,ST,1137888.26,Private Employee,Employed,Post Graduate,4,0.0,False,True,PM Awas Yojana,Housing,False,961
60,Female,Kerala,ST,1137888.26,Private Employee,Employed,Post Graduate,4,0.0,False,True,Skill India,Employment,False,961
67,Female,Kerala,SC,194878.28,Retired,Retired,Post Graduate,6,3.58,False,True,PM Kisan,Agriculture,False,962
67,Female,Kerala,SC,194878.28,Retired,Retired,Post Graduate,6,3.58,False,True,Post Matric Scholarship,Education,False,962
67,Female,Kerala,SC,194878.28,Retired,Retired,Post Graduate,6,3.58,False,True,Ayushman Bharat,Healthcare,False,962
67,Female,Kerala,SC,194878.28,Retired,Retired,Post Graduate,6,3.58,False,True,PM Awas Yojana,Housing,False,962
67,Female,Kerala,SC,194878.28,Retired,Retired,Post Graduate,6,3.58,False,True,Skill India,Employment,False,962
26,Male,Delhi,General,1857216.18,Business,Self-Employed,Graduate,3,4.89,False,False,PM Kisan,Agriculture,False,963
26,Male,Delhi,General,1857216.18,Business,Self-Employed,Graduate,3,4.89,False,False,Post Matric Scholarship,Education,False,963
26,Male,Delhi,General,1857216.18,Business,Self-Employed,Graduate,3,4.89,False,False,Ayushman Bharat,Healthcare,False,963
26,Male,Delhi,General,1857216.18,Business,Self-Employed,Graduate,3,4.89,False,False,PM Awas Yojana,Housing,False,963
26,Male,Delhi,General,1857216.18,Business,Self-Employed,Graduate,3,4.89,False,False,Skill India,Employment,False,963
27,Female,Karnataka,ST,310437.59,Government Employee,Employed,Graduate,2,0.0,False,True,PM Kisan,Agriculture,False,964
27,Female,Karnataka,ST,310437.59,Government Employee,Employed,Graduate,2,0.0,False,True,Post Matric Scholarship,Education,False,964
27,Female,Karnataka,ST,310437.59,Government Employee,Employed,Graduate,2,0.0,False,True,Ayushman Bharat,Healthcare,False,964
27,Female,Karnataka,ST,310437.59,Government Employee,Employed,Graduate,2,0.0,False,True,PM Awas Yojana,Housing,False,964
27,Female,Karnataka,ST,310437.59,Government Employee,Employed,Graduate,2,0.0,False,True,Skill India,Employment,False,964
37,Female,Kerala,General,0.0,Homemaker,Unemployed,Graduate,5,1.08,False,False,PM Kisan,Agriculture,False,965
37,Female,Kerala,General,0.0,Homemaker,Unemployed,Graduate,5,1.08,False,False,Post Matric Scholarship,Education,False,965
37,Female,Kerala,General,0.0,Homemaker,Unemployed,Graduate,5,1.08,False,False,Ayushman Bharat,Healthcare,False,965
37,Female,Kerala,General,0.0,Homemaker,Unemployed,Graduate,5,1.08,False,False,PM Awas Yojana,Housing,False,965
37,Female,Kerala,General,0.0,Homemaker,Unemployed,Graduate,5,1.08,False,False,Skill India,Employment,False,965
21,Female,Delhi,SC,333554.67,Private Employee,Employed,Graduate,4,0.0,False,False,PM Kisan,Agriculture,False,966
21,Female,Delhi,SC,333554.67,Private Employee,Employed,Graduate,4,0.0,False,False,Post Matric Scholarship,Education,False,966
21,Female,Delhi,SC,333554.67,Private Employee,Employed,Graduate,4,0.0,False,False,Ayushman Bharat,Healthcare,False,966
21,Female,Delhi,SC,333554.67,Private Employee,Employed,Graduate,4,0.0,False,False,PM Awas Yojana,Housing,False,966
21,Female,Delhi,SC,333554.67,Private Employee,Employed,Graduate,4,0.0,False,False,Skill India,Employment,False,966
19,Female,Maharashtra,SC,62297.2,Student,Student,Graduate,4,0.0,False,True,PM Kisan,Agriculture,False,967
19,Female,Maharashtra,SC,62297.2,Student,Student,Graduate,4,0.0,False,True,Post Matric Scholarship,Education,True,967
19,Female,Maharashtra,SC,62297.2,Student,Student,Graduate,4,0.0,False,True,Ayushman Bharat,Healthcare,False,967
19,Female,Maharashtra,SC,62297.2,Student,Student,Graduate,4,0.0,False,True,PM Awas Yojana,Housing,False,967
19,Female,Maharashtra,SC,62297.2,Student,Student,Graduate,4,0.0,False,True,Skill India,Employment,True,967
24,Other,Kerala,General,0.0,Homemaker,Unemployed,Secondary,7,1.64,False,True,PM Kisan,Agriculture,False,968
24,Other,Kerala,General,0.0,Homemaker,Unemployed,Secondary,7,1.64,False,True,Post Matric Scholarship,Education,False,968
24,Other,Kerala,General,0.0,Homemaker,Unemployed,Secondary,7,1.64,False,True,Ayushman Bharat,Healthcare,False,968
24,Other,Kerala,General,0.0,Homemaker,Unemployed,Secondary,7,1.64,False,True,PM Awas Yojana,Housing,False,968
24,Other,Kerala,General,0.0,Homemaker,Unemployed,Secondary,7,1.64,False,True,Skill India,Employment,False,968
34,Male,Delhi,ST,0.0,Homemaker,Unemployed,Higher Secondary,7,2.93,False,False,PM Kisan,Agriculture,False,969
34,Male,Delhi,ST,0.0,Homemaker,Unemployed,Higher Secondary,7,2.93,False,False,Post Matric Scholarship,Education,False,969
34,Male,Delhi,ST,0.0,Homemaker,Unemployed,Higher Secondary,7,2.93,False,False,Ayushman Bharat,Healthcare,False,969
34,Male,Delhi,ST,0.0,Homemaker,Unemployed,Higher Secondary,7,2.93,False,False,PM Awas Yojana,Housing,False,969
34,Male,Delhi,ST,0.0,Homemaker,Unemployed,Higher Secondary,7,2.93,False,False,Skill India,Employment,False,969
53,Male,Delhi,SC,702909.43,Business,Self-Employed,Higher Secondary,3,0.42,False,False,PM Kisan,Agriculture,False,970
53,Male,Delhi,SC,702909.43,Business,Self-Employed,Higher Secondary,3,0.42,False,False,Post Matric Scholarship,Education,False,970
53,Male,Delhi,SC,702909.43,Business,Self-Employed,Higher Secondary,3,0.42,False,False,Ayushman Bharat,Healthcare,False,970
53,Male,Delhi,SC,702909.43,Business,Self-Employed,Higher Secondary,3,0.42,False,False,PM Awas Yojana,Housing,False,970
53,Male,Delhi,SC,702909.43,Business,Self-Employed,Higher Secondary,3,0.42,False,False,Skill India,Employment,False,970
60,Other,Karnataka,ST,543900.51,Government Employee,Employed,Post Graduate,5,0.0,False,False,PM Kisan,Agriculture,False,971
60,Other,Karnataka,ST,543900.51,Government Employee,Employed,Post Graduate,5,0.0,False,False,Post Matric Scholarship,Education,False,971
60,Other,Karnataka,ST,543900.51,Government Employee,Employed,Post Graduate,5,0.0,False,False,Ayushman Bharat,Healthcare,False,971
60,Other,Karnataka,ST,543900.51,Government Employee,Employed,Post Graduate,5,0.0,False,False,PM Awas Yojana,Housing,False,971
60,Other,Karnataka,ST,543900.51,Government Employee,Employed,Post Graduate,5,0.0,False,False,Skill India,Employment,False,971
67,Other,Delhi,ST,571628.85,Retired,Retired,Graduate,3,3.69,False,True,PM Kisan,Agriculture,False,972
67,Other,Delhi,ST,571628.85,Retired,Retired,Graduate,3,3.69,False,True,Post Matric Scholarship,Education,False,972
67,Other,Delhi,ST,571628.85,Retired,Retired,Graduate,3,3.69,False,True,Ayushman Bharat,Healthcare,False,972
67,Other,Delhi,ST,571628.85,Retired,Retired,Graduate,3,3.69,False,True,PM Awas Yojana,Housing,False,972
67,Other,Delhi,ST,571628.85,Retired,Retired,Graduate,3,3.69,False,True,Skill India,Employment,False,972
47,Other,Maharashtra,General,1185143.54,Business,Self-Employed,Post Graduate,2,2.15,False,True,PM Kisan,Agriculture,False,973
47,Other,Maharashtra,General,1185143.54,Business,Self-Employed,Post Graduate,2,2.15,False,True,Post Matric Scholarship,Education,False,973
47,Other,Maharashtra,General,1185143.54,Business,Self-Employed,Post Graduate,2,2.15,False,True,Ayushman Bharat,Healthcare,False,973
47,Other,Maharashtra,General,1185143.54,Business,Self-Employed,Post Graduate,2,2.15,False,True,PM Awas Yojana,Housing,False,973
47,Other,Maharashtra,General,1185143.54,Business,Self-Employed,Post Graduate,2,2.15,False,True,Skill India,Employment,False,973
34,Other,Karnataka,ST,58483.48,Farmer,Self-Employed,Higher Secondary,5,3.34,True,False,PM Kisan,Agriculture,True,974
34,Other,Karnataka,ST,58483.48,Farmer,Self-Employed,Higher Secondary,5,3.34,True,False,Post Matric Scholarship,Education,False,974
34,Other,Karnataka,ST,58483.48,Farmer,Self-Employed,Higher Secondary,5,3.34,True,False,Ayushman Bharat,Healthcare,True,974
34,Other,Karnataka,ST,58483.48,Farmer,Self-Employed,Higher Secondary,5,3.34,True,False,PM Awas Yojana,Housing,True,974
34,Other,Karnataka,ST,58483.48,Farmer,Self-Employed,Higher Secondary,5,3.34,True,False,Skill India,Employment,False,974
23,Female,Tamil Nadu,General,778247.33,Government Employee,Employed,Graduate,6,0.0,False,False,PM Kisan,Agriculture,False,975
23,Female,Tamil Nadu,General,778247.33,Government Employee,Employed,Graduate,6,0.0,False,False,Post Matric Scholarship,Education,False,975
23,Female,Tamil Nadu,General,778247.33,Government Employee,Employed,Graduate,6,0.0,False,False,Ayushman Bharat,Healthcare,False,975
23,Female,Tamil Nadu,General,778247.33,Government Employee,Employed,Graduate,6,0.0,False,False,PM Awas Yojana,Housing,False,975
23,Female,Tamil Nadu,General,778247.33,Government Employee,Employed,Graduate,6,0.0,False,False,Skill India,Employment,False,975
18,Male,Delhi,ST,90347.66,Student,Student,Diploma,5,0.0,False,False,PM Kisan,Agriculture,False,976
18,Male,Delhi,ST,90347.66,Student,Student,Diploma,5,0.0,False,False,Post Matric Scholarship,Education,False,976
18,Male,Delhi,ST,90347.66,Student,Student,Diploma,5,0.0,False,False,Ayushman Bharat,Healthcare,False,976
18,Male,Delhi,ST,90347.66,Student,Student,Diploma,5,0.0,False,False,PM Awas Yojana,Housing,False,976
18,Male,Delhi,ST,90347.66,Student,Student,Diploma,5,0.0,False,False,Skill India,Employment,False,976
35,Male,Delhi,SC,1521995.25,Business,Self-Employed,Graduate,5,1.34,False,False,PM Kisan,Agriculture,False,977
35,Male,Delhi,SC,1521995.25,Business,Self-Employed,Graduate,5,1.34,False,False,Post Matric Scholarship,Education,False,977
35,Male,Delhi,SC,1521995.25,Business,Self-Employed,Graduate,5,1.34,False,False,Ayushman Bharat,Healthcare,False,977
35,Male,Delhi,SC,1521995.25,Business,Self-Employed,Graduate,5,1.34,False,False,PM Awas Yojana,Housing,False,977
35,Male,Delhi,SC,1521995.25,Business,Self-Employed,Graduate,5,1.34,False,False,Skill India,Employment,False,977
19,Other,Karnataka,ST,71110.09,Student,Student,Diploma,3,0.0,True,False,PM Kisan,Agriculture,False,978
19,Other,Karnataka,ST,71110.09,Student,Student,Diploma,3,0.0,True,False,Post Matric Scholarship,Education,False,978
19,Other,Karnataka,ST,71110.09,Student,Student,Diploma,3,0.0,True,False,Ayushman Bharat,Healthcare,True,978
19,Other,Karnataka,ST,71110.09,Student,Student,Diploma,3,0.0,True,False,PM Awas Yojana,Housing,True,978
19,Other,Karnataka,ST,71110.09,Student,Student,Diploma,3,0.0,True,False,Skill India,Employment,False,978
39,Female,Delhi,OBC,1380159.73,Private Employee,Employed,Diploma,3,0.0,False,True,PM Kisan,Agriculture,False,979
39,Female,Delhi,OBC,1380159.73,Private Employee,Employed,Diploma,3,0.0,False,True,Post Matric Scholarship,Education,False,979
39,Female,Delhi,OBC,1380159.73,Private Employee,Employed,Diploma,3,0.0,False,True,Ayushman Bharat,Healthcare,False,979
39,Female,Delhi,OBC,1380159.73,Private Employee,Employed,Diploma,3,0.0,False,True,PM Awas Yojana,Housing,False,979
39,Female,Delhi,OBC,1380159.73,Private Employee,Employed,Diploma,3,0.0,False,True,Skill India,Employment,False,979
55,Other,Karnataka,ST,97224.98,Unemployed,Unemployed,Higher Secondary,3,0.0,True,False,PM Kisan,Agriculture,False,980
55,Other,Karnataka,ST,97224.98,Unemployed,Unemployed,Higher Secondary,3,0.0,True,False,Post Matric Scholarship,Education,False,980
55,Other,Karnataka,ST,97224.98,Unemployed,Unemployed,Higher Secondary,3,0.0,True,False,Ayushman Bharat,Healthcare,True,980
55,Other,Karnataka,ST,97224.98,Unemployed,Unemployed,Higher Secondary,3,0.0,True,False,PM Awas Yojana,Housing,True,980
55,Other,Karnataka,ST,97224.98,Unemployed,Unemployed,Higher Secondary,3,0.0,True,False,Skill India,Employment,True,980
23,Female,Delhi,SC,41970.73,Student,Student,Graduate,5,0.0,False,False,PM Kisan,Agriculture,False,981
23,Female,Delhi,SC,41970.73,Student,Student,Graduate,5,0.0,False,False,Post Matric Scholarship,Education,True,981
23,Female,Delhi,SC,41970.73,Student,Student,Graduate,5,0.0,False,False,Ayushman Bharat,Healthcare,False,981
23,Female,Delhi,SC,41970.73,Student,Student,Graduate,5,0.0,False,False,PM Awas Yojana,Housing,False,981
23,Female,Delhi,SC,41970.73,Student,Student,Graduate,5,0.0,False,False,Skill India,Employment,True,981
18,Male,Tamil Nadu,OBC,68707.01,Student,Student,Higher Secondary,4,0.0,False,False,PM Kisan,Agriculture,False,982
18,Male,Tamil Nadu,OBC,68707.01,Student,Student,Higher Secondary,4,0.0,False,False,Post Matric Scholarship,Education,True,982
18,Male,Tamil Nadu,OBC,68707.01,Student,Student,Higher Secondary,4,0.0,False,False,Ayushman Bharat,Healthcare,False,982
18,Male,Tamil Nadu,OBC,68707.01,Student,Student,Higher Secondary,4,0.0,False,False,PM Awas Yojana,Housing,False,982
18,Male,Tamil Nadu,OBC,68707.01,Student,Student,Higher Secondary,4,0.0,False,False,Skill India,Employment,True,982
44,Male,Karnataka,OBC,975820.95,Private Employee,Employed,Graduate,2,0.0,False,True,PM Kisan,Agriculture,False,983
44,Male,Karnataka,OBC,975820.95,Private Employee,Employed,Graduate,2,0.0,False,True,Post Matric Scholarship,Education,False,983
44,Male,Karnataka,OBC,975820.95,Private Employee,Employed,Graduate,2,0.0,False,True,Ayushman Bharat,Healthcare,False,983
44,Male,Karnataka,OBC,975820.95,Private Employee,Employed,Graduate,2,0.0,False,True,PM Awas Yojana,Housing,False,983
44,Male,Karnataka,OBC,975820.95,Private Employee,Employed,Graduate,2,0.0,False,True,Skill India,Employment,False,983
34,Other,Delhi,SC,681341.34,Government Employee,Employed,Graduate,3,0.0,False,False,PM Kisan,Agriculture,False,984
34,Other,Delhi,SC,681341.34,Government Employee,Employed,Graduate,3,0.0,False,False,Post Matric Scholarship,Education,False,984
34,Other,Delhi,SC,681341.34,Government Employee,Employed,Graduate,3,0.0,False,False,Ayushman Bharat,Healthcare,False,984
34,Other,Delhi,SC,681341.34,Government Employee,Employed,Graduate,3,0.0,False,False,PM Awas Yojana,Housing,False,984
34,Other,Delhi,SC,681341.34,Government Employee,Employed,Graduate,3,0.0,False,False,Skill India,Employment,False,984
40,Other,Delhi,General,1545421.29,Business,Self-Employed,Post Graduate,3,1.19,False,False,PM Kisan,Agriculture,False,985
40,Other,Delhi,General,1545421.29,Business,Self-Employed,Post Graduate,3,1.19,False,False,Post Matric Scholarship,Education,False,985
40,Other,Delhi,General,1545421.29,Business,Self-Employed,Post Graduate,3,1.19,False,False,Ayushman Bharat,Healthcare,False,985
40,Other,Delhi,General,1545421.29,Business,Self-Employed,Post Graduate,3,1.19,False,False,PM Awas Yojana,Housing,False,985
40,Other,Delhi,General,1545421.29,Business,Self-Employed,Post Graduate,3,1.19,False,False,Skill India,Employment,False,985
65,Female,Delhi,General,220514.07,Farmer,Self-Employed,Secondary,4,3.62,False,True,PM Kisan,Agriculture,False,986
65,Female,Delhi,General,220514.07,Farmer,Self-Employed,Secondary,4,3.62,False,True,Post Matric Scholarship,Education,False,986
65,Female,Delhi,General,220514.07,Farmer,Self-Employed,Secondary,4,3.62,False,True,Ayushman Bharat,Healthcare,False,986
65,Female,Delhi,General,220514.07,Farmer,Self-Employed,Secondary,4,3.62,False,True,PM Awas Yojana,Housing,False,986
65,Female,Delhi,General,220514.07,Farmer,Self-Employed,Secondary,4,3.62,False,True,Skill India,Employment,False,986
37,Male,Tamil Nadu,ST,195820.58,Farmer,Self-Employed,Higher Secondary,5,2.28,False,False,PM Kisan,Agriculture,True,987
37,Male,Tamil Nadu,ST,195820.58,Farmer,Self-Employed,Higher Secondary,5,2.28,False,False,Post Matric Scholarship,Education,False,987
37,Male,Tamil Nadu,ST,195820.58,Farmer,Self-Employed,Higher Secondary,5,2.28,False,False,Ayushman Bharat,Healthcare,False,987
37,Male,Tamil Nadu,ST,195820.58,Farmer,Self-Employed,Higher Secondary,5,2.28,False,False,PM Awas Yojana,Housing,False,987
37,Male,Tamil Nadu,ST,195820.58,Farmer,Self-Employed,Higher Secondary,5,2.28,False,False,Skill India,Employment,False,987
24,Male,Karnataka,OBC,4334.4,Student,Unemployed,Higher Secondary,6,0.0,True,False,PM Kisan,Agriculture,False,988
24,Male,Karnataka,OBC,4334.4,Student,Unemployed,Higher Secondary,6,0.0,True,False,Post Matric Scholarship,Education,False,988
24,Male,Karnataka,OBC,4334.4,Student,Unemployed,Higher Secondary,6,0.0,True,False,Ayushman Bharat,Healthcare,True,988
24,Male,Karnataka,OBC,4334.4,Student,Unemployed,Higher Secondary,6,0.0,True,False,PM Awas Yojana,Housing,True,988
24,Male,Karnataka,OBC,4334.4,Student,Unemployed,Higher Secondary,6,0.0,True,False,Skill India,Employment,True,988
48,Other,Tamil Nadu,ST,1566778.74,Business,Self-Employed,Graduate,5,0.38,False,True,PM Kisan,Agriculture,False,989
48,Other,Tamil Nadu,ST,1566778.74,Business,Self-Employed,Graduate,5,0.38,False,True,Post Matric Scholarship,Education,False,989
48,Other,Tamil Nadu,ST,1566778.74,Business,Self-Employed,Graduate,5,0.38,False,True,Ayushman Bharat,Healthcare,False,989
48,Other,Tamil Nadu,ST,1566778.74,Business,Self-Employed,Graduate,5,0.38,False,True,PM Awas Yojana,Housing,False,989
48,Other,Tamil Nadu,ST,1566778.74,Business,Self-Employed,Graduate,5,0.38,False,True,Skill India,Employment,False,989
37,Other,Delhi,ST,0.0,Homemaker,Unemployed,Higher Secondary,7,0.65,False,False,PM Kisan,Agriculture,False,990
37,Other,Delhi,ST,0.0,Homemaker,Unemployed,Higher Secondary,7,0.65,False,False,Post Matric Scholarship,Education,False,990
37,Other,Delhi,ST,0.0,Homemaker,Unemployed,Higher Secondary,7,0.65,False,False,Ayushman Bharat,Healthcare,False,990
37,Other,Delhi,ST,0.0,Homemaker,Unemployed,Higher Secondary,7,0.65,False,False,PM Awas Yojana,Housing,False,990
37,Other,Delhi,ST,0.0,Homemaker,Unemployed,Higher Secondary,7,0.65,False,False,Skill India,Employment,False,990
31,Male,Delhi,ST,0.0,Homemaker,Unemployed,Secondary,7,1.48,False,False,PM Kisan,Agriculture,False,991
31,Male,Delhi,ST,0.0,Homemaker,Unemployed,Secondary,7,1.48,False,False,Post Matric Scholarship,Education,False,991
31,Male,Delhi,ST,0.0,Homemaker,Unemployed,Secondary,7,1.48,False,False,Ayushman Bharat,Healthcare,False,991
31,Male,Delhi,ST,0.0,Homemaker,Unemployed,Secondary,7,1.48,False,False,PM Awas Yojana,Housing,False,991
31,Male,Delhi,ST,0.0,Homemaker,Unemployed,Secondary,7,1.48,False,False,Skill India,Employment,False,991
75,Male,Karnataka,OBC,186166.7,Retired,Retired,Post Graduate,4,0.08,False,False,PM Kisan,Agriculture,False,992
75,Male,Karnataka,OBC,186166.7,Retired,Retired,Post Graduate,4,0.08,False,False,Post Matric Scholarship,Education,False,992
75,Male,Karnataka,OBC,186166.7,Retired,Retired,Post Graduate,4,0.08,False,False,Ayushman Bharat,Healthcare,False,992
75,Male,Karnataka,OBC,186166.7,Retired,Retired,Post Graduate,4,0.08,False,False,PM Awas Yojana,Housing,False,992
75,Male,Karnataka,OBC,186166.7,Retired,Retired,Post Graduate,4,0.08,False,False,Skill India,Employment,False,992
23,Other,Maharashtra,OBC,0.0,Homemaker,Unemployed,Higher Secondary,8,1.84,False,True,PM Kisan,Agriculture,False,993
23,Other,Maharashtra,OBC,0.0,Homemaker,Unemployed,Higher Secondary,8,1.84,False,True,Post Matric Scholarship,Education,False,993
23,Other,Maharashtra,OBC,0.0,Homemaker,Unemployed,Higher Secondary,8,1.84,False,True,Ayushman Bharat,Healthcare,False,993
23,Other,Maharashtra,OBC,0.0,Homemaker,Unemployed,Higher Secondary,8,1.84,False,True,PM Awas Yojana,Housing,False,993
23,Other,Maharashtra,OBC,0.0,Homemaker,Unemployed,Higher Secondary,8,1.84,False,True,Skill India,Employment,False,993
34,Other,Karnataka,SC,1181043.85,Private Employee,Employed,Graduate,2,0.0,False,False,PM Kisan,Agriculture,False,994
34,Other,Karnataka,SC,1181043.85,Private Employee,Employed,Graduate,2,0.0,False,False,Post Matric Scholarship,Education,False,994
34,Other,Karnataka,SC,1181043.85,Private Employee,Employed,Graduate,2,0.0,False,False,Ayushman Bharat,Healthcare,False,994
34,Other,Karnataka,SC,1181043.85,Private Employee,Employed,Graduate,2,0.0,False,False,PM Awas Yojana,Housing,False,994
34,Other,Karnataka,SC,1181043.85,Private Employee,Employed,Graduate,2,0.0,False,False,Skill India,Employment,False,994
33,Other,Maharashtra,SC,30929.2,Unemployed,Unemployed,Primary,5,0.0,True,True,PM Kisan,Agriculture,False,995
33,Other,Maharashtra,SC,30929.2,Unemployed,Unemployed,Primary,5,0.0,True,True,Post Matric Scholarship,Education,False,995
33,Other,Maharashtra,SC,30929.2,Unemployed,Unemployed,Primary,5,0.0,True,True,Ayushman Bharat,Healthcare,True,995
33,Other,Maharashtra,SC,30929.2,Unemployed,Unemployed,Primary,5,0.0,True,True,PM Awas Yojana,Housing,True,995
33,Other,Maharashtra,SC,30929.2,Unemployed,Unemployed,Primary,5,0.0,True,True,Skill India,Employment,False,995
60,Female,Karnataka,OBC,354380.54,Farmer,Self-Employed,Primary,5,6.73,False,True,PM Kisan,Agriculture,False,996
60,Female,Karnataka,OBC,354380.54,Farmer,Self-Employed,Primary,5,6.73,False,True,Post Matric Scholarship,Education,False,996
60,Female,Karnataka,OBC,354380.54,Farmer,Self-Employed,Primary,5,6.73,False,True,Ayushman Bharat,Healthcare,False,996
60,Female,Karnataka,OBC,354380.54,Farmer,Self-Employed,Primary,5,6.73,False,True,PM Awas Yojana,Housing,False,996
60,Female,Karnataka,OBC,354380.54,Farmer,Self-Employed,Primary,5,6.73,False,True,Skill India,Employment,False,996
54,Other,Kerala,OBC,145294.07,Farmer,Self-Employed,Secondary,5,6.81,False,True,PM Kisan,Agriculture,True,997
54,Other,Kerala,OBC,145294.07,Farmer,Self-Employed,Secondary,5,6.81,False,True,Post Matric Scholarship,Education,False,997
54,Other,Kerala,OBC,145294.07,Farmer,Self-Employed,Secondary,5,6.81,False,True,Ayushman Bharat,Healthcare,False,997
54,Other,Kerala,OBC,145294.07,Farmer,Self-Employed,Secondary,5,6.81,False,True,PM Awas Yojana,Housing,False,997
54,Other,Kerala,OBC,145294.07,Farmer,Self-Employed,Secondary,5,6.81,False,True,Skill India,Employment,False,997
50,Other,Kerala,ST,0.0,Homemaker,Unemployed,Secondary,3,0.2,True,True,PM Kisan,Agriculture,False,998
50,Other,Kerala,ST,0.0,Homemaker,Unemployed,Secondary,3,0.2,True,True,Post Matric Scholarship,Education,False,998
50,Other,Kerala,ST,0.0,Homemaker,Unemployed,Secondary,3,0.2,True,True,Ayushman Bharat,Healthcare,True,998
50,Other,Kerala,ST,0.0,Homemaker,Unemployed,Secondary,3,0.2,True,True,PM Awas Yojana,Housing,True,998
50,Other,Kerala,ST,0.0,Homemaker,Unemployed,Secondary,3,0.2,True,True,Skill India,Employment,False,998
46,Male,Kerala,OBC,773083.21,Business,Self-Employed,Higher Secondary,7,3.06,False,True,PM Kisan,Agriculture,False,999
46,Male,Kerala,OBC,773083.21,Business,Self-Employed,Higher Secondary,7,3.06,False,True,Post Matric Scholarship,Education,False,999
46,Male,Kerala,OBC,773083.21,Business,Self-Employed,Higher Secondary,7,3.06,False,True,Ayushman Bharat,Healthcare,False,999
46,Male,Kerala,OBC,773083.21,Business,Self-Employed,Higher Secondary,7,3.06,False,True,PM Awas Yojana,Housing,False,999
46,Male,Kerala,OBC,773083.21,Business,Self-Employed,Higher Secondary,7,3.06,False,True,Skill India,Employment,False,999
38,Male,Tamil Nadu,ST,798358.81,Private Employee,Employed,Diploma,5,0.0,False,True,PM Kisan,Agriculture,False,1000
38,Male,Tamil Nadu,ST,798358.81,Private Employee,Employed,Diploma,5,0.0,False,True,Post Matric Scholarship,Education,False,1000
38,Male,Tamil Nadu,ST,798358.81,Private Employee,Employed,Diploma,5,0.0,False,True,Ayushman Bharat,Healthcare,False,1000
38,Male,Tamil Nadu,ST,798358.81,Private Employee,Employed,Diploma,5,0.0,False,True,PM Awas Yojana,Housing,False,1000
38,Male,Tamil Nadu,ST,798358.81,Private Employee,Employed,Diploma,5,0.0,False,True,Skill India,Employment,False,1000
